state_abbrev,name,unit_type,unit_number,fips_code,is_statewide,geo_data_complete,sort_order,notes,slug
PA,Statewide,Statewide,,,TRUE,TRUE,1,Licenses not tied to a specific sub-unit,pa-statewide
PA,Adams,County,1,42001,FALSE,TRUE,2,,pa-adams
PA,Allegheny,County,2,42003,FALSE,TRUE,3,,pa-allegheny
PA,Armstrong,County,3,42005,FALSE,TRUE,4,,pa-armstrong
PA,Beaver,County,4,42007,FALSE,TRUE,5,,pa-beaver
PA,Bedford,County,5,42009,FALSE,TRUE,6,,pa-bedford
PA,Berks,County,6,42011,FALSE,TRUE,7,,pa-berks
PA,Blair,County,7,42013,FALSE,TRUE,8,,pa-blair
PA,Bradford,County,8,42015,FALSE,TRUE,9,,pa-bradford
PA,Bucks,County,9,42017,FALSE,TRUE,10,,pa-bucks
PA,Butler,County,10,42019,FALSE,TRUE,11,,pa-butler
PA,Cambria,County,11,42021,FALSE,TRUE,12,,pa-cambria
PA,Cameron,County,12,42023,FALSE,TRUE,13,,pa-cameron
PA,Carbon,County,13,42025,FALSE,TRUE,14,,pa-carbon
PA,Centre,County,14,42027,FALSE,TRUE,15,,pa-centre
PA,Chester,County,15,42029,FALSE,TRUE,16,,pa-chester
PA,Clarion,County,16,42031,FALSE,TRUE,17,,pa-clarion
PA,Clearfield,County,17,42033,FALSE,TRUE,18,,pa-clearfield
PA,Clinton,County,18,42035,FALSE,TRUE,19,,pa-clinton
PA,Columbia,County,19,42037,FALSE,TRUE,20,,pa-columbia
PA,Crawford,County,20,42039,FALSE,TRUE,21,,pa-crawford
PA,Cumberland,County,21,42041,FALSE,TRUE,22,,pa-cumberland
PA,Dauphin,County,22,42043,FALSE,TRUE,23,,pa-dauphin
PA,Delaware,County,23,42045,FALSE,TRUE,24,,pa-delaware
PA,Elk,County,24,42047,FALSE,TRUE,25,,pa-elk
PA,Erie,County,25,42049,FALSE,TRUE,26,,pa-erie
PA,Fayette,County,26,42051,FALSE,TRUE,27,,pa-fayette
PA,Forest,County,27,42053,FALSE,TRUE,28,,pa-forest
PA,Franklin,County,28,42055,FALSE,TRUE,29,,pa-franklin
PA,Fulton,County,29,42057,FALSE,TRUE,30,,pa-fulton
PA,Greene,County,30,42059,FALSE,TRUE,31,,pa-greene
PA,Huntingdon,County,31,42061,FALSE,TRUE,32,,pa-huntingdon
PA,Indiana,County,32,42063,FALSE,TRUE,33,,pa-indiana
PA,Jefferson,County,33,42065,FALSE,TRUE,34,,pa-jefferson
PA,Juniata,County,34,42067,FALSE,TRUE,35,,pa-juniata
PA,Lackawanna,County,35,42069,FALSE,TRUE,36,,pa-lackawanna
PA,Lancaster,County,36,42071,FALSE,TRUE,37,,pa-lancaster
PA,Lawrence,County,37,42073,FALSE,TRUE,38,,pa-lawrence
PA,Lebanon,County,38,42075,FALSE,TRUE,39,,pa-lebanon
PA,Lehigh,County,39,42077,FALSE,TRUE,40,,pa-lehigh
PA,Luzerne,County,40,42079,FALSE,TRUE,41,,pa-luzerne
PA,Lycoming,County,41,42081,FALSE,TRUE,42,,pa-lycoming
PA,McKean,County,42,42083,FALSE,TRUE,43,,pa-mckean
PA,Mercer,County,43,42085,FALSE,TRUE,44,,pa-mercer
PA,Mifflin,County,44,42087,FALSE,TRUE,45,,pa-mifflin
PA,Monroe,County,45,42089,FALSE,TRUE,46,,pa-monroe
PA,Montgomery,County,46,42091,FALSE,TRUE,47,,pa-montgomery
PA,Montour,County,47,42093,FALSE,TRUE,48,,pa-montour
PA,Northampton,County,48,42095,FALSE,TRUE,49,,pa-northampton
PA,Northumberland,County,49,42097,FALSE,TRUE,50,,pa-northumberland
PA,Perry,County,50,42099,FALSE,TRUE,51,,pa-perry
PA,Philadelphia,County,51,42101,FALSE,TRUE,52,,pa-philadelphia
PA,Pike,County,52,42103,FALSE,TRUE,53,,pa-pike
PA,Potter,County,53,42105,FALSE,TRUE,54,,pa-potter
PA,Schuylkill,County,54,42107,FALSE,TRUE,55,,pa-schuylkill
PA,Snyder,County,55,42109,FALSE,TRUE,56,,pa-snyder
PA,Somerset,County,56,42111,FALSE,TRUE,57,,pa-somerset
PA,Sullivan,County,57,42113,FALSE,TRUE,58,,pa-sullivan
PA,Susquehanna,County,58,42115,FALSE,TRUE,59,,pa-susquehanna
PA,Tioga,County,59,42117,FALSE,TRUE,60,,pa-tioga
PA,Union,County,60,42119,FALSE,TRUE,61,,pa-union
PA,Venango,County,61,42121,FALSE,TRUE,62,,pa-venango
PA,Warren,County,62,42123,FALSE,TRUE,63,,pa-warren
PA,Washington,County,63,42125,FALSE,TRUE,64,,pa-washington
PA,Wayne,County,64,42127,FALSE,TRUE,65,,pa-wayne
PA,Westmoreland,County,65,42129,FALSE,TRUE,66,,pa-westmoreland
PA,Wyoming,County,66,42131,FALSE,TRUE,67,,pa-wyoming
PA,York,County,67,42133,FALSE,TRUE,68,,pa-york
OH,Statewide,Statewide,,,TRUE,TRUE,1,Licenses not tied to a specific sub-unit,oh-statewide
OH,Adams,County,,39001,FALSE,TRUE,2,,oh-adams
OH,Allen,County,,39003,FALSE,TRUE,3,,oh-allen
OH,Ashland,County,,39005,FALSE,TRUE,4,,oh-ashland
OH,Ashtabula,County,,39007,FALSE,TRUE,5,,oh-ashtabula
OH,Athens,County,,39009,FALSE,TRUE,6,,oh-athens
OH,Auglaize,County,,39011,FALSE,TRUE,7,,oh-auglaize
OH,Belmont,County,,39013,FALSE,TRUE,8,,oh-belmont
OH,Brown,County,,39015,FALSE,TRUE,9,,oh-brown
OH,Butler,County,,39017,FALSE,TRUE,10,,oh-butler
OH,Carroll,County,,39019,FALSE,TRUE,11,,oh-carroll
OH,Champaign,County,,39021,FALSE,TRUE,12,,oh-champaign
OH,Clark,County,,39023,FALSE,TRUE,13,,oh-clark
OH,Clermont,County,,39025,FALSE,TRUE,14,,oh-clermont
OH,Clinton,County,,39027,FALSE,TRUE,15,,oh-clinton
OH,Columbiana,County,,39029,FALSE,TRUE,16,,oh-columbiana
OH,Coshocton,County,,39031,FALSE,TRUE,17,,oh-coshocton
OH,Crawford,County,,39033,FALSE,TRUE,18,,oh-crawford
OH,Cuyahoga,County,,39035,FALSE,TRUE,19,,oh-cuyahoga
OH,Darke,County,,39037,FALSE,TRUE,20,,oh-darke
OH,Defiance,County,,39039,FALSE,TRUE,21,,oh-defiance
OH,Delaware,County,,39041,FALSE,TRUE,22,,oh-delaware
OH,Erie,County,,39043,FALSE,TRUE,23,,oh-erie
OH,Fairfield,County,,39045,FALSE,TRUE,24,,oh-fairfield
OH,Fayette,County,,39047,FALSE,TRUE,25,,oh-fayette
OH,Franklin,County,,39049,FALSE,TRUE,26,,oh-franklin
OH,Fulton,County,,39051,FALSE,TRUE,27,,oh-fulton
OH,Gallia,County,,39053,FALSE,TRUE,28,,oh-gallia
OH,Geauga,County,,39055,FALSE,TRUE,29,,oh-geauga
OH,Greene,County,,39057,FALSE,TRUE,30,,oh-greene
OH,Guernsey,County,,39059,FALSE,TRUE,31,,oh-guernsey
OH,Hamilton,County,,39061,FALSE,TRUE,32,,oh-hamilton
OH,Hancock,County,,39063,FALSE,TRUE,33,,oh-hancock
OH,Hardin,County,,39065,FALSE,TRUE,34,,oh-hardin
OH,Harrison,County,,39067,FALSE,TRUE,35,,oh-harrison
OH,Henry,County,,39069,FALSE,TRUE,36,,oh-henry
OH,Highland,County,,39071,FALSE,TRUE,37,,oh-highland
OH,Hocking,County,,39073,FALSE,TRUE,38,,oh-hocking
OH,Holmes,County,,39075,FALSE,TRUE,39,,oh-holmes
OH,Huron,County,,39077,FALSE,TRUE,40,,oh-huron
OH,Jackson,County,,39079,FALSE,TRUE,41,,oh-jackson
OH,Jefferson,County,,39081,FALSE,TRUE,42,,oh-jefferson
OH,Knox,County,,39083,FALSE,TRUE,43,,oh-knox
OH,Lake,County,,39085,FALSE,TRUE,44,,oh-lake
OH,Lawrence,County,,39087,FALSE,TRUE,45,,oh-lawrence
OH,Licking,County,,39089,FALSE,TRUE,46,,oh-licking
OH,Logan,County,,39091,FALSE,TRUE,47,,oh-logan
OH,Lorain,County,,39093,FALSE,TRUE,48,,oh-lorain
OH,Lucas,County,,39095,FALSE,TRUE,49,,oh-lucas
OH,Madison,County,,39097,FALSE,TRUE,50,,oh-madison
OH,Mahoning,County,,39099,FALSE,TRUE,51,,oh-mahoning
OH,Marion,County,,39101,FALSE,TRUE,52,,oh-marion
OH,Medina,County,,39103,FALSE,TRUE,53,,oh-medina
OH,Meigs,County,,39105,FALSE,TRUE,54,,oh-meigs
OH,Mercer,County,,39107,FALSE,TRUE,55,,oh-mercer
OH,Miami,County,,39109,FALSE,TRUE,56,,oh-miami
OH,Monroe,County,,39111,FALSE,TRUE,57,,oh-monroe
OH,Montgomery,County,,39113,FALSE,TRUE,58,,oh-montgomery
OH,Morgan,County,,39115,FALSE,TRUE,59,,oh-morgan
OH,Morrow,County,,39117,FALSE,TRUE,60,,oh-morrow
OH,Muskingum,County,,39119,FALSE,TRUE,61,,oh-muskingum
OH,Noble,County,,39121,FALSE,TRUE,62,,oh-noble
OH,Ottawa,County,,39123,FALSE,TRUE,63,,oh-ottawa
OH,Paulding,County,,39125,FALSE,TRUE,64,,oh-paulding
OH,Perry,County,,39127,FALSE,TRUE,65,,oh-perry
OH,Pickaway,County,,39129,FALSE,TRUE,66,,oh-pickaway
OH,Pike,County,,39131,FALSE,TRUE,67,,oh-pike
OH,Portage,County,,39133,FALSE,TRUE,68,,oh-portage
OH,Preble,County,,39135,FALSE,TRUE,69,,oh-preble
OH,Putnam,County,,39137,FALSE,TRUE,70,,oh-putnam
OH,Richland,County,,39139,FALSE,TRUE,71,,oh-richland
OH,Ross,County,,39141,FALSE,TRUE,72,,oh-ross
OH,Sandusky,County,,39143,FALSE,TRUE,73,,oh-sandusky
OH,Scioto,County,,39145,FALSE,TRUE,74,,oh-scioto
OH,Seneca,County,,39147,FALSE,TRUE,75,,oh-seneca
OH,Shelby,County,,39149,FALSE,TRUE,76,,oh-shelby
OH,Stark,County,,39151,FALSE,TRUE,77,,oh-stark
OH,Summit,County,,39153,FALSE,TRUE,78,,oh-summit
OH,Trumbull,County,,39155,FALSE,TRUE,79,,oh-trumbull
OH,Tuscarawas,County,,39157,FALSE,TRUE,80,,oh-tuscarawas
OH,Union,County,,39159,FALSE,TRUE,81,,oh-union
OH,Van Wert,County,,39161,FALSE,TRUE,82,,oh-van-wert
OH,Vinton,County,,39163,FALSE,TRUE,83,,oh-vinton
OH,Warren,County,,39165,FALSE,TRUE,84,,oh-warren
OH,Washington,County,,39167,FALSE,TRUE,85,,oh-washington
OH,Wayne,County,,39169,FALSE,TRUE,86,,oh-wayne
OH,Williams,County,,39171,FALSE,TRUE,87,,oh-williams
OH,Wood,County,,39173,FALSE,TRUE,88,,oh-wood
OH,Wyandot,County,,39175,FALSE,TRUE,89,,oh-wyandot
GA,Statewide,Statewide,,,TRUE,TRUE,1,Licenses not tied to a specific sub-unit,ga-statewide
GA,Appling,County,,13001,FALSE,TRUE,2,,ga-appling
GA,Atkinson,County,,13003,FALSE,TRUE,3,,ga-atkinson
GA,Bacon,County,,13005,FALSE,TRUE,4,,ga-bacon
GA,Baker,County,,13007,FALSE,TRUE,5,,ga-baker
GA,Baldwin,County,,13009,FALSE,TRUE,6,,ga-baldwin
GA,Banks,County,,13011,FALSE,TRUE,7,,ga-banks
GA,Barrow,County,,13013,FALSE,TRUE,8,,ga-barrow
GA,Bartow,County,,13015,FALSE,TRUE,9,,ga-bartow
GA,Ben Hill,County,,13017,FALSE,TRUE,10,,ga-ben-hill
GA,Berrien,County,,13019,FALSE,TRUE,11,,ga-berrien
GA,Bibb,County,,13021,FALSE,TRUE,12,,ga-bibb
GA,Bleckley,County,,13023,FALSE,TRUE,13,,ga-bleckley
GA,Brantley,County,,13025,FALSE,TRUE,14,,ga-brantley
GA,Brooks,County,,13027,FALSE,TRUE,15,,ga-brooks
GA,Bryan,County,,13029,FALSE,TRUE,16,,ga-bryan
GA,Bulloch,County,,13031,FALSE,TRUE,17,,ga-bulloch
GA,Burke,County,,13033,FALSE,TRUE,18,,ga-burke
GA,Butts,County,,13035,FALSE,TRUE,19,,ga-butts
GA,Calhoun,County,,13037,FALSE,TRUE,20,,ga-calhoun
GA,Camden,County,,13039,FALSE,TRUE,21,,ga-camden
GA,Candler,County,,13043,FALSE,TRUE,22,,ga-candler
GA,Carroll,County,,13045,FALSE,TRUE,23,,ga-carroll
GA,Catoosa,County,,13047,FALSE,TRUE,24,,ga-catoosa
GA,Charlton,County,,13049,FALSE,TRUE,25,,ga-charlton
GA,Chatham,County,,13051,FALSE,TRUE,26,,ga-chatham
GA,Chattahoochee,County,,13053,FALSE,TRUE,27,,ga-chattahoochee
GA,Chattooga,County,,13055,FALSE,TRUE,28,,ga-chattooga
GA,Cherokee,County,,13057,FALSE,TRUE,29,,ga-cherokee
GA,Clarke,County,,13059,FALSE,TRUE,30,,ga-clarke
GA,Clay,County,,13061,FALSE,TRUE,31,,ga-clay
GA,Clayton,County,,13063,FALSE,TRUE,32,,ga-clayton
GA,Clinch,County,,13065,FALSE,TRUE,33,,ga-clinch
GA,Cobb,County,,13067,FALSE,TRUE,34,,ga-cobb
GA,Coffee,County,,13069,FALSE,TRUE,35,,ga-coffee
GA,Colquitt,County,,13071,FALSE,TRUE,36,,ga-colquitt
GA,Columbia,County,,13073,FALSE,TRUE,37,,ga-columbia
GA,Cook,County,,13075,FALSE,TRUE,38,,ga-cook
GA,Coweta,County,,13077,FALSE,TRUE,39,,ga-coweta
GA,Crawford,County,,13079,FALSE,TRUE,40,,ga-crawford
GA,Crisp,County,,13081,FALSE,TRUE,41,,ga-crisp
GA,Dade,County,,13083,FALSE,TRUE,42,,ga-dade
GA,Dawson,County,,13085,FALSE,TRUE,43,,ga-dawson
GA,Decatur,County,,13087,FALSE,TRUE,44,,ga-decatur
GA,DeKalb,County,,13089,FALSE,TRUE,45,,ga-dekalb
GA,Dodge,County,,13091,FALSE,TRUE,46,,ga-dodge
GA,Dooly,County,,13093,FALSE,TRUE,47,,ga-dooly
GA,Dougherty,County,,13095,FALSE,TRUE,48,,ga-dougherty
GA,Douglas,County,,13097,FALSE,TRUE,49,,ga-douglas
GA,Early,County,,13099,FALSE,TRUE,50,,ga-early
GA,Echols,County,,13101,FALSE,TRUE,51,,ga-echols
GA,Effingham,County,,13103,FALSE,TRUE,52,,ga-effingham
GA,Elbert,County,,13105,FALSE,TRUE,53,,ga-elbert
GA,Emanuel,County,,13107,FALSE,TRUE,54,,ga-emanuel
GA,Evans,County,,13109,FALSE,TRUE,55,,ga-evans
GA,Fannin,County,,13111,FALSE,TRUE,56,,ga-fannin
GA,Fayette,County,,13113,FALSE,TRUE,57,,ga-fayette
GA,Floyd,County,,13115,FALSE,TRUE,58,,ga-floyd
GA,Forsyth,County,,13117,FALSE,TRUE,59,,ga-forsyth
GA,Franklin,County,,13119,FALSE,TRUE,60,,ga-franklin
GA,Fulton,County,,13121,FALSE,TRUE,61,,ga-fulton
GA,Gilmer,County,,13123,FALSE,TRUE,62,,ga-gilmer
GA,Glascock,County,,13125,FALSE,TRUE,63,,ga-glascock
GA,Glynn,County,,13127,FALSE,TRUE,64,,ga-glynn
GA,Gordon,County,,13129,FALSE,TRUE,65,,ga-gordon
GA,Grady,County,,13131,FALSE,TRUE,66,,ga-grady
GA,Greene,County,,13133,FALSE,TRUE,67,,ga-greene
GA,Gwinnett,County,,13135,FALSE,TRUE,68,,ga-gwinnett
GA,Habersham,County,,13137,FALSE,TRUE,69,,ga-habersham
GA,Hall,County,,13139,FALSE,TRUE,70,,ga-hall
GA,Hancock,County,,13141,FALSE,TRUE,71,,ga-hancock
GA,Haralson,County,,13143,FALSE,TRUE,72,,ga-haralson
GA,Harris,County,,13145,FALSE,TRUE,73,,ga-harris
GA,Hart,County,,13147,FALSE,TRUE,74,,ga-hart
GA,Heard,County,,13149,FALSE,TRUE,75,,ga-heard
GA,Henry,County,,13151,FALSE,TRUE,76,,ga-henry
GA,Houston,County,,13153,FALSE,TRUE,77,,ga-houston
GA,Irwin,County,,13155,FALSE,TRUE,78,,ga-irwin
GA,Jackson,County,,13157,FALSE,TRUE,79,,ga-jackson
GA,Jasper,County,,13159,FALSE,TRUE,80,,ga-jasper
GA,Jeff Davis,County,,13161,FALSE,TRUE,81,,ga-jeff-davis
GA,Jefferson,County,,13163,FALSE,TRUE,82,,ga-jefferson
GA,Jenkins,County,,13165,FALSE,TRUE,83,,ga-jenkins
GA,Johnson,County,,13167,FALSE,TRUE,84,,ga-johnson
GA,Jones,County,,13169,FALSE,TRUE,85,,ga-jones
GA,Lamar,County,,13171,FALSE,TRUE,86,,ga-lamar
GA,Lanier,County,,13173,FALSE,TRUE,87,,ga-lanier
GA,Laurens,County,,13175,FALSE,TRUE,88,,ga-laurens
GA,Lee,County,,13177,FALSE,TRUE,89,,ga-lee
GA,Liberty,County,,13179,FALSE,TRUE,90,,ga-liberty
GA,Lincoln,County,,13181,FALSE,TRUE,91,,ga-lincoln
GA,Long,County,,13183,FALSE,TRUE,92,,ga-long
GA,Lowndes,County,,13185,FALSE,TRUE,93,,ga-lowndes
GA,Lumpkin,County,,13187,FALSE,TRUE,94,,ga-lumpkin
GA,McDuffie,County,,13189,FALSE,TRUE,95,,ga-mcduffie
GA,McIntosh,County,,13191,FALSE,TRUE,96,,ga-mcintosh
GA,Macon,County,,13193,FALSE,TRUE,97,,ga-macon
GA,Madison,County,,13195,FALSE,TRUE,98,,ga-madison
GA,Marion,County,,13197,FALSE,TRUE,99,,ga-marion
GA,Meriwether,County,,13199,FALSE,TRUE,100,,ga-meriwether
GA,Miller,County,,13201,FALSE,TRUE,101,,ga-miller
GA,Mitchell,County,,13205,FALSE,TRUE,102,,ga-mitchell
GA,Monroe,County,,13207,FALSE,TRUE,103,,ga-monroe
GA,Montgomery,County,,13209,FALSE,TRUE,104,,ga-montgomery
GA,Morgan,County,,13211,FALSE,TRUE,105,,ga-morgan
GA,Murray,County,,13213,FALSE,TRUE,106,,ga-murray
GA,Muscogee,County,,13215,FALSE,TRUE,107,,ga-muscogee
GA,Newton,County,,13217,FALSE,TRUE,108,,ga-newton
GA,Oconee,County,,13219,FALSE,TRUE,109,,ga-oconee
GA,Oglethorpe,County,,13221,FALSE,TRUE,110,,ga-oglethorpe
GA,Paulding,County,,13223,FALSE,TRUE,111,,ga-paulding
GA,Peach,County,,13225,FALSE,TRUE,112,,ga-peach
GA,Pickens,County,,13227,FALSE,TRUE,113,,ga-pickens
GA,Pierce,County,,13229,FALSE,TRUE,114,,ga-pierce
GA,Pike,County,,13231,FALSE,TRUE,115,,ga-pike
GA,Polk,County,,13233,FALSE,TRUE,116,,ga-polk
GA,Pulaski,County,,13235,FALSE,TRUE,117,,ga-pulaski
GA,Putnam,County,,13237,FALSE,TRUE,118,,ga-putnam
GA,Quitman,County,,13239,FALSE,TRUE,119,,ga-quitman
GA,Rabun,County,,13241,FALSE,TRUE,120,,ga-rabun
GA,Randolph,County,,13243,FALSE,TRUE,121,,ga-randolph
GA,Richmond,County,,13245,FALSE,TRUE,122,,ga-richmond
GA,Rockdale,County,,13247,FALSE,TRUE,123,,ga-rockdale
GA,Schley,County,,13249,FALSE,TRUE,124,,ga-schley
GA,Screven,County,,13251,FALSE,TRUE,125,,ga-screven
GA,Seminole,County,,13253,FALSE,TRUE,126,,ga-seminole
GA,Spalding,County,,13255,FALSE,TRUE,127,,ga-spalding
GA,Stephens,County,,13257,FALSE,TRUE,128,,ga-stephens
GA,Stewart,County,,13259,FALSE,TRUE,129,,ga-stewart
GA,Sumter,County,,13261,FALSE,TRUE,130,,ga-sumter
GA,Talbot,County,,13263,FALSE,TRUE,131,,ga-talbot
GA,Taliaferro,County,,13265,FALSE,TRUE,132,,ga-taliaferro
GA,Tattnall,County,,13267,FALSE,TRUE,133,,ga-tattnall
GA,Taylor,County,,13269,FALSE,TRUE,134,,ga-taylor
GA,Telfair,County,,13271,FALSE,TRUE,135,,ga-telfair
GA,Terrell,County,,13273,FALSE,TRUE,136,,ga-terrell
GA,Thomas,County,,13275,FALSE,TRUE,137,,ga-thomas
GA,Tift,County,,13277,FALSE,TRUE,138,,ga-tift
GA,Toombs,County,,13279,FALSE,TRUE,139,,ga-toombs
GA,Towns,County,,13281,FALSE,TRUE,140,,ga-towns
GA,Treutlen,County,,13283,FALSE,TRUE,141,,ga-treutlen
GA,Troup,County,,13285,FALSE,TRUE,142,,ga-troup
GA,Turner,County,,13287,FALSE,TRUE,143,,ga-turner
GA,Twiggs,County,,13289,FALSE,TRUE,144,,ga-twiggs
GA,Union,County,,13291,FALSE,TRUE,145,,ga-union
GA,Upson,County,,13293,FALSE,TRUE,146,,ga-upson
GA,Walker,County,,13295,FALSE,TRUE,147,,ga-walker
GA,Walton,County,,13297,FALSE,TRUE,148,,ga-walton
GA,Ware,County,,13299,FALSE,TRUE,149,,ga-ware
GA,Warren,County,,13301,FALSE,TRUE,150,,ga-warren
GA,Washington,County,,13303,FALSE,TRUE,151,,ga-washington
GA,Wayne,County,,13305,FALSE,TRUE,152,,ga-wayne
GA,Webster,County,,13307,FALSE,TRUE,153,,ga-webster
GA,Wheeler,County,,13309,FALSE,TRUE,154,,ga-wheeler
GA,White,County,,13311,FALSE,TRUE,155,,ga-white
GA,Whitfield,County,,13313,FALSE,TRUE,156,,ga-whitfield
GA,Wilcox,County,,13315,FALSE,TRUE,157,,ga-wilcox
GA,Wilkes,County,,13317,FALSE,TRUE,158,,ga-wilkes
GA,Wilkinson,County,,13319,FALSE,TRUE,159,,ga-wilkinson
GA,Worth,County,,13321,FALSE,TRUE,160,,ga-worth
IL,Statewide,Statewide,,,TRUE,TRUE,1,Licenses not tied to a specific sub-unit,il-statewide
IL,Adams,County,,17001,FALSE,TRUE,2,,il-adams
IL,Alexander,County,,17003,FALSE,TRUE,3,,il-alexander
IL,Bond,County,,17005,FALSE,TRUE,4,,il-bond
IL,Boone,County,,17007,FALSE,TRUE,5,,il-boone
IL,Brown,County,,17009,FALSE,TRUE,6,,il-brown
IL,Bureau,County,,17011,FALSE,TRUE,7,,il-bureau
IL,Calhoun,County,,17013,FALSE,TRUE,8,,il-calhoun
IL,Carroll,County,,17015,FALSE,TRUE,9,,il-carroll
IL,Cass,County,,17017,FALSE,TRUE,10,,il-cass
IL,Champaign,County,,17019,FALSE,TRUE,11,,il-champaign
IL,Christian,County,,17021,FALSE,TRUE,12,,il-christian
IL,Clark,County,,17023,FALSE,TRUE,13,,il-clark
IL,Clay,County,,17025,FALSE,TRUE,14,,il-clay
IL,Clinton,County,,17027,FALSE,TRUE,15,,il-clinton
IL,Coles,County,,17029,FALSE,TRUE,16,,il-coles
IL,Cook,County,,17031,FALSE,TRUE,17,,il-cook
IL,Crawford,County,,17033,FALSE,TRUE,18,,il-crawford
IL,Cumberland,County,,17035,FALSE,TRUE,19,,il-cumberland
IL,DeKalb,County,,17037,FALSE,TRUE,20,,il-dekalb
IL,De Witt,County,,17039,FALSE,TRUE,21,,il-de-witt
IL,Douglas,County,,17041,FALSE,TRUE,22,,il-douglas
IL,DuPage,County,,17043,FALSE,TRUE,23,,il-dupage
IL,Edgar,County,,17045,FALSE,TRUE,24,,il-edgar
IL,Edwards,County,,17047,FALSE,TRUE,25,,il-edwards
IL,Effingham,County,,17049,FALSE,TRUE,26,,il-effingham
IL,Fayette,County,,17051,FALSE,TRUE,27,,il-fayette
IL,Ford,County,,17053,FALSE,TRUE,28,,il-ford
IL,Franklin,County,,17055,FALSE,TRUE,29,,il-franklin
IL,Fulton,County,,17057,FALSE,TRUE,30,,il-fulton
IL,Gallatin,County,,17059,FALSE,TRUE,31,,il-gallatin
IL,Greene,County,,17061,FALSE,TRUE,32,,il-greene
IL,Grundy,County,,17063,FALSE,TRUE,33,,il-grundy
IL,Hamilton,County,,17065,FALSE,TRUE,34,,il-hamilton
IL,Hancock,County,,17067,FALSE,TRUE,35,,il-hancock
IL,Hardin,County,,17069,FALSE,TRUE,36,,il-hardin
IL,Henderson,County,,17071,FALSE,TRUE,37,,il-henderson
IL,Henry,County,,17073,FALSE,TRUE,38,,il-henry
IL,Iroquois,County,,17075,FALSE,TRUE,39,,il-iroquois
IL,Jackson,County,,17077,FALSE,TRUE,40,,il-jackson
IL,Jasper,County,,17079,FALSE,TRUE,41,,il-jasper
IL,Jefferson,County,,17081,FALSE,TRUE,42,,il-jefferson
IL,Jersey,County,,17083,FALSE,TRUE,43,,il-jersey
IL,Jo Daviess,County,,17085,FALSE,TRUE,44,,il-jo-daviess
IL,Johnson,County,,17087,FALSE,TRUE,45,,il-johnson
IL,Kane,County,,17089,FALSE,TRUE,46,,il-kane
IL,Kankakee,County,,17091,FALSE,TRUE,47,,il-kankakee
IL,Kendall,County,,17093,FALSE,TRUE,48,,il-kendall
IL,Knox,County,,17095,FALSE,TRUE,49,,il-knox
IL,Lake,County,,17097,FALSE,TRUE,50,,il-lake
IL,LaSalle,County,,17099,FALSE,TRUE,51,,il-lasalle
IL,Lawrence,County,,17101,FALSE,TRUE,52,,il-lawrence
IL,Lee,County,,17103,FALSE,TRUE,53,,il-lee
IL,Livingston,County,,17105,FALSE,TRUE,54,,il-livingston
IL,Logan,County,,17107,FALSE,TRUE,55,,il-logan
IL,McDonough,County,,17109,FALSE,TRUE,56,,il-mcdonough
IL,McHenry,County,,17111,FALSE,TRUE,57,,il-mchenry
IL,McLean,County,,17113,FALSE,TRUE,58,,il-mclean
IL,Macon,County,,17115,FALSE,TRUE,59,,il-macon
IL,Macoupin,County,,17117,FALSE,TRUE,60,,il-macoupin
IL,Madison,County,,17119,FALSE,TRUE,61,,il-madison
IL,Marion,County,,17121,FALSE,TRUE,62,,il-marion
IL,Marshall,County,,17123,FALSE,TRUE,63,,il-marshall
IL,Mason,County,,17125,FALSE,TRUE,64,,il-mason
IL,Massac,County,,17127,FALSE,TRUE,65,,il-massac
IL,Menard,County,,17129,FALSE,TRUE,66,,il-menard
IL,Mercer,County,,17131,FALSE,TRUE,67,,il-mercer
IL,Monroe,County,,17133,FALSE,TRUE,68,,il-monroe
IL,Montgomery,County,,17135,FALSE,TRUE,69,,il-montgomery
IL,Morgan,County,,17137,FALSE,TRUE,70,,il-morgan
IL,Moultrie,County,,17139,FALSE,TRUE,71,,il-moultrie
IL,Ogle,County,,17141,FALSE,TRUE,72,,il-ogle
IL,Peoria,County,,17143,FALSE,TRUE,73,,il-peoria
IL,Perry,County,,17145,FALSE,TRUE,74,,il-perry
IL,Piatt,County,,17147,FALSE,TRUE,75,,il-piatt
IL,Pike,County,,17149,FALSE,TRUE,76,,il-pike
IL,Pope,County,,17151,FALSE,TRUE,77,,il-pope
IL,Pulaski,County,,17153,FALSE,TRUE,78,,il-pulaski
IL,Putnam,County,,17155,FALSE,TRUE,79,,il-putnam
IL,Randolph,County,,17157,FALSE,TRUE,80,,il-randolph
IL,Richland,County,,17159,FALSE,TRUE,81,,il-richland
IL,Rock Island,County,,17161,FALSE,TRUE,82,,il-rock-island
IL,St. Clair,County,,17163,FALSE,TRUE,83,,il-st-clair
IL,Saline,County,,17165,FALSE,TRUE,84,,il-saline
IL,Sangamon,County,,17167,FALSE,TRUE,85,,il-sangamon
IL,Schuyler,County,,17169,FALSE,TRUE,86,,il-schuyler
IL,Scott,County,,17171,FALSE,TRUE,87,,il-scott
IL,Shelby,County,,17173,FALSE,TRUE,88,,il-shelby
IL,Stark,County,,17175,FALSE,TRUE,89,,il-stark
IL,Stephenson,County,,17177,FALSE,TRUE,90,,il-stephenson
IL,Tazewell,County,,17179,FALSE,TRUE,91,,il-tazewell
IL,Union,County,,17181,FALSE,TRUE,92,,il-union
IL,Vermilion,County,,17183,FALSE,TRUE,93,,il-vermilion
IL,Wabash,County,,17185,FALSE,TRUE,94,,il-wabash
IL,Warren,County,,17187,FALSE,TRUE,95,,il-warren
IL,Washington,County,,17189,FALSE,TRUE,96,,il-washington
IL,Wayne,County,,17191,FALSE,TRUE,97,,il-wayne
IL,White,County,,17193,FALSE,TRUE,98,,il-white
IL,Whiteside,County,,17195,FALSE,TRUE,99,,il-whiteside
IL,Will,County,,17197,FALSE,TRUE,100,,il-will
IL,Williamson,County,,17199,FALSE,TRUE,101,,il-williamson
IL,Winnebago,County,,17201,FALSE,TRUE,102,,il-winnebago
IL,Woodford,County,,17203,FALSE,TRUE,103,,il-woodford
IN,Statewide,Statewide,,,TRUE,TRUE,1,Licenses not tied to a specific sub-unit,in-statewide
IN,Adams,County,,18001,FALSE,TRUE,2,,in-adams
IN,Allen,County,,18003,FALSE,TRUE,3,,in-allen
IN,Bartholomew,County,,18005,FALSE,TRUE,4,,in-bartholomew
IN,Benton,County,,18007,FALSE,TRUE,5,,in-benton
IN,Blackford,County,,18009,FALSE,TRUE,6,,in-blackford
IN,Boone,County,,18011,FALSE,TRUE,7,,in-boone
IN,Brown,County,,18013,FALSE,TRUE,8,,in-brown
IN,Carroll,County,,18015,FALSE,TRUE,9,,in-carroll
IN,Cass,County,,18017,FALSE,TRUE,10,,in-cass
IN,Clark,County,,18019,FALSE,TRUE,11,,in-clark
IN,Clay,County,,18021,FALSE,TRUE,12,,in-clay
IN,Clinton,County,,18023,FALSE,TRUE,13,,in-clinton
IN,Crawford,County,,18025,FALSE,TRUE,14,,in-crawford
IN,Daviess,County,,18027,FALSE,TRUE,15,,in-daviess
IN,Dearborn,County,,18029,FALSE,TRUE,16,,in-dearborn
IN,Decatur,County,,18031,FALSE,TRUE,17,,in-decatur
IN,DeKalb,County,,18033,FALSE,TRUE,18,,in-dekalb
IN,Delaware,County,,18035,FALSE,TRUE,19,,in-delaware
IN,Dubois,County,,18037,FALSE,TRUE,20,,in-dubois
IN,Elkhart,County,,18039,FALSE,TRUE,21,,in-elkhart
IN,Fayette,County,,18041,FALSE,TRUE,22,,in-fayette
IN,Floyd,County,,18043,FALSE,TRUE,23,,in-floyd
IN,Fountain,County,,18045,FALSE,TRUE,24,,in-fountain
IN,Franklin,County,,18047,FALSE,TRUE,25,,in-franklin
IN,Fulton,County,,18049,FALSE,TRUE,26,,in-fulton
IN,Gibson,County,,18051,FALSE,TRUE,27,,in-gibson
IN,Grant,County,,18053,FALSE,TRUE,28,,in-grant
IN,Greene,County,,18055,FALSE,TRUE,29,,in-greene
IN,Hamilton,County,,18057,FALSE,TRUE,30,,in-hamilton
IN,Hancock,County,,18059,FALSE,TRUE,31,,in-hancock
IN,Harrison,County,,18061,FALSE,TRUE,32,,in-harrison
IN,Hendricks,County,,18063,FALSE,TRUE,33,,in-hendricks
IN,Henry,County,,18065,FALSE,TRUE,34,,in-henry
IN,Howard,County,,18067,FALSE,TRUE,35,,in-howard
IN,Huntington,County,,18069,FALSE,TRUE,36,,in-huntington
IN,Jackson,County,,18071,FALSE,TRUE,37,,in-jackson
IN,Jasper,County,,18073,FALSE,TRUE,38,,in-jasper
IN,Jay,County,,18075,FALSE,TRUE,39,,in-jay
IN,Jefferson,County,,18077,FALSE,TRUE,40,,in-jefferson
IN,Jennings,County,,18079,FALSE,TRUE,41,,in-jennings
IN,Johnson,County,,18081,FALSE,TRUE,42,,in-johnson
IN,Knox,County,,18083,FALSE,TRUE,43,,in-knox
IN,Kosciusko,County,,18085,FALSE,TRUE,44,,in-kosciusko
IN,LaGrange,County,,18087,FALSE,TRUE,45,,in-lagrange
IN,Lake,County,,18089,FALSE,TRUE,46,,in-lake
IN,LaPorte,County,,18091,FALSE,TRUE,47,,in-laporte
IN,Lawrence,County,,18093,FALSE,TRUE,48,,in-lawrence
IN,Madison,County,,18095,FALSE,TRUE,49,,in-madison
IN,Marion,County,,18097,FALSE,TRUE,50,,in-marion
IN,Marshall,County,,18099,FALSE,TRUE,51,,in-marshall
IN,Martin,County,,18101,FALSE,TRUE,52,,in-martin
IN,Miami,County,,18103,FALSE,TRUE,53,,in-miami
IN,Monroe,County,,18105,FALSE,TRUE,54,,in-monroe
IN,Montgomery,County,,18107,FALSE,TRUE,55,,in-montgomery
IN,Morgan,County,,18109,FALSE,TRUE,56,,in-morgan
IN,Newton,County,,18111,FALSE,TRUE,57,,in-newton
IN,Noble,County,,18113,FALSE,TRUE,58,,in-noble
IN,Ohio,County,,18115,FALSE,TRUE,59,,in-ohio
IN,Orange,County,,18117,FALSE,TRUE,60,,in-orange
IN,Owen,County,,18119,FALSE,TRUE,61,,in-owen
IN,Parke,County,,18121,FALSE,TRUE,62,,in-parke
IN,Perry,County,,18123,FALSE,TRUE,63,,in-perry
IN,Pike,County,,18125,FALSE,TRUE,64,,in-pike
IN,Porter,County,,18127,FALSE,TRUE,65,,in-porter
IN,Posey,County,,18129,FALSE,TRUE,66,,in-posey
IN,Pulaski,County,,18131,FALSE,TRUE,67,,in-pulaski
IN,Putnam,County,,18133,FALSE,TRUE,68,,in-putnam
IN,Randolph,County,,18135,FALSE,TRUE,69,,in-randolph
IN,Ripley,County,,18137,FALSE,TRUE,70,,in-ripley
IN,Rush,County,,18139,FALSE,TRUE,71,,in-rush
IN,St. Joseph,County,,18141,FALSE,TRUE,72,,in-st-joseph
IN,Scott,County,,18143,FALSE,TRUE,73,,in-scott
IN,Shelby,County,,18145,FALSE,TRUE,74,,in-shelby
IN,Spencer,County,,18147,FALSE,TRUE,75,,in-spencer
IN,Starke,County,,18149,FALSE,TRUE,76,,in-starke
IN,Steuben,County,,18151,FALSE,TRUE,77,,in-steuben
IN,Sullivan,County,,18153,FALSE,TRUE,78,,in-sullivan
IN,Switzerland,County,,18155,FALSE,TRUE,79,,in-switzerland
IN,Tippecanoe,County,,18157,FALSE,TRUE,80,,in-tippecanoe
IN,Tipton,County,,18159,FALSE,TRUE,81,,in-tipton
IN,Union,County,,18161,FALSE,TRUE,82,,in-union
IN,Vanderburgh,County,,18163,FALSE,TRUE,83,,in-vanderburgh
IN,Vermillion,County,,18165,FALSE,TRUE,84,,in-vermillion
IN,Vigo,County,,18167,FALSE,TRUE,85,,in-vigo
IN,Wabash,County,,18169,FALSE,TRUE,86,,in-wabash
IN,Warren,County,,18171,FALSE,TRUE,87,,in-warren
IN,Warrick,County,,18173,FALSE,TRUE,88,,in-warrick
IN,Washington,County,,18175,FALSE,TRUE,89,,in-washington
IN,Wayne,County,,18177,FALSE,TRUE,90,,in-wayne
IN,Wells,County,,18179,FALSE,TRUE,91,,in-wells
IN,White,County,,18181,FALSE,TRUE,92,,in-white
IN,Whitley,County,,18183,FALSE,TRUE,93,,in-whitley
IA,Statewide,Statewide,,,TRUE,TRUE,1,Licenses not tied to a specific sub-unit,ia-statewide
IA,Adair,County,,19001,FALSE,TRUE,2,,ia-adair
IA,Adams,County,,19003,FALSE,TRUE,3,,ia-adams
IA,Allamakee,County,,19005,FALSE,TRUE,4,,ia-allamakee
IA,Appanoose,County,,19007,FALSE,TRUE,5,,ia-appanoose
IA,Audubon,County,,19009,FALSE,TRUE,6,,ia-audubon
IA,Benton,County,,19011,FALSE,TRUE,7,,ia-benton
IA,Black Hawk,County,,19013,FALSE,TRUE,8,,ia-black-hawk
IA,Boone,County,,19015,FALSE,TRUE,9,,ia-boone
IA,Bremer,County,,19017,FALSE,TRUE,10,,ia-bremer
IA,Buchanan,County,,19019,FALSE,TRUE,11,,ia-buchanan
IA,Buena Vista,County,,19021,FALSE,TRUE,12,,ia-buena-vista
IA,Butler,County,,19023,FALSE,TRUE,13,,ia-butler
IA,Calhoun,County,,19025,FALSE,TRUE,14,,ia-calhoun
IA,Carroll,County,,19027,FALSE,TRUE,15,,ia-carroll
IA,Cass,County,,19029,FALSE,TRUE,16,,ia-cass
IA,Cedar,County,,19031,FALSE,TRUE,17,,ia-cedar
IA,Cerro Gordo,County,,19033,FALSE,TRUE,18,,ia-cerro-gordo
IA,Cherokee,County,,19035,FALSE,TRUE,19,,ia-cherokee
IA,Chickasaw,County,,19037,FALSE,TRUE,20,,ia-chickasaw
IA,Clarke,County,,19039,FALSE,TRUE,21,,ia-clarke
IA,Clay,County,,19041,FALSE,TRUE,22,,ia-clay
IA,Clayton,County,,19043,FALSE,TRUE,23,,ia-clayton
IA,Clinton,County,,19045,FALSE,TRUE,24,,ia-clinton
IA,Crawford,County,,19047,FALSE,TRUE,25,,ia-crawford
IA,Dallas,County,,19049,FALSE,TRUE,26,,ia-dallas
IA,Davis,County,,19051,FALSE,TRUE,27,,ia-davis
IA,Decatur,County,,19053,FALSE,TRUE,28,,ia-decatur
IA,Delaware,County,,19055,FALSE,TRUE,29,,ia-delaware
IA,Des Moines,County,,19057,FALSE,TRUE,30,,ia-des-moines
IA,Dickinson,County,,19059,FALSE,TRUE,31,,ia-dickinson
IA,Dubuque,County,,19061,FALSE,TRUE,32,,ia-dubuque
IA,Emmet,County,,19063,FALSE,TRUE,33,,ia-emmet
IA,Fayette,County,,19065,FALSE,TRUE,34,,ia-fayette
IA,Floyd,County,,19067,FALSE,TRUE,35,,ia-floyd
IA,Franklin,County,,19069,FALSE,TRUE,36,,ia-franklin
IA,Fremont,County,,19071,FALSE,TRUE,37,,ia-fremont
IA,Greene,County,,19073,FALSE,TRUE,38,,ia-greene
IA,Grundy,County,,19075,FALSE,TRUE,39,,ia-grundy
IA,Guthrie,County,,19077,FALSE,TRUE,40,,ia-guthrie
IA,Hamilton,County,,19079,FALSE,TRUE,41,,ia-hamilton
IA,Hancock,County,,19081,FALSE,TRUE,42,,ia-hancock
IA,Hardin,County,,19083,FALSE,TRUE,43,,ia-hardin
IA,Harrison,County,,19085,FALSE,TRUE,44,,ia-harrison
IA,Henry,County,,19087,FALSE,TRUE,45,,ia-henry
IA,Howard,County,,19089,FALSE,TRUE,46,,ia-howard
IA,Humboldt,County,,19091,FALSE,TRUE,47,,ia-humboldt
IA,Ida,County,,19093,FALSE,TRUE,48,,ia-ida
IA,Iowa,County,,19095,FALSE,TRUE,49,,ia-iowa
IA,Jackson,County,,19097,FALSE,TRUE,50,,ia-jackson
IA,Jasper,County,,19099,FALSE,TRUE,51,,ia-jasper
IA,Jefferson,County,,19101,FALSE,TRUE,52,,ia-jefferson
IA,Johnson,County,,19103,FALSE,TRUE,53,,ia-johnson
IA,Jones,County,,19105,FALSE,TRUE,54,,ia-jones
IA,Keokuk,County,,19107,FALSE,TRUE,55,,ia-keokuk
IA,Kossuth,County,,19109,FALSE,TRUE,56,,ia-kossuth
IA,Lee,County,,19111,FALSE,TRUE,57,,ia-lee
IA,Linn,County,,19113,FALSE,TRUE,58,,ia-linn
IA,Louisa,County,,19115,FALSE,TRUE,59,,ia-louisa
IA,Lucas,County,,19117,FALSE,TRUE,60,,ia-lucas
IA,Lyon,County,,19119,FALSE,TRUE,61,,ia-lyon
IA,Madison,County,,19121,FALSE,TRUE,62,,ia-madison
IA,Mahaska,County,,19123,FALSE,TRUE,63,,ia-mahaska
IA,Marion,County,,19125,FALSE,TRUE,64,,ia-marion
IA,Marshall,County,,19127,FALSE,TRUE,65,,ia-marshall
IA,Mills,County,,19129,FALSE,TRUE,66,,ia-mills
IA,Mitchell,County,,19131,FALSE,TRUE,67,,ia-mitchell
IA,Monona,County,,19133,FALSE,TRUE,68,,ia-monona
IA,Monroe,County,,19135,FALSE,TRUE,69,,ia-monroe
IA,Montgomery,County,,19137,FALSE,TRUE,70,,ia-montgomery
IA,Muscatine,County,,19139,FALSE,TRUE,71,,ia-muscatine
IA,O'Brien,County,,19141,FALSE,TRUE,72,,ia-obrien
IA,Osceola,County,,19143,FALSE,TRUE,73,,ia-osceola
IA,Page,County,,19145,FALSE,TRUE,74,,ia-page
IA,Palo Alto,County,,19147,FALSE,TRUE,75,,ia-palo-alto
IA,Plymouth,County,,19149,FALSE,TRUE,76,,ia-plymouth
IA,Pocahontas,County,,19151,FALSE,TRUE,77,,ia-pocahontas
IA,Polk,County,,19153,FALSE,TRUE,78,,ia-polk
IA,Pottawattamie,County,,19155,FALSE,TRUE,79,,ia-pottawattamie
IA,Poweshiek,County,,19157,FALSE,TRUE,80,,ia-poweshiek
IA,Ringgold,County,,19159,FALSE,TRUE,81,,ia-ringgold
IA,Sac,County,,19161,FALSE,TRUE,82,,ia-sac
IA,Scott,County,,19163,FALSE,TRUE,83,,ia-scott
IA,Shelby,County,,19165,FALSE,TRUE,84,,ia-shelby
IA,Sioux,County,,19167,FALSE,TRUE,85,,ia-sioux
IA,Story,County,,19169,FALSE,TRUE,86,,ia-story
IA,Tama,County,,19171,FALSE,TRUE,87,,ia-tama
IA,Taylor,County,,19173,FALSE,TRUE,88,,ia-taylor
IA,Union,County,,19175,FALSE,TRUE,89,,ia-union
IA,Van Buren,County,,19177,FALSE,TRUE,90,,ia-van-buren
IA,Wapello,County,,19179,FALSE,TRUE,91,,ia-wapello
IA,Warren,County,,19181,FALSE,TRUE,92,,ia-warren
IA,Washington,County,,19183,FALSE,TRUE,93,,ia-washington
IA,Wayne,County,,19185,FALSE,TRUE,94,,ia-wayne
IA,Webster,County,,19187,FALSE,TRUE,95,,ia-webster
IA,Winnebago,County,,19189,FALSE,TRUE,96,,ia-winnebago
IA,Winneshiek,County,,19191,FALSE,TRUE,97,,ia-winneshiek
IA,Woodbury,County,,19193,FALSE,TRUE,98,,ia-woodbury
IA,Worth,County,,19195,FALSE,TRUE,99,,ia-worth
IA,Wright,County,,19197,FALSE,TRUE,100,,ia-wright
KS,Statewide,Statewide,,,TRUE,TRUE,1,Licenses not tied to a specific sub-unit,ks-statewide
KS,DMU 1,Deer Management Unit,1,,FALSE,TRUE,2,,ks-dmu-1
KS,DMU 2,Deer Management Unit,2,,FALSE,TRUE,3,,ks-dmu-2
KS,DMU 3,Deer Management Unit,3,,FALSE,TRUE,4,,ks-dmu-3
KS,DMU 4,Deer Management Unit,4,,FALSE,TRUE,5,,ks-dmu-4
KS,DMU 5,Deer Management Unit,5,,FALSE,TRUE,6,,ks-dmu-5
KS,DMU 6,Deer Management Unit,6,,FALSE,TRUE,7,,ks-dmu-6
KS,DMU 7,Deer Management Unit,7,,FALSE,TRUE,8,,ks-dmu-7
KS,DMU 8,Deer Management Unit,8,,FALSE,TRUE,9,,ks-dmu-8
KS,DMU 8A,Deer Management Unit,,,FALSE,TRUE,10,Fort Riley military installation,ks-dmu-8a
KS,DMU 9,Deer Management Unit,9,,FALSE,TRUE,11,,ks-dmu-9
KS,DMU 10,Deer Management Unit,10,,FALSE,TRUE,12,,ks-dmu-10
KS,DMU 10A,Deer Management Unit,,,FALSE,TRUE,13,Fort Leavenworth military installation,ks-dmu-10a
KS,DMU 11,Deer Management Unit,11,,FALSE,TRUE,14,,ks-dmu-11
KS,DMU 12,Deer Management Unit,12,,FALSE,TRUE,15,,ks-dmu-12
KS,DMU 13,Deer Management Unit,13,,FALSE,TRUE,16,,ks-dmu-13
KS,DMU 14,Deer Management Unit,14,,FALSE,TRUE,17,,ks-dmu-14
KS,DMU 15,Deer Management Unit,15,,FALSE,TRUE,18,,ks-dmu-15
KS,DMU 16,Deer Management Unit,16,,FALSE,TRUE,19,,ks-dmu-16
KS,DMU 17,Deer Management Unit,17,,FALSE,TRUE,20,,ks-dmu-17
KS,DMU 18,Deer Management Unit,18,,FALSE,TRUE,21,,ks-dmu-18
KS,DMU 19,Deer Management Unit,19,,FALSE,TRUE,22,,ks-dmu-19
KY,Statewide,Statewide,,,TRUE,TRUE,1,Licenses not tied to a specific sub-unit,ky-statewide
KY,Adair,County,,21001,FALSE,TRUE,2,,ky-adair
KY,Allen,County,,21003,FALSE,TRUE,3,,ky-allen
KY,Anderson,County,,21005,FALSE,TRUE,4,,ky-anderson
KY,Ballard,County,,21007,FALSE,TRUE,5,,ky-ballard
KY,Barren,County,,21009,FALSE,TRUE,6,,ky-barren
KY,Bath,County,,21011,FALSE,TRUE,7,,ky-bath
KY,Bell,County,,21013,FALSE,TRUE,8,,ky-bell
KY,Boone,County,,21015,FALSE,TRUE,9,,ky-boone
KY,Bourbon,County,,21017,FALSE,TRUE,10,,ky-bourbon
KY,Boyd,County,,21019,FALSE,TRUE,11,,ky-boyd
KY,Boyle,County,,21021,FALSE,TRUE,12,,ky-boyle
KY,Bracken,County,,21023,FALSE,TRUE,13,,ky-bracken
KY,Breathitt,County,,21025,FALSE,TRUE,14,,ky-breathitt
KY,Breckinridge,County,,21027,FALSE,TRUE,15,,ky-breckinridge
KY,Bullitt,County,,21029,FALSE,TRUE,16,,ky-bullitt
KY,Butler,County,,21031,FALSE,TRUE,17,,ky-butler
KY,Caldwell,County,,21033,FALSE,TRUE,18,,ky-caldwell
KY,Calloway,County,,21035,FALSE,TRUE,19,,ky-calloway
KY,Campbell,County,,21037,FALSE,TRUE,20,,ky-campbell
KY,Carlisle,County,,21039,FALSE,TRUE,21,,ky-carlisle
KY,Carroll,County,,21041,FALSE,TRUE,22,,ky-carroll
KY,Carter,County,,21043,FALSE,TRUE,23,,ky-carter
KY,Casey,County,,21045,FALSE,TRUE,24,,ky-casey
KY,Christian,County,,21047,FALSE,TRUE,25,,ky-christian
KY,Clark,County,,21049,FALSE,TRUE,26,,ky-clark
KY,Clay,County,,21051,FALSE,TRUE,27,,ky-clay
KY,Clinton,County,,21053,FALSE,TRUE,28,,ky-clinton
KY,Crittenden,County,,21055,FALSE,TRUE,29,,ky-crittenden
KY,Cumberland,County,,21057,FALSE,TRUE,30,,ky-cumberland
KY,Daviess,County,,21059,FALSE,TRUE,31,,ky-daviess
KY,Edmonson,County,,21061,FALSE,TRUE,32,,ky-edmonson
KY,Elliott,County,,21063,FALSE,TRUE,33,,ky-elliott
KY,Estill,County,,21065,FALSE,TRUE,34,,ky-estill
KY,Fayette,County,,21067,FALSE,TRUE,35,,ky-fayette
KY,Fleming,County,,21069,FALSE,TRUE,36,,ky-fleming
KY,Floyd,County,,21071,FALSE,TRUE,37,,ky-floyd
KY,Franklin,County,,21073,FALSE,TRUE,38,,ky-franklin
KY,Fulton,County,,21075,FALSE,TRUE,39,,ky-fulton
KY,Gallatin,County,,21077,FALSE,TRUE,40,,ky-gallatin
KY,Garrard,County,,21079,FALSE,TRUE,41,,ky-garrard
KY,Grant,County,,21081,FALSE,TRUE,42,,ky-grant
KY,Graves,County,,21083,FALSE,TRUE,43,,ky-graves
KY,Grayson,County,,21085,FALSE,TRUE,44,,ky-grayson
KY,Green,County,,21087,FALSE,TRUE,45,,ky-green
KY,Greenup,County,,21089,FALSE,TRUE,46,,ky-greenup
KY,Hancock,County,,21091,FALSE,TRUE,47,,ky-hancock
KY,Hardin,County,,21093,FALSE,TRUE,48,,ky-hardin
KY,Harlan,County,,21095,FALSE,TRUE,49,,ky-harlan
KY,Harrison,County,,21097,FALSE,TRUE,50,,ky-harrison
KY,Hart,County,,21099,FALSE,TRUE,51,,ky-hart
KY,Henderson,County,,21101,FALSE,TRUE,52,,ky-henderson
KY,Henry,County,,21103,FALSE,TRUE,53,,ky-henry
KY,Hickman,County,,21105,FALSE,TRUE,54,,ky-hickman
KY,Hopkins,County,,21107,FALSE,TRUE,55,,ky-hopkins
KY,Jackson,County,,21109,FALSE,TRUE,56,,ky-jackson
KY,Jefferson,County,,21111,FALSE,TRUE,57,,ky-jefferson
KY,Jessamine,County,,21113,FALSE,TRUE,58,,ky-jessamine
KY,Johnson,County,,21115,FALSE,TRUE,59,,ky-johnson
KY,Kenton,County,,21117,FALSE,TRUE,60,,ky-kenton
KY,Knott,County,,21119,FALSE,TRUE,61,,ky-knott
KY,Knox,County,,21121,FALSE,TRUE,62,,ky-knox
KY,LaRue,County,,21123,FALSE,TRUE,63,,ky-larue
KY,Laurel,County,,21125,FALSE,TRUE,64,,ky-laurel
KY,Lawrence,County,,21127,FALSE,TRUE,65,,ky-lawrence
KY,Lee,County,,21129,FALSE,TRUE,66,,ky-lee
KY,Leslie,County,,21131,FALSE,TRUE,67,,ky-leslie
KY,Letcher,County,,21133,FALSE,TRUE,68,,ky-letcher
KY,Lewis,County,,21135,FALSE,TRUE,69,,ky-lewis
KY,Lincoln,County,,21137,FALSE,TRUE,70,,ky-lincoln
KY,Livingston,County,,21139,FALSE,TRUE,71,,ky-livingston
KY,Logan,County,,21141,FALSE,TRUE,72,,ky-logan
KY,Lyon,County,,21143,FALSE,TRUE,73,,ky-lyon
KY,McCracken,County,,21145,FALSE,TRUE,74,,ky-mccracken
KY,McCreary,County,,21147,FALSE,TRUE,75,,ky-mccreary
KY,McLean,County,,21149,FALSE,TRUE,76,,ky-mclean
KY,Madison,County,,21151,FALSE,TRUE,77,,ky-madison
KY,Magoffin,County,,21153,FALSE,TRUE,78,,ky-magoffin
KY,Marion,County,,21155,FALSE,TRUE,79,,ky-marion
KY,Marshall,County,,21157,FALSE,TRUE,80,,ky-marshall
KY,Martin,County,,21159,FALSE,TRUE,81,,ky-martin
KY,Mason,County,,21161,FALSE,TRUE,82,,ky-mason
KY,Meade,County,,21163,FALSE,TRUE,83,,ky-meade
KY,Menifee,County,,21165,FALSE,TRUE,84,,ky-menifee
KY,Mercer,County,,21167,FALSE,TRUE,85,,ky-mercer
KY,Metcalfe,County,,21169,FALSE,TRUE,86,,ky-metcalfe
KY,Monroe,County,,21171,FALSE,TRUE,87,,ky-monroe
KY,Montgomery,County,,21173,FALSE,TRUE,88,,ky-montgomery
KY,Morgan,County,,21175,FALSE,TRUE,89,,ky-morgan
KY,Muhlenberg,County,,21177,FALSE,TRUE,90,,ky-muhlenberg
KY,Nelson,County,,21179,FALSE,TRUE,91,,ky-nelson
KY,Nicholas,County,,21181,FALSE,TRUE,92,,ky-nicholas
KY,Ohio,County,,21183,FALSE,TRUE,93,,ky-ohio
KY,Oldham,County,,21185,FALSE,TRUE,94,,ky-oldham
KY,Owen,County,,21187,FALSE,TRUE,95,,ky-owen
KY,Owsley,County,,21189,FALSE,TRUE,96,,ky-owsley
KY,Pendleton,County,,21191,FALSE,TRUE,97,,ky-pendleton
KY,Perry,County,,21193,FALSE,TRUE,98,,ky-perry
KY,Pike,County,,21195,FALSE,TRUE,99,,ky-pike
KY,Powell,County,,21197,FALSE,TRUE,100,,ky-powell
KY,Pulaski,County,,21199,FALSE,TRUE,101,,ky-pulaski
KY,Robertson,County,,21201,FALSE,TRUE,102,,ky-robertson
KY,Rockcastle,County,,21203,FALSE,TRUE,103,,ky-rockcastle
KY,Rowan,County,,21205,FALSE,TRUE,104,,ky-rowan
KY,Russell,County,,21207,FALSE,TRUE,105,,ky-russell
KY,Scott,County,,21209,FALSE,TRUE,106,,ky-scott
KY,Shelby,County,,21211,FALSE,TRUE,107,,ky-shelby
KY,Simpson,County,,21213,FALSE,TRUE,108,,ky-simpson
KY,Spencer,County,,21215,FALSE,TRUE,109,,ky-spencer
KY,Taylor,County,,21217,FALSE,TRUE,110,,ky-taylor
KY,Todd,County,,21219,FALSE,TRUE,111,,ky-todd
KY,Trigg,County,,21221,FALSE,TRUE,112,,ky-trigg
KY,Trimble,County,,21223,FALSE,TRUE,113,,ky-trimble
KY,Union,County,,21225,FALSE,TRUE,114,,ky-union
KY,Warren,County,,21227,FALSE,TRUE,115,,ky-warren
KY,Washington,County,,21229,FALSE,TRUE,116,,ky-washington
KY,Wayne,County,,21231,FALSE,TRUE,117,,ky-wayne
KY,Webster,County,,21233,FALSE,TRUE,118,,ky-webster
KY,Whitley,County,,21235,FALSE,TRUE,119,,ky-whitley
KY,Wolfe,County,,21237,FALSE,TRUE,120,,ky-wolfe
KY,Woodford,County,,21239,FALSE,TRUE,121,,ky-woodford
ME,Statewide,Statewide,,,TRUE,TRUE,1,Licenses not tied to a specific sub-unit,me-statewide
ME,WMD 1,Wildlife Management District,1,,FALSE,TRUE,2,WMDs established ~2000; reduced from 30 to 29 in 2006,me-wmd-1
ME,WMD 2,Wildlife Management District,2,,FALSE,TRUE,3,WMDs established ~2000; reduced from 30 to 29 in 2006,me-wmd-2
ME,WMD 3,Wildlife Management District,3,,FALSE,TRUE,4,WMDs established ~2000; reduced from 30 to 29 in 2006,me-wmd-3
ME,WMD 4,Wildlife Management District,4,,FALSE,TRUE,5,WMDs established ~2000; reduced from 30 to 29 in 2006,me-wmd-4
ME,WMD 5,Wildlife Management District,5,,FALSE,TRUE,6,WMDs established ~2000; reduced from 30 to 29 in 2006,me-wmd-5
ME,WMD 6,Wildlife Management District,6,,FALSE,TRUE,7,WMDs established ~2000; reduced from 30 to 29 in 2006,me-wmd-6
ME,WMD 7,Wildlife Management District,7,,FALSE,TRUE,8,WMDs established ~2000; reduced from 30 to 29 in 2006,me-wmd-7
ME,WMD 8,Wildlife Management District,8,,FALSE,TRUE,9,WMDs established ~2000; reduced from 30 to 29 in 2006,me-wmd-8
ME,WMD 9,Wildlife Management District,9,,FALSE,TRUE,10,WMDs established ~2000; reduced from 30 to 29 in 2006,me-wmd-9
ME,WMD 10,Wildlife Management District,10,,FALSE,TRUE,11,WMDs established ~2000; reduced from 30 to 29 in 2006,me-wmd-10
ME,WMD 11,Wildlife Management District,11,,FALSE,TRUE,12,WMDs established ~2000; reduced from 30 to 29 in 2006,me-wmd-11
ME,WMD 12,Wildlife Management District,12,,FALSE,TRUE,13,WMDs established ~2000; reduced from 30 to 29 in 2006,me-wmd-12
ME,WMD 13,Wildlife Management District,13,,FALSE,TRUE,14,WMDs established ~2000; reduced from 30 to 29 in 2006,me-wmd-13
ME,WMD 14,Wildlife Management District,14,,FALSE,TRUE,15,WMDs established ~2000; reduced from 30 to 29 in 2006,me-wmd-14
ME,WMD 15,Wildlife Management District,15,,FALSE,TRUE,16,WMDs established ~2000; reduced from 30 to 29 in 2006,me-wmd-15
ME,WMD 16,Wildlife Management District,16,,FALSE,TRUE,17,WMDs established ~2000; reduced from 30 to 29 in 2006,me-wmd-16
ME,WMD 17,Wildlife Management District,17,,FALSE,TRUE,18,WMDs established ~2000; reduced from 30 to 29 in 2006,me-wmd-17
ME,WMD 18,Wildlife Management District,18,,FALSE,TRUE,19,WMDs established ~2000; reduced from 30 to 29 in 2006,me-wmd-18
ME,WMD 19,Wildlife Management District,19,,FALSE,TRUE,20,WMDs established ~2000; reduced from 30 to 29 in 2006,me-wmd-19
ME,WMD 20,Wildlife Management District,20,,FALSE,TRUE,21,WMDs established ~2000; reduced from 30 to 29 in 2006,me-wmd-20
ME,WMD 21,Wildlife Management District,21,,FALSE,TRUE,22,WMDs established ~2000; reduced from 30 to 29 in 2006,me-wmd-21
ME,WMD 22,Wildlife Management District,22,,FALSE,TRUE,23,WMDs established ~2000; reduced from 30 to 29 in 2006,me-wmd-22
ME,WMD 23,Wildlife Management District,23,,FALSE,TRUE,24,WMDs established ~2000; reduced from 30 to 29 in 2006,me-wmd-23
ME,WMD 24,Wildlife Management District,24,,FALSE,TRUE,25,WMDs established ~2000; reduced from 30 to 29 in 2006,me-wmd-24
ME,WMD 25,Wildlife Management District,25,,FALSE,TRUE,26,WMDs established ~2000; reduced from 30 to 29 in 2006,me-wmd-25
ME,WMD 26,Wildlife Management District,26,,FALSE,TRUE,27,WMDs established ~2000; reduced from 30 to 29 in 2006,me-wmd-26
ME,WMD 27,Wildlife Management District,27,,FALSE,TRUE,28,WMDs established ~2000; reduced from 30 to 29 in 2006,me-wmd-27
ME,WMD 28,Wildlife Management District,28,,FALSE,TRUE,29,WMDs established ~2000; reduced from 30 to 29 in 2006,me-wmd-28
ME,WMD 29,Wildlife Management District,29,,FALSE,TRUE,30,WMDs established ~2000; reduced from 30 to 29 in 2006,me-wmd-29
MD,Statewide,Statewide,,,TRUE,TRUE,1,Licenses not tied to a specific sub-unit,md-statewide
MD,Allegany,County,,24001,FALSE,TRUE,2,,md-allegany
MD,Anne Arundel,County,,24003,FALSE,TRUE,3,,md-anne-arundel
MD,Baltimore County,County,,24005,FALSE,TRUE,4,,md-baltimore-county
MD,Calvert,County,,24009,FALSE,TRUE,5,,md-calvert
MD,Caroline,County,,24011,FALSE,TRUE,6,,md-caroline
MD,Carroll,County,,24013,FALSE,TRUE,7,,md-carroll
MD,Cecil,County,,24015,FALSE,TRUE,8,,md-cecil
MD,Charles,County,,24017,FALSE,TRUE,9,,md-charles
MD,Dorchester,County,,24019,FALSE,TRUE,10,,md-dorchester
MD,Frederick,County,,24021,FALSE,TRUE,11,,md-frederick
MD,Garrett,County,,24023,FALSE,TRUE,12,,md-garrett
MD,Harford,County,,24025,FALSE,TRUE,13,,md-harford
MD,Howard,County,,24027,FALSE,TRUE,14,,md-howard
MD,Kent,County,,24029,FALSE,TRUE,15,,md-kent
MD,Montgomery,County,,24031,FALSE,TRUE,16,,md-montgomery
MD,Prince George's,County,,24033,FALSE,TRUE,17,,md-prince-georges
MD,Queen Anne's,County,,24035,FALSE,TRUE,18,,md-queen-annes
MD,St. Mary's,County,,24037,FALSE,TRUE,19,,md-st-marys
MD,Somerset,County,,24039,FALSE,TRUE,20,,md-somerset
MD,Talbot,County,,24041,FALSE,TRUE,21,,md-talbot
MD,Washington,County,,24043,FALSE,TRUE,22,,md-washington
MD,Wicomico,County,,24045,FALSE,TRUE,23,,md-wicomico
MD,Worcester,County,,24047,FALSE,TRUE,24,,md-worcester
MD,Baltimore City,Independent City,,24510,FALSE,TRUE,25,,md-baltimore-city
MI,Statewide,Statewide,,,TRUE,TRUE,1,Licenses not tied to a specific sub-unit,mi-statewide
MI,DMU 001,Deer Management Unit,1,,FALSE,TRUE,2,Non-contiguous numbering; many Lower Peninsula DMUs correspond to single counties,mi-dmu-001
MI,DMU 002,Deer Management Unit,2,,FALSE,TRUE,3,Non-contiguous numbering; many Lower Peninsula DMUs correspond to single counties,mi-dmu-002
MI,DMU 003,Deer Management Unit,3,,FALSE,TRUE,4,Non-contiguous numbering; many Lower Peninsula DMUs correspond to single counties,mi-dmu-003
MI,DMU 004,Deer Management Unit,4,,FALSE,TRUE,5,Non-contiguous numbering; many Lower Peninsula DMUs correspond to single counties,mi-dmu-004
MI,DMU 005,Deer Management Unit,5,,FALSE,TRUE,6,Non-contiguous numbering; many Lower Peninsula DMUs correspond to single counties,mi-dmu-005
MI,DMU 006,Deer Management Unit,6,,FALSE,TRUE,7,Non-contiguous numbering; many Lower Peninsula DMUs correspond to single counties,mi-dmu-006
MI,DMU 007,Deer Management Unit,7,,FALSE,TRUE,8,Non-contiguous numbering; many Lower Peninsula DMUs correspond to single counties,mi-dmu-007
MI,DMU 008,Deer Management Unit,8,,FALSE,TRUE,9,Non-contiguous numbering; many Lower Peninsula DMUs correspond to single counties,mi-dmu-008
MI,DMU 009,Deer Management Unit,9,,FALSE,TRUE,10,Non-contiguous numbering; many Lower Peninsula DMUs correspond to single counties,mi-dmu-009
MI,DMU 010,Deer Management Unit,10,,FALSE,TRUE,11,Non-contiguous numbering; many Lower Peninsula DMUs correspond to single counties,mi-dmu-010
MI,DMU 011,Deer Management Unit,11,,FALSE,TRUE,12,Non-contiguous numbering; many Lower Peninsula DMUs correspond to single counties,mi-dmu-011
MI,DMU 012,Deer Management Unit,12,,FALSE,TRUE,13,Non-contiguous numbering; many Lower Peninsula DMUs correspond to single counties,mi-dmu-012
MI,DMU 013,Deer Management Unit,13,,FALSE,TRUE,14,Non-contiguous numbering; many Lower Peninsula DMUs correspond to single counties,mi-dmu-013
MI,DMU 014,Deer Management Unit,14,,FALSE,TRUE,15,Non-contiguous numbering; many Lower Peninsula DMUs correspond to single counties,mi-dmu-014
MI,DMU 015,Deer Management Unit,15,,FALSE,TRUE,16,Non-contiguous numbering; many Lower Peninsula DMUs correspond to single counties,mi-dmu-015
MI,DMU 016,Deer Management Unit,16,,FALSE,TRUE,17,Non-contiguous numbering; many Lower Peninsula DMUs correspond to single counties,mi-dmu-016
MI,DMU 017,Deer Management Unit,17,,FALSE,TRUE,18,Non-contiguous numbering; many Lower Peninsula DMUs correspond to single counties,mi-dmu-017
MI,DMU 018,Deer Management Unit,18,,FALSE,TRUE,19,Non-contiguous numbering; many Lower Peninsula DMUs correspond to single counties,mi-dmu-018
MI,DMU 019,Deer Management Unit,19,,FALSE,TRUE,20,Non-contiguous numbering; many Lower Peninsula DMUs correspond to single counties,mi-dmu-019
MI,DMU 020,Deer Management Unit,20,,FALSE,TRUE,21,Non-contiguous numbering; many Lower Peninsula DMUs correspond to single counties,mi-dmu-020
MI,DMU 021,Deer Management Unit,21,,FALSE,TRUE,22,Non-contiguous numbering; many Lower Peninsula DMUs correspond to single counties,mi-dmu-021
MI,DMU 022,Deer Management Unit,22,,FALSE,TRUE,23,Non-contiguous numbering; many Lower Peninsula DMUs correspond to single counties,mi-dmu-022
MI,DMU 023,Deer Management Unit,23,,FALSE,TRUE,24,Non-contiguous numbering; many Lower Peninsula DMUs correspond to single counties,mi-dmu-023
MI,DMU 024,Deer Management Unit,24,,FALSE,TRUE,25,Non-contiguous numbering; many Lower Peninsula DMUs correspond to single counties,mi-dmu-024
MI,DMU 025,Deer Management Unit,25,,FALSE,TRUE,26,Non-contiguous numbering; many Lower Peninsula DMUs correspond to single counties,mi-dmu-025
MI,DMU 026,Deer Management Unit,26,,FALSE,TRUE,27,Non-contiguous numbering; many Lower Peninsula DMUs correspond to single counties,mi-dmu-026
MI,DMU 027,Deer Management Unit,27,,FALSE,TRUE,28,Non-contiguous numbering; many Lower Peninsula DMUs correspond to single counties,mi-dmu-027
MI,DMU 028,Deer Management Unit,28,,FALSE,TRUE,29,Non-contiguous numbering; many Lower Peninsula DMUs correspond to single counties,mi-dmu-028
MI,DMU 029,Deer Management Unit,29,,FALSE,TRUE,30,Non-contiguous numbering; many Lower Peninsula DMUs correspond to single counties,mi-dmu-029
MI,DMU 030,Deer Management Unit,30,,FALSE,TRUE,31,Non-contiguous numbering; many Lower Peninsula DMUs correspond to single counties,mi-dmu-030
MI,DMU 031,Deer Management Unit,31,,FALSE,TRUE,32,Non-contiguous numbering; many Lower Peninsula DMUs correspond to single counties,mi-dmu-031
MI,DMU 032,Deer Management Unit,32,,FALSE,TRUE,33,Non-contiguous numbering; many Lower Peninsula DMUs correspond to single counties,mi-dmu-032
MI,DMU 033,Deer Management Unit,33,,FALSE,TRUE,34,Non-contiguous numbering; many Lower Peninsula DMUs correspond to single counties,mi-dmu-033
MI,DMU 034,Deer Management Unit,34,,FALSE,TRUE,35,Non-contiguous numbering; many Lower Peninsula DMUs correspond to single counties,mi-dmu-034
MI,DMU 035,Deer Management Unit,35,,FALSE,TRUE,36,Non-contiguous numbering; many Lower Peninsula DMUs correspond to single counties,mi-dmu-035
MI,DMU 036,Deer Management Unit,36,,FALSE,TRUE,37,Non-contiguous numbering; many Lower Peninsula DMUs correspond to single counties,mi-dmu-036
MI,DMU 037,Deer Management Unit,37,,FALSE,TRUE,38,Non-contiguous numbering; many Lower Peninsula DMUs correspond to single counties,mi-dmu-037
MI,DMU 038,Deer Management Unit,38,,FALSE,TRUE,39,Non-contiguous numbering; many Lower Peninsula DMUs correspond to single counties,mi-dmu-038
MI,DMU 039,Deer Management Unit,39,,FALSE,TRUE,40,Non-contiguous numbering; many Lower Peninsula DMUs correspond to single counties,mi-dmu-039
MI,DMU 040,Deer Management Unit,40,,FALSE,TRUE,41,Non-contiguous numbering; many Lower Peninsula DMUs correspond to single counties,mi-dmu-040
MI,DMU 041,Deer Management Unit,41,,FALSE,TRUE,42,Non-contiguous numbering; many Lower Peninsula DMUs correspond to single counties,mi-dmu-041
MI,DMU 042,Deer Management Unit,42,,FALSE,TRUE,43,Non-contiguous numbering; many Lower Peninsula DMUs correspond to single counties,mi-dmu-042
MI,DMU 043,Deer Management Unit,43,,FALSE,TRUE,44,Non-contiguous numbering; many Lower Peninsula DMUs correspond to single counties,mi-dmu-043
MI,DMU 044,Deer Management Unit,44,,FALSE,TRUE,45,Non-contiguous numbering; many Lower Peninsula DMUs correspond to single counties,mi-dmu-044
MI,DMU 045,Deer Management Unit,45,,FALSE,TRUE,46,Non-contiguous numbering; many Lower Peninsula DMUs correspond to single counties,mi-dmu-045
MI,DMU 046,Deer Management Unit,46,,FALSE,TRUE,47,Non-contiguous numbering; many Lower Peninsula DMUs correspond to single counties,mi-dmu-046
MI,DMU 047,Deer Management Unit,47,,FALSE,TRUE,48,Non-contiguous numbering; many Lower Peninsula DMUs correspond to single counties,mi-dmu-047
MI,DMU 048,Deer Management Unit,48,,FALSE,TRUE,49,Non-contiguous numbering; many Lower Peninsula DMUs correspond to single counties,mi-dmu-048
MI,DMU 049,Deer Management Unit,49,,FALSE,TRUE,50,Non-contiguous numbering; many Lower Peninsula DMUs correspond to single counties,mi-dmu-049
MI,DMU 050,Deer Management Unit,50,,FALSE,TRUE,51,Non-contiguous numbering; many Lower Peninsula DMUs correspond to single counties,mi-dmu-050
MI,DMU 051,Deer Management Unit,51,,FALSE,TRUE,52,Non-contiguous numbering; many Lower Peninsula DMUs correspond to single counties,mi-dmu-051
MI,DMU 052,Deer Management Unit,52,,FALSE,TRUE,53,Non-contiguous numbering; many Lower Peninsula DMUs correspond to single counties,mi-dmu-052
MI,DMU 053,Deer Management Unit,53,,FALSE,TRUE,54,Non-contiguous numbering; many Lower Peninsula DMUs correspond to single counties,mi-dmu-053
MI,DMU 054,Deer Management Unit,54,,FALSE,TRUE,55,Non-contiguous numbering; many Lower Peninsula DMUs correspond to single counties,mi-dmu-054
MI,DMU 055,Deer Management Unit,55,,FALSE,TRUE,56,Non-contiguous numbering; many Lower Peninsula DMUs correspond to single counties,mi-dmu-055
MI,DMU 056,Deer Management Unit,56,,FALSE,TRUE,57,Non-contiguous numbering; many Lower Peninsula DMUs correspond to single counties,mi-dmu-056
MI,DMU 057,Deer Management Unit,57,,FALSE,TRUE,58,Non-contiguous numbering; many Lower Peninsula DMUs correspond to single counties,mi-dmu-057
MI,DMU 058,Deer Management Unit,58,,FALSE,TRUE,59,Non-contiguous numbering; many Lower Peninsula DMUs correspond to single counties,mi-dmu-058
MI,DMU 059,Deer Management Unit,59,,FALSE,TRUE,60,Non-contiguous numbering; many Lower Peninsula DMUs correspond to single counties,mi-dmu-059
MI,DMU 060,Deer Management Unit,60,,FALSE,TRUE,61,Non-contiguous numbering; many Lower Peninsula DMUs correspond to single counties,mi-dmu-060
MI,DMU 061,Deer Management Unit,61,,FALSE,TRUE,62,Non-contiguous numbering; many Lower Peninsula DMUs correspond to single counties,mi-dmu-061
MI,DMU 062,Deer Management Unit,62,,FALSE,TRUE,63,Non-contiguous numbering; many Lower Peninsula DMUs correspond to single counties,mi-dmu-062
MI,DMU 063,Deer Management Unit,63,,FALSE,TRUE,64,Non-contiguous numbering; many Lower Peninsula DMUs correspond to single counties,mi-dmu-063
MI,DMU 064,Deer Management Unit,64,,FALSE,TRUE,65,Non-contiguous numbering; many Lower Peninsula DMUs correspond to single counties,mi-dmu-064
MI,DMU 065,Deer Management Unit,65,,FALSE,TRUE,66,Non-contiguous numbering; many Lower Peninsula DMUs correspond to single counties,mi-dmu-065
MI,DMU 066,Deer Management Unit,66,,FALSE,TRUE,67,Non-contiguous numbering; many Lower Peninsula DMUs correspond to single counties,mi-dmu-066
MI,DMU 067,Deer Management Unit,67,,FALSE,TRUE,68,Non-contiguous numbering; many Lower Peninsula DMUs correspond to single counties,mi-dmu-067
MI,DMU 068,Deer Management Unit,68,,FALSE,TRUE,69,Non-contiguous numbering; many Lower Peninsula DMUs correspond to single counties,mi-dmu-068
MI,DMU 069,Deer Management Unit,69,,FALSE,TRUE,70,Non-contiguous numbering; many Lower Peninsula DMUs correspond to single counties,mi-dmu-069
MI,DMU 070,Deer Management Unit,70,,FALSE,TRUE,71,Non-contiguous numbering; many Lower Peninsula DMUs correspond to single counties,mi-dmu-070
MI,DMU 071,Deer Management Unit,71,,FALSE,TRUE,72,Non-contiguous numbering; many Lower Peninsula DMUs correspond to single counties,mi-dmu-071
MI,DMU 072,Deer Management Unit,72,,FALSE,TRUE,73,Non-contiguous numbering; many Lower Peninsula DMUs correspond to single counties,mi-dmu-072
MI,DMU 073,Deer Management Unit,73,,FALSE,TRUE,74,Non-contiguous numbering; many Lower Peninsula DMUs correspond to single counties,mi-dmu-073
MI,DMU 074,Deer Management Unit,74,,FALSE,TRUE,75,Non-contiguous numbering; many Lower Peninsula DMUs correspond to single counties,mi-dmu-074
MI,DMU 075,Deer Management Unit,75,,FALSE,TRUE,76,Non-contiguous numbering; many Lower Peninsula DMUs correspond to single counties,mi-dmu-075
MI,DMU 076,Deer Management Unit,76,,FALSE,TRUE,77,Non-contiguous numbering; many Lower Peninsula DMUs correspond to single counties,mi-dmu-076
MI,DMU 077,Deer Management Unit,77,,FALSE,TRUE,78,Non-contiguous numbering; many Lower Peninsula DMUs correspond to single counties,mi-dmu-077
MI,DMU 078,Deer Management Unit,78,,FALSE,TRUE,79,Non-contiguous numbering; many Lower Peninsula DMUs correspond to single counties,mi-dmu-078
MI,DMU 079,Deer Management Unit,79,,FALSE,TRUE,80,Non-contiguous numbering; many Lower Peninsula DMUs correspond to single counties,mi-dmu-079
MI,DMU 080,Deer Management Unit,80,,FALSE,TRUE,81,Non-contiguous numbering; many Lower Peninsula DMUs correspond to single counties,mi-dmu-080
MI,DMU 081,Deer Management Unit,81,,FALSE,TRUE,82,Non-contiguous numbering; many Lower Peninsula DMUs correspond to single counties,mi-dmu-081
MI,DMU 082,Deer Management Unit,82,,FALSE,TRUE,83,Non-contiguous numbering; many Lower Peninsula DMUs correspond to single counties,mi-dmu-082
MI,DMU 083,Deer Management Unit,83,,FALSE,TRUE,84,Non-contiguous numbering; many Lower Peninsula DMUs correspond to single counties,mi-dmu-083
MI,DMU 084,Deer Management Unit,84,,FALSE,TRUE,85,Non-contiguous numbering; many Lower Peninsula DMUs correspond to single counties,mi-dmu-084
MI,DMU 085,Deer Management Unit,85,,FALSE,TRUE,86,Non-contiguous numbering; many Lower Peninsula DMUs correspond to single counties,mi-dmu-085
MI,DMU 086,Deer Management Unit,86,,FALSE,TRUE,87,Non-contiguous numbering; many Lower Peninsula DMUs correspond to single counties,mi-dmu-086
MI,DMU 087,Deer Management Unit,87,,FALSE,TRUE,88,Non-contiguous numbering; many Lower Peninsula DMUs correspond to single counties,mi-dmu-087
MI,DMU 088,Deer Management Unit,88,,FALSE,TRUE,89,Non-contiguous numbering; many Lower Peninsula DMUs correspond to single counties,mi-dmu-088
MI,DMU 089,Deer Management Unit,89,,FALSE,TRUE,90,Non-contiguous numbering; many Lower Peninsula DMUs correspond to single counties,mi-dmu-089
MI,DMU 090,Deer Management Unit,90,,FALSE,TRUE,91,Non-contiguous numbering; many Lower Peninsula DMUs correspond to single counties,mi-dmu-090
MI,DMU 091,Deer Management Unit,91,,FALSE,TRUE,92,Non-contiguous numbering; many Lower Peninsula DMUs correspond to single counties,mi-dmu-091
MI,DMU 092,Deer Management Unit,92,,FALSE,TRUE,93,Non-contiguous numbering; many Lower Peninsula DMUs correspond to single counties,mi-dmu-092
MI,DMU 093,Deer Management Unit,93,,FALSE,TRUE,94,Non-contiguous numbering; many Lower Peninsula DMUs correspond to single counties,mi-dmu-093
MI,DMU 094,Deer Management Unit,94,,FALSE,TRUE,95,Non-contiguous numbering; many Lower Peninsula DMUs correspond to single counties,mi-dmu-094
MI,DMU 095,Deer Management Unit,95,,FALSE,TRUE,96,Non-contiguous numbering; many Lower Peninsula DMUs correspond to single counties,mi-dmu-095
MI,DMU 096,Deer Management Unit,96,,FALSE,TRUE,97,Non-contiguous numbering; many Lower Peninsula DMUs correspond to single counties,mi-dmu-096
MI,DMU 097,Deer Management Unit,97,,FALSE,TRUE,98,Non-contiguous numbering; many Lower Peninsula DMUs correspond to single counties,mi-dmu-097
MI,DMU 098,Deer Management Unit,98,,FALSE,TRUE,99,Non-contiguous numbering; many Lower Peninsula DMUs correspond to single counties,mi-dmu-098
MI,DMU 099,Deer Management Unit,99,,FALSE,TRUE,100,Non-contiguous numbering; many Lower Peninsula DMUs correspond to single counties,mi-dmu-099
MI,DMU 100,Deer Management Unit,100,,FALSE,TRUE,101,Non-contiguous numbering; many Lower Peninsula DMUs correspond to single counties,mi-dmu-100
MI,DMU 111,Deer Management Unit,111,,FALSE,TRUE,102,Non-contiguous numbering; many Lower Peninsula DMUs correspond to single counties,mi-dmu-111
MI,DMU 121,Deer Management Unit,121,,FALSE,TRUE,103,Non-contiguous numbering; many Lower Peninsula DMUs correspond to single counties,mi-dmu-121
MI,DMU 122,Deer Management Unit,122,,FALSE,TRUE,104,Non-contiguous numbering; many Lower Peninsula DMUs correspond to single counties,mi-dmu-122
MI,DMU 123,Deer Management Unit,123,,FALSE,TRUE,105,Non-contiguous numbering; many Lower Peninsula DMUs correspond to single counties,mi-dmu-123
MI,DMU 124,Deer Management Unit,124,,FALSE,TRUE,106,Non-contiguous numbering; many Lower Peninsula DMUs correspond to single counties,mi-dmu-124
MI,DMU 125,Deer Management Unit,125,,FALSE,TRUE,107,Non-contiguous numbering; many Lower Peninsula DMUs correspond to single counties,mi-dmu-125
MI,DMU 126,Deer Management Unit,126,,FALSE,TRUE,108,Non-contiguous numbering; many Lower Peninsula DMUs correspond to single counties,mi-dmu-126
MI,DMU 127,Deer Management Unit,127,,FALSE,TRUE,109,Non-contiguous numbering; many Lower Peninsula DMUs correspond to single counties,mi-dmu-127
MI,DMU 245,Deer Management Unit,245,,FALSE,TRUE,110,Non-contiguous numbering; many Lower Peninsula DMUs correspond to single counties,mi-dmu-245
MI,DMU 246,Deer Management Unit,246,,FALSE,TRUE,111,Non-contiguous numbering; many Lower Peninsula DMUs correspond to single counties,mi-dmu-246
MI,DMU 273,Deer Management Unit,273,,FALSE,TRUE,112,Non-contiguous numbering; many Lower Peninsula DMUs correspond to single counties,mi-dmu-273
MI,DMU 274,Deer Management Unit,274,,FALSE,TRUE,113,Non-contiguous numbering; many Lower Peninsula DMUs correspond to single counties,mi-dmu-274
MI,DMU 275,Deer Management Unit,275,,FALSE,TRUE,114,Non-contiguous numbering; many Lower Peninsula DMUs correspond to single counties,mi-dmu-275
MI,DMU 310,Deer Management Unit,310,,FALSE,TRUE,115,Non-contiguous numbering; many Lower Peninsula DMUs correspond to single counties,mi-dmu-310
MI,DMU 311,Deer Management Unit,311,,FALSE,TRUE,116,Non-contiguous numbering; many Lower Peninsula DMUs correspond to single counties,mi-dmu-311
MI,DMU 312,Deer Management Unit,312,,FALSE,TRUE,117,Non-contiguous numbering; many Lower Peninsula DMUs correspond to single counties,mi-dmu-312
MI,DMU 313,Deer Management Unit,313,,FALSE,TRUE,118,Non-contiguous numbering; many Lower Peninsula DMUs correspond to single counties,mi-dmu-313
MI,DMU 314,Deer Management Unit,314,,FALSE,TRUE,119,Non-contiguous numbering; many Lower Peninsula DMUs correspond to single counties,mi-dmu-314
MI,DMU 315,Deer Management Unit,315,,FALSE,TRUE,120,Non-contiguous numbering; many Lower Peninsula DMUs correspond to single counties,mi-dmu-315
MI,DMU 316,Deer Management Unit,316,,FALSE,TRUE,121,Non-contiguous numbering; many Lower Peninsula DMUs correspond to single counties,mi-dmu-316
MI,DMU 317,Deer Management Unit,317,,FALSE,TRUE,122,Non-contiguous numbering; many Lower Peninsula DMUs correspond to single counties,mi-dmu-317
MI,DMU 318,Deer Management Unit,318,,FALSE,TRUE,123,Non-contiguous numbering; many Lower Peninsula DMUs correspond to single counties,mi-dmu-318
MI,DMU 319,Deer Management Unit,319,,FALSE,TRUE,124,Non-contiguous numbering; many Lower Peninsula DMUs correspond to single counties,mi-dmu-319
MI,DMU 320,Deer Management Unit,320,,FALSE,TRUE,125,Non-contiguous numbering; many Lower Peninsula DMUs correspond to single counties,mi-dmu-320
MI,DMU 444,Deer Management Unit,444,,FALSE,TRUE,126,Non-contiguous numbering; many Lower Peninsula DMUs correspond to single counties,mi-dmu-444
MI,DMU 445,Deer Management Unit,445,,FALSE,TRUE,127,Non-contiguous numbering; many Lower Peninsula DMUs correspond to single counties,mi-dmu-445
MI,DMU 446,Deer Management Unit,446,,FALSE,TRUE,128,Non-contiguous numbering; many Lower Peninsula DMUs correspond to single counties,mi-dmu-446
MI,DMU 447,Deer Management Unit,447,,FALSE,TRUE,129,Non-contiguous numbering; many Lower Peninsula DMUs correspond to single counties,mi-dmu-447
MI,DMU 461,Deer Management Unit,461,,FALSE,TRUE,130,Non-contiguous numbering; many Lower Peninsula DMUs correspond to single counties,mi-dmu-461
MI,DMU 462,Deer Management Unit,462,,FALSE,TRUE,131,Non-contiguous numbering; many Lower Peninsula DMUs correspond to single counties,mi-dmu-462
MI,DMU 463,Deer Management Unit,463,,FALSE,TRUE,132,Non-contiguous numbering; many Lower Peninsula DMUs correspond to single counties,mi-dmu-463
MI,DMU 486,Deer Management Unit,486,,FALSE,TRUE,133,Non-contiguous numbering; many Lower Peninsula DMUs correspond to single counties,mi-dmu-486
MN,Statewide,Statewide,,,TRUE,TRUE,1,Licenses not tied to a specific sub-unit,mn-statewide
MN,DPA 101,Deer Permit Area,101,,FALSE,TRUE,2,Northern DPA,mn-dpa-101
MN,DPA 102,Deer Permit Area,102,,FALSE,TRUE,3,Northern DPA,mn-dpa-102
MN,DPA 103,Deer Permit Area,103,,FALSE,TRUE,4,Northern DPA,mn-dpa-103
MN,DPA 104,Deer Permit Area,104,,FALSE,TRUE,5,Northern DPA,mn-dpa-104
MN,DPA 105,Deer Permit Area,105,,FALSE,TRUE,6,Northern DPA,mn-dpa-105
MN,DPA 106,Deer Permit Area,106,,FALSE,TRUE,7,Northern DPA,mn-dpa-106
MN,DPA 107,Deer Permit Area,107,,FALSE,TRUE,8,Northern DPA,mn-dpa-107
MN,DPA 108,Deer Permit Area,108,,FALSE,TRUE,9,Northern DPA,mn-dpa-108
MN,DPA 109,Deer Permit Area,109,,FALSE,TRUE,10,Northern DPA,mn-dpa-109
MN,DPA 110,Deer Permit Area,110,,FALSE,TRUE,11,Northern DPA,mn-dpa-110
MN,DPA 111,Deer Permit Area,111,,FALSE,TRUE,12,Northern DPA,mn-dpa-111
MN,DPA 112,Deer Permit Area,112,,FALSE,TRUE,13,Northern DPA,mn-dpa-112
MN,DPA 113,Deer Permit Area,113,,FALSE,TRUE,14,Northern DPA,mn-dpa-113
MN,DPA 114,Deer Permit Area,114,,FALSE,TRUE,15,Northern DPA,mn-dpa-114
MN,DPA 115,Deer Permit Area,115,,FALSE,TRUE,16,Northern DPA,mn-dpa-115
MN,DPA 116,Deer Permit Area,116,,FALSE,TRUE,17,Northern DPA,mn-dpa-116
MN,DPA 117,Deer Permit Area,117,,FALSE,TRUE,18,Northern DPA,mn-dpa-117
MN,DPA 118,Deer Permit Area,118,,FALSE,TRUE,19,Northern DPA,mn-dpa-118
MN,DPA 119,Deer Permit Area,119,,FALSE,TRUE,20,Northern DPA,mn-dpa-119
MN,DPA 120,Deer Permit Area,120,,FALSE,TRUE,21,Northern DPA,mn-dpa-120
MN,DPA 121,Deer Permit Area,121,,FALSE,TRUE,22,Northern DPA,mn-dpa-121
MN,DPA 122,Deer Permit Area,122,,FALSE,TRUE,23,Northern DPA,mn-dpa-122
MN,DPA 123,Deer Permit Area,123,,FALSE,TRUE,24,Northern DPA,mn-dpa-123
MN,DPA 124,Deer Permit Area,124,,FALSE,TRUE,25,Northern DPA,mn-dpa-124
MN,DPA 125,Deer Permit Area,125,,FALSE,TRUE,26,Northern DPA,mn-dpa-125
MN,DPA 126,Deer Permit Area,126,,FALSE,TRUE,27,Northern DPA,mn-dpa-126
MN,DPA 127,Deer Permit Area,127,,FALSE,TRUE,28,Northern DPA,mn-dpa-127
MN,DPA 128,Deer Permit Area,128,,FALSE,TRUE,29,Northern DPA,mn-dpa-128
MN,DPA 129,Deer Permit Area,129,,FALSE,TRUE,30,Northern DPA,mn-dpa-129
MN,DPA 130,Deer Permit Area,130,,FALSE,TRUE,31,Northern DPA,mn-dpa-130
MN,DPA 131,Deer Permit Area,131,,FALSE,TRUE,32,Northern DPA,mn-dpa-131
MN,DPA 132,Deer Permit Area,132,,FALSE,TRUE,33,Northern DPA,mn-dpa-132
MN,DPA 133,Deer Permit Area,133,,FALSE,TRUE,34,Northern DPA,mn-dpa-133
MN,DPA 134,Deer Permit Area,134,,FALSE,TRUE,35,Northern DPA,mn-dpa-134
MN,DPA 135,Deer Permit Area,135,,FALSE,TRUE,36,Northern DPA,mn-dpa-135
MN,DPA 136,Deer Permit Area,136,,FALSE,TRUE,37,Northern DPA,mn-dpa-136
MN,DPA 137,Deer Permit Area,137,,FALSE,TRUE,38,Northern DPA,mn-dpa-137
MN,DPA 138,Deer Permit Area,138,,FALSE,TRUE,39,Northern DPA,mn-dpa-138
MN,DPA 139,Deer Permit Area,139,,FALSE,TRUE,40,Northern DPA,mn-dpa-139
MN,DPA 140,Deer Permit Area,140,,FALSE,TRUE,41,Northern DPA,mn-dpa-140
MN,DPA 141,Deer Permit Area,141,,FALSE,TRUE,42,Northern DPA,mn-dpa-141
MN,DPA 142,Deer Permit Area,142,,FALSE,TRUE,43,Northern DPA,mn-dpa-142
MN,DPA 143,Deer Permit Area,143,,FALSE,TRUE,44,Northern DPA,mn-dpa-143
MN,DPA 144,Deer Permit Area,144,,FALSE,TRUE,45,Northern DPA,mn-dpa-144
MN,DPA 145,Deer Permit Area,145,,FALSE,TRUE,46,Northern DPA,mn-dpa-145
MN,DPA 146,Deer Permit Area,146,,FALSE,TRUE,47,Northern DPA,mn-dpa-146
MN,DPA 147,Deer Permit Area,147,,FALSE,TRUE,48,Northern DPA,mn-dpa-147
MN,DPA 148,Deer Permit Area,148,,FALSE,TRUE,49,Northern DPA,mn-dpa-148
MN,DPA 149,Deer Permit Area,149,,FALSE,TRUE,50,Northern DPA,mn-dpa-149
MN,DPA 150,Deer Permit Area,150,,FALSE,TRUE,51,Northern DPA,mn-dpa-150
MN,DPA 151,Deer Permit Area,151,,FALSE,TRUE,52,Northern DPA,mn-dpa-151
MN,DPA 152,Deer Permit Area,152,,FALSE,TRUE,53,Northern DPA,mn-dpa-152
MN,DPA 153,Deer Permit Area,153,,FALSE,TRUE,54,Northern DPA,mn-dpa-153
MN,DPA 154,Deer Permit Area,154,,FALSE,TRUE,55,Northern DPA,mn-dpa-154
MN,DPA 155,Deer Permit Area,155,,FALSE,TRUE,56,Northern DPA,mn-dpa-155
MN,DPA 156,Deer Permit Area,156,,FALSE,TRUE,57,Northern DPA,mn-dpa-156
MN,DPA 157,Deer Permit Area,157,,FALSE,TRUE,58,Northern DPA,mn-dpa-157
MN,DPA 158,Deer Permit Area,158,,FALSE,TRUE,59,Northern DPA,mn-dpa-158
MN,DPA 159,Deer Permit Area,159,,FALSE,TRUE,60,Northern DPA,mn-dpa-159
MN,DPA 160,Deer Permit Area,160,,FALSE,TRUE,61,Northern DPA,mn-dpa-160
MN,DPA 161,Deer Permit Area,161,,FALSE,TRUE,62,Northern DPA,mn-dpa-161
MN,DPA 162,Deer Permit Area,162,,FALSE,TRUE,63,Northern DPA,mn-dpa-162
MN,DPA 163,Deer Permit Area,163,,FALSE,TRUE,64,Northern DPA,mn-dpa-163
MN,DPA 164,Deer Permit Area,164,,FALSE,TRUE,65,Northern DPA,mn-dpa-164
MN,DPA 165,Deer Permit Area,165,,FALSE,TRUE,66,Northern DPA,mn-dpa-165
MN,DPA 166,Deer Permit Area,166,,FALSE,TRUE,67,Northern DPA,mn-dpa-166
MN,DPA 167,Deer Permit Area,167,,FALSE,TRUE,68,Northern DPA,mn-dpa-167
MN,DPA 168,Deer Permit Area,168,,FALSE,TRUE,69,Northern DPA,mn-dpa-168
MN,DPA 169,Deer Permit Area,169,,FALSE,TRUE,70,Northern DPA,mn-dpa-169
MN,DPA 170,Deer Permit Area,170,,FALSE,TRUE,71,Northern DPA,mn-dpa-170
MN,DPA 171,Deer Permit Area,171,,FALSE,TRUE,72,Northern DPA,mn-dpa-171
MN,DPA 172,Deer Permit Area,172,,FALSE,TRUE,73,Northern DPA,mn-dpa-172
MN,DPA 173,Deer Permit Area,173,,FALSE,TRUE,74,Northern DPA,mn-dpa-173
MN,DPA 174,Deer Permit Area,174,,FALSE,TRUE,75,Northern DPA,mn-dpa-174
MN,DPA 175,Deer Permit Area,175,,FALSE,TRUE,76,Northern DPA,mn-dpa-175
MN,DPA 176,Deer Permit Area,176,,FALSE,TRUE,77,Northern DPA,mn-dpa-176
MN,DPA 177,Deer Permit Area,177,,FALSE,TRUE,78,Northern DPA,mn-dpa-177
MN,DPA 178,Deer Permit Area,178,,FALSE,TRUE,79,Northern DPA,mn-dpa-178
MN,DPA 179,Deer Permit Area,179,,FALSE,TRUE,80,Northern DPA,mn-dpa-179
MN,DPA 180,Deer Permit Area,180,,FALSE,TRUE,81,Northern DPA,mn-dpa-180
MN,DPA 181,Deer Permit Area,181,,FALSE,TRUE,82,Northern DPA,mn-dpa-181
MN,DPA 182,Deer Permit Area,182,,FALSE,TRUE,83,Northern DPA,mn-dpa-182
MN,DPA 183,Deer Permit Area,183,,FALSE,TRUE,84,Northern DPA,mn-dpa-183
MN,DPA 184,Deer Permit Area,184,,FALSE,TRUE,85,Northern DPA,mn-dpa-184
MN,DPA 185,Deer Permit Area,185,,FALSE,TRUE,86,Northern DPA,mn-dpa-185
MN,DPA 186,Deer Permit Area,186,,FALSE,TRUE,87,Northern DPA,mn-dpa-186
MN,DPA 187,Deer Permit Area,187,,FALSE,TRUE,88,Northern DPA,mn-dpa-187
MN,DPA 188,Deer Permit Area,188,,FALSE,TRUE,89,Northern DPA,mn-dpa-188
MN,DPA 189,Deer Permit Area,189,,FALSE,TRUE,90,Northern DPA,mn-dpa-189
MN,DPA 190,Deer Permit Area,190,,FALSE,TRUE,91,Northern DPA,mn-dpa-190
MN,DPA 191,Deer Permit Area,191,,FALSE,TRUE,92,Northern DPA,mn-dpa-191
MN,DPA 192,Deer Permit Area,192,,FALSE,TRUE,93,Northern DPA,mn-dpa-192
MN,DPA 193,Deer Permit Area,193,,FALSE,TRUE,94,Northern DPA,mn-dpa-193
MN,DPA 194,Deer Permit Area,194,,FALSE,TRUE,95,Northern DPA,mn-dpa-194
MN,DPA 195,Deer Permit Area,195,,FALSE,TRUE,96,Northern DPA,mn-dpa-195
MN,DPA 196,Deer Permit Area,196,,FALSE,TRUE,97,Northern DPA,mn-dpa-196
MN,DPA 197,Deer Permit Area,197,,FALSE,TRUE,98,Northern DPA,mn-dpa-197
MN,DPA 198,Deer Permit Area,198,,FALSE,TRUE,99,Northern DPA,mn-dpa-198
MN,DPA 199,Deer Permit Area,199,,FALSE,TRUE,100,Northern DPA,mn-dpa-199
MN,DPA 200,Deer Permit Area,200,,FALSE,TRUE,101,Central/Western DPA,mn-dpa-200
MN,DPA 201,Deer Permit Area,201,,FALSE,TRUE,102,Central/Western DPA,mn-dpa-201
MN,DPA 202,Deer Permit Area,202,,FALSE,TRUE,103,Central/Western DPA,mn-dpa-202
MN,DPA 203,Deer Permit Area,203,,FALSE,TRUE,104,Central/Western DPA,mn-dpa-203
MN,DPA 204,Deer Permit Area,204,,FALSE,TRUE,105,Central/Western DPA,mn-dpa-204
MN,DPA 205,Deer Permit Area,205,,FALSE,TRUE,106,Central/Western DPA,mn-dpa-205
MN,DPA 206,Deer Permit Area,206,,FALSE,TRUE,107,Central/Western DPA,mn-dpa-206
MN,DPA 207,Deer Permit Area,207,,FALSE,TRUE,108,Central/Western DPA,mn-dpa-207
MN,DPA 208,Deer Permit Area,208,,FALSE,TRUE,109,Central/Western DPA,mn-dpa-208
MN,DPA 209,Deer Permit Area,209,,FALSE,TRUE,110,Central/Western DPA,mn-dpa-209
MN,DPA 210,Deer Permit Area,210,,FALSE,TRUE,111,Central/Western DPA,mn-dpa-210
MN,DPA 211,Deer Permit Area,211,,FALSE,TRUE,112,Central/Western DPA,mn-dpa-211
MN,DPA 212,Deer Permit Area,212,,FALSE,TRUE,113,Central/Western DPA,mn-dpa-212
MN,DPA 213,Deer Permit Area,213,,FALSE,TRUE,114,Central/Western DPA,mn-dpa-213
MN,DPA 214,Deer Permit Area,214,,FALSE,TRUE,115,Central/Western DPA,mn-dpa-214
MN,DPA 215,Deer Permit Area,215,,FALSE,TRUE,116,Central/Western DPA,mn-dpa-215
MN,DPA 216,Deer Permit Area,216,,FALSE,TRUE,117,Central/Western DPA,mn-dpa-216
MN,DPA 217,Deer Permit Area,217,,FALSE,TRUE,118,Central/Western DPA,mn-dpa-217
MN,DPA 218,Deer Permit Area,218,,FALSE,TRUE,119,Central/Western DPA,mn-dpa-218
MN,DPA 219,Deer Permit Area,219,,FALSE,TRUE,120,Central/Western DPA,mn-dpa-219
MN,DPA 220,Deer Permit Area,220,,FALSE,TRUE,121,Central/Western DPA,mn-dpa-220
MN,DPA 221,Deer Permit Area,221,,FALSE,TRUE,122,Central/Western DPA,mn-dpa-221
MN,DPA 222,Deer Permit Area,222,,FALSE,TRUE,123,Central/Western DPA,mn-dpa-222
MN,DPA 223,Deer Permit Area,223,,FALSE,TRUE,124,Central/Western DPA,mn-dpa-223
MN,DPA 224,Deer Permit Area,224,,FALSE,TRUE,125,Central/Western DPA,mn-dpa-224
MN,DPA 225,Deer Permit Area,225,,FALSE,TRUE,126,Central/Western DPA,mn-dpa-225
MN,DPA 226,Deer Permit Area,226,,FALSE,TRUE,127,Central/Western DPA,mn-dpa-226
MN,DPA 227,Deer Permit Area,227,,FALSE,TRUE,128,Central/Western DPA,mn-dpa-227
MN,DPA 228,Deer Permit Area,228,,FALSE,TRUE,129,Central/Western DPA,mn-dpa-228
MN,DPA 229,Deer Permit Area,229,,FALSE,TRUE,130,Central/Western DPA,mn-dpa-229
MN,DPA 230,Deer Permit Area,230,,FALSE,TRUE,131,Central/Western DPA,mn-dpa-230
MN,DPA 231,Deer Permit Area,231,,FALSE,TRUE,132,Central/Western DPA,mn-dpa-231
MN,DPA 232,Deer Permit Area,232,,FALSE,TRUE,133,Central/Western DPA,mn-dpa-232
MN,DPA 233,Deer Permit Area,233,,FALSE,TRUE,134,Central/Western DPA,mn-dpa-233
MN,DPA 234,Deer Permit Area,234,,FALSE,TRUE,135,Central/Western DPA,mn-dpa-234
MN,DPA 235,Deer Permit Area,235,,FALSE,TRUE,136,Central/Western DPA,mn-dpa-235
MN,DPA 236,Deer Permit Area,236,,FALSE,TRUE,137,Central/Western DPA,mn-dpa-236
MN,DPA 237,Deer Permit Area,237,,FALSE,TRUE,138,Central/Western DPA,mn-dpa-237
MN,DPA 238,Deer Permit Area,238,,FALSE,TRUE,139,Central/Western DPA,mn-dpa-238
MN,DPA 239,Deer Permit Area,239,,FALSE,TRUE,140,Central/Western DPA,mn-dpa-239
MN,DPA 240,Deer Permit Area,240,,FALSE,TRUE,141,Central/Western DPA,mn-dpa-240
MN,DPA 241,Deer Permit Area,241,,FALSE,TRUE,142,Central/Western DPA,mn-dpa-241
MN,DPA 242,Deer Permit Area,242,,FALSE,TRUE,143,Central/Western DPA,mn-dpa-242
MN,DPA 243,Deer Permit Area,243,,FALSE,TRUE,144,Central/Western DPA,mn-dpa-243
MN,DPA 244,Deer Permit Area,244,,FALSE,TRUE,145,Central/Western DPA,mn-dpa-244
MN,DPA 245,Deer Permit Area,245,,FALSE,TRUE,146,Central/Western DPA,mn-dpa-245
MN,DPA 246,Deer Permit Area,246,,FALSE,TRUE,147,Central/Western DPA,mn-dpa-246
MN,DPA 247,Deer Permit Area,247,,FALSE,TRUE,148,Central/Western DPA,mn-dpa-247
MN,DPA 248,Deer Permit Area,248,,FALSE,TRUE,149,Central/Western DPA,mn-dpa-248
MN,DPA 249,Deer Permit Area,249,,FALSE,TRUE,150,Central/Western DPA,mn-dpa-249
MN,DPA 250,Deer Permit Area,250,,FALSE,TRUE,151,Central/Western DPA,mn-dpa-250
MN,DPA 251,Deer Permit Area,251,,FALSE,TRUE,152,Central/Western DPA,mn-dpa-251
MN,DPA 252,Deer Permit Area,252,,FALSE,TRUE,153,Central/Western DPA,mn-dpa-252
MN,DPA 253,Deer Permit Area,253,,FALSE,TRUE,154,Central/Western DPA,mn-dpa-253
MN,DPA 254,Deer Permit Area,254,,FALSE,TRUE,155,Central/Western DPA,mn-dpa-254
MN,DPA 255,Deer Permit Area,255,,FALSE,TRUE,156,Central/Western DPA,mn-dpa-255
MN,DPA 256,Deer Permit Area,256,,FALSE,TRUE,157,Central/Western DPA,mn-dpa-256
MN,DPA 257,Deer Permit Area,257,,FALSE,TRUE,158,Central/Western DPA,mn-dpa-257
MN,DPA 258,Deer Permit Area,258,,FALSE,TRUE,159,Central/Western DPA,mn-dpa-258
MN,DPA 259,Deer Permit Area,259,,FALSE,TRUE,160,Central/Western DPA,mn-dpa-259
MN,DPA 260,Deer Permit Area,260,,FALSE,TRUE,161,Central/Western DPA,mn-dpa-260
MN,DPA 261,Deer Permit Area,261,,FALSE,TRUE,162,Central/Western DPA,mn-dpa-261
MN,DPA 262,Deer Permit Area,262,,FALSE,TRUE,163,Central/Western DPA,mn-dpa-262
MN,DPA 263,Deer Permit Area,263,,FALSE,TRUE,164,Central/Western DPA,mn-dpa-263
MN,DPA 264,Deer Permit Area,264,,FALSE,TRUE,165,Central/Western DPA,mn-dpa-264
MN,DPA 265,Deer Permit Area,265,,FALSE,TRUE,166,Central/Western DPA,mn-dpa-265
MN,DPA 266,Deer Permit Area,266,,FALSE,TRUE,167,Central/Western DPA,mn-dpa-266
MN,DPA 267,Deer Permit Area,267,,FALSE,TRUE,168,Central/Western DPA,mn-dpa-267
MN,DPA 268,Deer Permit Area,268,,FALSE,TRUE,169,Central/Western DPA,mn-dpa-268
MN,DPA 269,Deer Permit Area,269,,FALSE,TRUE,170,Central/Western DPA,mn-dpa-269
MN,DPA 270,Deer Permit Area,270,,FALSE,TRUE,171,Central/Western DPA,mn-dpa-270
MN,DPA 271,Deer Permit Area,271,,FALSE,TRUE,172,Central/Western DPA,mn-dpa-271
MN,DPA 272,Deer Permit Area,272,,FALSE,TRUE,173,Central/Western DPA,mn-dpa-272
MN,DPA 273,Deer Permit Area,273,,FALSE,TRUE,174,Central/Western DPA,mn-dpa-273
MN,DPA 274,Deer Permit Area,274,,FALSE,TRUE,175,Central/Western DPA,mn-dpa-274
MN,DPA 275,Deer Permit Area,275,,FALSE,TRUE,176,Central/Western DPA,mn-dpa-275
MN,DPA 276,Deer Permit Area,276,,FALSE,TRUE,177,Central/Western DPA,mn-dpa-276
MN,DPA 277,Deer Permit Area,277,,FALSE,TRUE,178,Central/Western DPA,mn-dpa-277
MN,DPA 278,Deer Permit Area,278,,FALSE,TRUE,179,Central/Western DPA,mn-dpa-278
MN,DPA 279,Deer Permit Area,279,,FALSE,TRUE,180,Central/Western DPA,mn-dpa-279
MN,DPA 300,Deer Permit Area,300,,FALSE,TRUE,181,Southeast DPA,mn-dpa-300
MN,DPA 301,Deer Permit Area,301,,FALSE,TRUE,182,Southeast DPA,mn-dpa-301
MN,DPA 302,Deer Permit Area,302,,FALSE,TRUE,183,Southeast DPA,mn-dpa-302
MN,DPA 303,Deer Permit Area,303,,FALSE,TRUE,184,Southeast DPA,mn-dpa-303
MN,DPA 304,Deer Permit Area,304,,FALSE,TRUE,185,Southeast DPA,mn-dpa-304
MN,DPA 305,Deer Permit Area,305,,FALSE,TRUE,186,Southeast DPA,mn-dpa-305
MN,DPA 306,Deer Permit Area,306,,FALSE,TRUE,187,Southeast DPA,mn-dpa-306
MN,DPA 307,Deer Permit Area,307,,FALSE,TRUE,188,Southeast DPA,mn-dpa-307
MN,DPA 308,Deer Permit Area,308,,FALSE,TRUE,189,Southeast DPA,mn-dpa-308
MN,DPA 309,Deer Permit Area,309,,FALSE,TRUE,190,Southeast DPA,mn-dpa-309
MN,DPA 310,Deer Permit Area,310,,FALSE,TRUE,191,Southeast DPA,mn-dpa-310
MN,DPA 311,Deer Permit Area,311,,FALSE,TRUE,192,Southeast DPA,mn-dpa-311
MN,DPA 312,Deer Permit Area,312,,FALSE,TRUE,193,Southeast DPA,mn-dpa-312
MN,DPA 313,Deer Permit Area,313,,FALSE,TRUE,194,Southeast DPA,mn-dpa-313
MN,DPA 314,Deer Permit Area,314,,FALSE,TRUE,195,Southeast DPA,mn-dpa-314
MN,DPA 315,Deer Permit Area,315,,FALSE,TRUE,196,Southeast DPA,mn-dpa-315
MN,DPA 316,Deer Permit Area,316,,FALSE,TRUE,197,Southeast DPA,mn-dpa-316
MN,DPA 317,Deer Permit Area,317,,FALSE,TRUE,198,Southeast DPA,mn-dpa-317
MN,DPA 318,Deer Permit Area,318,,FALSE,TRUE,199,Southeast DPA,mn-dpa-318
MN,DPA 319,Deer Permit Area,319,,FALSE,TRUE,200,Southeast DPA,mn-dpa-319
MN,DPA 320,Deer Permit Area,320,,FALSE,TRUE,201,Southeast DPA,mn-dpa-320
MN,DPA 321,Deer Permit Area,321,,FALSE,TRUE,202,Southeast DPA,mn-dpa-321
MN,DPA 322,Deer Permit Area,322,,FALSE,TRUE,203,Southeast DPA,mn-dpa-322
MN,DPA 323,Deer Permit Area,323,,FALSE,TRUE,204,Southeast DPA,mn-dpa-323
MN,DPA 324,Deer Permit Area,324,,FALSE,TRUE,205,Southeast DPA,mn-dpa-324
MN,DPA 325,Deer Permit Area,325,,FALSE,TRUE,206,Southeast DPA,mn-dpa-325
MN,DPA 326,Deer Permit Area,326,,FALSE,TRUE,207,Southeast DPA,mn-dpa-326
MN,DPA 327,Deer Permit Area,327,,FALSE,TRUE,208,Southeast DPA,mn-dpa-327
MN,DPA 328,Deer Permit Area,328,,FALSE,TRUE,209,Southeast DPA,mn-dpa-328
MN,DPA 329,Deer Permit Area,329,,FALSE,TRUE,210,Southeast DPA,mn-dpa-329
MN,DPA 330,Deer Permit Area,330,,FALSE,TRUE,211,Southeast DPA,mn-dpa-330
MN,DPA 331,Deer Permit Area,331,,FALSE,TRUE,212,Southeast DPA,mn-dpa-331
MN,DPA 332,Deer Permit Area,332,,FALSE,TRUE,213,Southeast DPA,mn-dpa-332
MN,DPA 333,Deer Permit Area,333,,FALSE,TRUE,214,Southeast DPA,mn-dpa-333
MN,DPA 334,Deer Permit Area,334,,FALSE,TRUE,215,Southeast DPA,mn-dpa-334
MN,DPA 335,Deer Permit Area,335,,FALSE,TRUE,216,Southeast DPA,mn-dpa-335
MN,DPA 336,Deer Permit Area,336,,FALSE,TRUE,217,Southeast DPA,mn-dpa-336
MN,DPA 337,Deer Permit Area,337,,FALSE,TRUE,218,Southeast DPA,mn-dpa-337
MN,DPA 338,Deer Permit Area,338,,FALSE,TRUE,219,Southeast DPA,mn-dpa-338
MN,DPA 339,Deer Permit Area,339,,FALSE,TRUE,220,Southeast DPA,mn-dpa-339
MN,DPA 340,Deer Permit Area,340,,FALSE,TRUE,221,Southeast DPA,mn-dpa-340
MN,DPA 341,Deer Permit Area,341,,FALSE,TRUE,222,Southeast DPA,mn-dpa-341
MN,DPA 342,Deer Permit Area,342,,FALSE,TRUE,223,Southeast DPA,mn-dpa-342
MN,DPA 343,Deer Permit Area,343,,FALSE,TRUE,224,Southeast DPA,mn-dpa-343
MN,DPA 344,Deer Permit Area,344,,FALSE,TRUE,225,Southeast DPA,mn-dpa-344
MN,DPA 345,Deer Permit Area,345,,FALSE,TRUE,226,Southeast DPA,mn-dpa-345
MN,DPA 601,Deer Permit Area,601,,FALSE,TRUE,227,CWD Management Zone,mn-dpa-601
MN,DPA 604,Deer Permit Area,604,,FALSE,TRUE,228,CWD Management Zone,mn-dpa-604
MN,DPA 605,Deer Permit Area,605,,FALSE,TRUE,229,CWD Management Zone,mn-dpa-605
MN,DPA 642,Deer Permit Area,642,,FALSE,TRUE,230,CWD Management Zone,mn-dpa-642
MN,DPA 643,Deer Permit Area,643,,FALSE,TRUE,231,CWD Management Zone,mn-dpa-643
MN,DPA 644,Deer Permit Area,644,,FALSE,TRUE,232,CWD Management Zone,mn-dpa-644
MN,DPA 645,Deer Permit Area,645,,FALSE,TRUE,233,CWD Management Zone,mn-dpa-645
MN,DPA 646,Deer Permit Area,646,,FALSE,TRUE,234,CWD Management Zone,mn-dpa-646
MN,DPA 647,Deer Permit Area,647,,FALSE,TRUE,235,CWD Management Zone,mn-dpa-647
MN,DPA 648,Deer Permit Area,648,,FALSE,TRUE,236,CWD Management Zone,mn-dpa-648
MN,DPA 649,Deer Permit Area,649,,FALSE,TRUE,237,CWD Management Zone,mn-dpa-649
MN,DPA 655,Deer Permit Area,655,,FALSE,TRUE,238,CWD Management Zone,mn-dpa-655
MN,DPA 661,Deer Permit Area,661,,FALSE,TRUE,239,CWD Management Zone,mn-dpa-661
MN,DPA 666,Deer Permit Area,666,,FALSE,TRUE,240,CWD Management Zone,mn-dpa-666
MN,DPA 671,Deer Permit Area,671,,FALSE,TRUE,241,CWD Management Zone,mn-dpa-671
MN,DPA 679,Deer Permit Area,679,,FALSE,TRUE,242,CWD Management Zone,mn-dpa-679
MN,DPA 684,Deer Permit Area,684,,FALSE,TRUE,243,CWD Management Zone,mn-dpa-684
MN,DPA 701,Deer Permit Area,701,,FALSE,TRUE,244,Special management DPA,mn-dpa-701
MO,Statewide,Statewide,,,TRUE,TRUE,1,Licenses not tied to a specific sub-unit,mo-statewide
MO,Adair,County,,29001,FALSE,TRUE,2,,mo-adair
MO,Andrew,County,,29003,FALSE,TRUE,3,,mo-andrew
MO,Atchison,County,,29005,FALSE,TRUE,4,,mo-atchison
MO,Audrain,County,,29007,FALSE,TRUE,5,,mo-audrain
MO,Barry,County,,29009,FALSE,TRUE,6,,mo-barry
MO,Barton,County,,29011,FALSE,TRUE,7,,mo-barton
MO,Bates,County,,29013,FALSE,TRUE,8,,mo-bates
MO,Benton,County,,29015,FALSE,TRUE,9,,mo-benton
MO,Bollinger,County,,29017,FALSE,TRUE,10,,mo-bollinger
MO,Boone,County,,29019,FALSE,TRUE,11,,mo-boone
MO,Buchanan,County,,29021,FALSE,TRUE,12,,mo-buchanan
MO,Butler,County,,29023,FALSE,TRUE,13,,mo-butler
MO,Caldwell,County,,29025,FALSE,TRUE,14,,mo-caldwell
MO,Callaway,County,,29027,FALSE,TRUE,15,,mo-callaway
MO,Camden,County,,29029,FALSE,TRUE,16,,mo-camden
MO,Cape Girardeau,County,,29031,FALSE,TRUE,17,,mo-cape-girardeau
MO,Carroll,County,,29033,FALSE,TRUE,18,,mo-carroll
MO,Carter,County,,29035,FALSE,TRUE,19,,mo-carter
MO,Cass,County,,29037,FALSE,TRUE,20,,mo-cass
MO,Cedar,County,,29039,FALSE,TRUE,21,,mo-cedar
MO,Chariton,County,,29041,FALSE,TRUE,22,,mo-chariton
MO,Christian,County,,29043,FALSE,TRUE,23,,mo-christian
MO,Clark,County,,29045,FALSE,TRUE,24,,mo-clark
MO,Clay,County,,29047,FALSE,TRUE,25,,mo-clay
MO,Clinton,County,,29049,FALSE,TRUE,26,,mo-clinton
MO,Cole,County,,29051,FALSE,TRUE,27,,mo-cole
MO,Cooper,County,,29053,FALSE,TRUE,28,,mo-cooper
MO,Crawford,County,,29055,FALSE,TRUE,29,,mo-crawford
MO,Dade,County,,29057,FALSE,TRUE,30,,mo-dade
MO,Dallas,County,,29059,FALSE,TRUE,31,,mo-dallas
MO,Daviess,County,,29061,FALSE,TRUE,32,,mo-daviess
MO,DeKalb,County,,29063,FALSE,TRUE,33,,mo-dekalb
MO,Dent,County,,29065,FALSE,TRUE,34,,mo-dent
MO,Douglas,County,,29067,FALSE,TRUE,35,,mo-douglas
MO,Dunklin,County,,29069,FALSE,TRUE,36,,mo-dunklin
MO,Franklin,County,,29071,FALSE,TRUE,37,,mo-franklin
MO,Gasconade,County,,29073,FALSE,TRUE,38,,mo-gasconade
MO,Gentry,County,,29075,FALSE,TRUE,39,,mo-gentry
MO,Greene,County,,29077,FALSE,TRUE,40,,mo-greene
MO,Grundy,County,,29079,FALSE,TRUE,41,,mo-grundy
MO,Harrison,County,,29081,FALSE,TRUE,42,,mo-harrison
MO,Henry,County,,29083,FALSE,TRUE,43,,mo-henry
MO,Hickory,County,,29085,FALSE,TRUE,44,,mo-hickory
MO,Holt,County,,29087,FALSE,TRUE,45,,mo-holt
MO,Howard,County,,29089,FALSE,TRUE,46,,mo-howard
MO,Howell,County,,29091,FALSE,TRUE,47,,mo-howell
MO,Iron,County,,29093,FALSE,TRUE,48,,mo-iron
MO,Jackson,County,,29095,FALSE,TRUE,49,,mo-jackson
MO,Jasper,County,,29097,FALSE,TRUE,50,,mo-jasper
MO,Jefferson,County,,29099,FALSE,TRUE,51,,mo-jefferson
MO,Johnson,County,,29101,FALSE,TRUE,52,,mo-johnson
MO,Knox,County,,29103,FALSE,TRUE,53,,mo-knox
MO,Laclede,County,,29105,FALSE,TRUE,54,,mo-laclede
MO,Lafayette,County,,29107,FALSE,TRUE,55,,mo-lafayette
MO,Lawrence,County,,29109,FALSE,TRUE,56,,mo-lawrence
MO,Lewis,County,,29111,FALSE,TRUE,57,,mo-lewis
MO,Lincoln,County,,29113,FALSE,TRUE,58,,mo-lincoln
MO,Linn,County,,29115,FALSE,TRUE,59,,mo-linn
MO,Livingston,County,,29117,FALSE,TRUE,60,,mo-livingston
MO,McDonald,County,,29119,FALSE,TRUE,61,,mo-mcdonald
MO,Macon,County,,29121,FALSE,TRUE,62,,mo-macon
MO,Madison,County,,29123,FALSE,TRUE,63,,mo-madison
MO,Maries,County,,29125,FALSE,TRUE,64,,mo-maries
MO,Marion,County,,29127,FALSE,TRUE,65,,mo-marion
MO,Mercer,County,,29129,FALSE,TRUE,66,,mo-mercer
MO,Miller,County,,29131,FALSE,TRUE,67,,mo-miller
MO,Mississippi,County,,29133,FALSE,TRUE,68,,mo-mississippi
MO,Moniteau,County,,29135,FALSE,TRUE,69,,mo-moniteau
MO,Monroe,County,,29137,FALSE,TRUE,70,,mo-monroe
MO,Montgomery,County,,29139,FALSE,TRUE,71,,mo-montgomery
MO,Morgan,County,,29141,FALSE,TRUE,72,,mo-morgan
MO,New Madrid,County,,29143,FALSE,TRUE,73,,mo-new-madrid
MO,Newton,County,,29145,FALSE,TRUE,74,,mo-newton
MO,Nodaway,County,,29147,FALSE,TRUE,75,,mo-nodaway
MO,Oregon,County,,29149,FALSE,TRUE,76,,mo-oregon
MO,Osage,County,,29151,FALSE,TRUE,77,,mo-osage
MO,Ozark,County,,29153,FALSE,TRUE,78,,mo-ozark
MO,Pemiscot,County,,29155,FALSE,TRUE,79,,mo-pemiscot
MO,Perry,County,,29157,FALSE,TRUE,80,,mo-perry
MO,Pettis,County,,29159,FALSE,TRUE,81,,mo-pettis
MO,Phelps,County,,29161,FALSE,TRUE,82,,mo-phelps
MO,Pike,County,,29163,FALSE,TRUE,83,,mo-pike
MO,Platte,County,,29165,FALSE,TRUE,84,,mo-platte
MO,Polk,County,,29167,FALSE,TRUE,85,,mo-polk
MO,Pulaski,County,,29169,FALSE,TRUE,86,,mo-pulaski
MO,Putnam,County,,29171,FALSE,TRUE,87,,mo-putnam
MO,Ralls,County,,29173,FALSE,TRUE,88,,mo-ralls
MO,Randolph,County,,29175,FALSE,TRUE,89,,mo-randolph
MO,Ray,County,,29177,FALSE,TRUE,90,,mo-ray
MO,Reynolds,County,,29179,FALSE,TRUE,91,,mo-reynolds
MO,Ripley,County,,29181,FALSE,TRUE,92,,mo-ripley
MO,St. Charles,County,,29183,FALSE,TRUE,93,,mo-st-charles
MO,St. Clair,County,,29185,FALSE,TRUE,94,,mo-st-clair
MO,Ste. Genevieve,County,,29186,FALSE,TRUE,95,,mo-ste-genevieve
MO,St. Francois,County,,29187,FALSE,TRUE,96,,mo-st-francois
MO,St. Louis County,County,,29189,FALSE,TRUE,97,,mo-st-louis-county
MO,Saline,County,,29195,FALSE,TRUE,98,,mo-saline
MO,Schuyler,County,,29197,FALSE,TRUE,99,,mo-schuyler
MO,Scotland,County,,29199,FALSE,TRUE,100,,mo-scotland
MO,Scott,County,,29201,FALSE,TRUE,101,,mo-scott
MO,Shannon,County,,29203,FALSE,TRUE,102,,mo-shannon
MO,Shelby,County,,29205,FALSE,TRUE,103,,mo-shelby
MO,Stoddard,County,,29207,FALSE,TRUE,104,,mo-stoddard
MO,Stone,County,,29209,FALSE,TRUE,105,,mo-stone
MO,Sullivan,County,,29211,FALSE,TRUE,106,,mo-sullivan
MO,Taney,County,,29213,FALSE,TRUE,107,,mo-taney
MO,Texas,County,,29215,FALSE,TRUE,108,,mo-texas
MO,Vernon,County,,29217,FALSE,TRUE,109,,mo-vernon
MO,Warren,County,,29219,FALSE,TRUE,110,,mo-warren
MO,Washington,County,,29221,FALSE,TRUE,111,,mo-washington
MO,Wayne,County,,29223,FALSE,TRUE,112,,mo-wayne
MO,Webster,County,,29225,FALSE,TRUE,113,,mo-webster
MO,Worth,County,,29227,FALSE,TRUE,114,,mo-worth
MO,Wright,County,,29229,FALSE,TRUE,115,,mo-wright
MO,St. Louis City,Independent City,,29510,FALSE,TRUE,116,,mo-st-louis-city
MT,Statewide,Statewide,,,TRUE,TRUE,1,Licenses not tied to a specific sub-unit,mt-statewide
MT,HD 100,Hunting District,100,,FALSE,FALSE,2,District boundaries adopted by FW Commission; count and boundaries vary by species,mt-hd-100
MT,HD 101,Hunting District,101,,FALSE,FALSE,3,District boundaries adopted by FW Commission; count and boundaries vary by species,mt-hd-101
MT,HD 102,Hunting District,102,,FALSE,FALSE,4,District boundaries adopted by FW Commission; count and boundaries vary by species,mt-hd-102
MT,HD 103,Hunting District,103,,FALSE,FALSE,5,District boundaries adopted by FW Commission; count and boundaries vary by species,mt-hd-103
MT,HD 104,Hunting District,104,,FALSE,FALSE,6,District boundaries adopted by FW Commission; count and boundaries vary by species,mt-hd-104
MT,HD 105,Hunting District,105,,FALSE,FALSE,7,District boundaries adopted by FW Commission; count and boundaries vary by species,mt-hd-105
MT,HD 106,Hunting District,106,,FALSE,FALSE,8,District boundaries adopted by FW Commission; count and boundaries vary by species,mt-hd-106
MT,HD 107,Hunting District,107,,FALSE,FALSE,9,District boundaries adopted by FW Commission; count and boundaries vary by species,mt-hd-107
MT,HD 108,Hunting District,108,,FALSE,FALSE,10,District boundaries adopted by FW Commission; count and boundaries vary by species,mt-hd-108
MT,HD 109,Hunting District,109,,FALSE,FALSE,11,District boundaries adopted by FW Commission; count and boundaries vary by species,mt-hd-109
MT,HD 110,Hunting District,110,,FALSE,FALSE,12,District boundaries adopted by FW Commission; count and boundaries vary by species,mt-hd-110
MT,HD 111,Hunting District,111,,FALSE,FALSE,13,District boundaries adopted by FW Commission; count and boundaries vary by species,mt-hd-111
MT,HD 112,Hunting District,112,,FALSE,FALSE,14,District boundaries adopted by FW Commission; count and boundaries vary by species,mt-hd-112
MT,HD 113,Hunting District,113,,FALSE,FALSE,15,District boundaries adopted by FW Commission; count and boundaries vary by species,mt-hd-113
MT,HD 114,Hunting District,114,,FALSE,FALSE,16,District boundaries adopted by FW Commission; count and boundaries vary by species,mt-hd-114
MT,HD 115,Hunting District,115,,FALSE,FALSE,17,District boundaries adopted by FW Commission; count and boundaries vary by species,mt-hd-115
MT,HD 116,Hunting District,116,,FALSE,FALSE,18,District boundaries adopted by FW Commission; count and boundaries vary by species,mt-hd-116
MT,HD 117,Hunting District,117,,FALSE,FALSE,19,District boundaries adopted by FW Commission; count and boundaries vary by species,mt-hd-117
MT,HD 118,Hunting District,118,,FALSE,FALSE,20,District boundaries adopted by FW Commission; count and boundaries vary by species,mt-hd-118
MT,HD 119,Hunting District,119,,FALSE,FALSE,21,District boundaries adopted by FW Commission; count and boundaries vary by species,mt-hd-119
MT,HD 120,Hunting District,120,,FALSE,FALSE,22,District boundaries adopted by FW Commission; count and boundaries vary by species,mt-hd-120
MT,HD 121,Hunting District,121,,FALSE,FALSE,23,District boundaries adopted by FW Commission; count and boundaries vary by species,mt-hd-121
MT,HD 122,Hunting District,122,,FALSE,FALSE,24,District boundaries adopted by FW Commission; count and boundaries vary by species,mt-hd-122
MT,HD 123,Hunting District,123,,FALSE,FALSE,25,District boundaries adopted by FW Commission; count and boundaries vary by species,mt-hd-123
MT,HD 124,Hunting District,124,,FALSE,FALSE,26,District boundaries adopted by FW Commission; count and boundaries vary by species,mt-hd-124
MT,HD 125,Hunting District,125,,FALSE,FALSE,27,District boundaries adopted by FW Commission; count and boundaries vary by species,mt-hd-125
MT,HD 126,Hunting District,126,,FALSE,FALSE,28,District boundaries adopted by FW Commission; count and boundaries vary by species,mt-hd-126
MT,HD 127,Hunting District,127,,FALSE,FALSE,29,District boundaries adopted by FW Commission; count and boundaries vary by species,mt-hd-127
MT,HD 128,Hunting District,128,,FALSE,FALSE,30,District boundaries adopted by FW Commission; count and boundaries vary by species,mt-hd-128
MT,HD 129,Hunting District,129,,FALSE,FALSE,31,District boundaries adopted by FW Commission; count and boundaries vary by species,mt-hd-129
MT,HD 130,Hunting District,130,,FALSE,FALSE,32,District boundaries adopted by FW Commission; count and boundaries vary by species,mt-hd-130
MT,HD 131,Hunting District,131,,FALSE,FALSE,33,District boundaries adopted by FW Commission; count and boundaries vary by species,mt-hd-131
MT,HD 132,Hunting District,132,,FALSE,FALSE,34,District boundaries adopted by FW Commission; count and boundaries vary by species,mt-hd-132
MT,HD 133,Hunting District,133,,FALSE,FALSE,35,District boundaries adopted by FW Commission; count and boundaries vary by species,mt-hd-133
MT,HD 134,Hunting District,134,,FALSE,FALSE,36,District boundaries adopted by FW Commission; count and boundaries vary by species,mt-hd-134
MT,HD 135,Hunting District,135,,FALSE,FALSE,37,District boundaries adopted by FW Commission; count and boundaries vary by species,mt-hd-135
MT,HD 136,Hunting District,136,,FALSE,FALSE,38,District boundaries adopted by FW Commission; count and boundaries vary by species,mt-hd-136
MT,HD 137,Hunting District,137,,FALSE,FALSE,39,District boundaries adopted by FW Commission; count and boundaries vary by species,mt-hd-137
MT,HD 138,Hunting District,138,,FALSE,FALSE,40,District boundaries adopted by FW Commission; count and boundaries vary by species,mt-hd-138
MT,HD 139,Hunting District,139,,FALSE,FALSE,41,District boundaries adopted by FW Commission; count and boundaries vary by species,mt-hd-139
MT,HD 140,Hunting District,140,,FALSE,FALSE,42,District boundaries adopted by FW Commission; count and boundaries vary by species,mt-hd-140
MT,HD 141,Hunting District,141,,FALSE,FALSE,43,District boundaries adopted by FW Commission; count and boundaries vary by species,mt-hd-141
MT,HD 142,Hunting District,142,,FALSE,FALSE,44,District boundaries adopted by FW Commission; count and boundaries vary by species,mt-hd-142
MT,HD 143,Hunting District,143,,FALSE,FALSE,45,District boundaries adopted by FW Commission; count and boundaries vary by species,mt-hd-143
MT,HD 144,Hunting District,144,,FALSE,FALSE,46,District boundaries adopted by FW Commission; count and boundaries vary by species,mt-hd-144
MT,HD 145,Hunting District,145,,FALSE,FALSE,47,District boundaries adopted by FW Commission; count and boundaries vary by species,mt-hd-145
MT,HD 146,Hunting District,146,,FALSE,FALSE,48,District boundaries adopted by FW Commission; count and boundaries vary by species,mt-hd-146
MT,HD 147,Hunting District,147,,FALSE,FALSE,49,District boundaries adopted by FW Commission; count and boundaries vary by species,mt-hd-147
MT,HD 148,Hunting District,148,,FALSE,FALSE,50,District boundaries adopted by FW Commission; count and boundaries vary by species,mt-hd-148
MT,HD 149,Hunting District,149,,FALSE,FALSE,51,District boundaries adopted by FW Commission; count and boundaries vary by species,mt-hd-149
MT,HD 150,Hunting District,150,,FALSE,FALSE,52,District boundaries adopted by FW Commission; count and boundaries vary by species,mt-hd-150
MT,HD 151,Hunting District,151,,FALSE,FALSE,53,District boundaries adopted by FW Commission; count and boundaries vary by species,mt-hd-151
MT,HD 152,Hunting District,152,,FALSE,FALSE,54,District boundaries adopted by FW Commission; count and boundaries vary by species,mt-hd-152
MT,HD 153,Hunting District,153,,FALSE,FALSE,55,District boundaries adopted by FW Commission; count and boundaries vary by species,mt-hd-153
MT,HD 154,Hunting District,154,,FALSE,FALSE,56,District boundaries adopted by FW Commission; count and boundaries vary by species,mt-hd-154
MT,HD 155,Hunting District,155,,FALSE,FALSE,57,District boundaries adopted by FW Commission; count and boundaries vary by species,mt-hd-155
MT,HD 156,Hunting District,156,,FALSE,FALSE,58,District boundaries adopted by FW Commission; count and boundaries vary by species,mt-hd-156
MT,HD 157,Hunting District,157,,FALSE,FALSE,59,District boundaries adopted by FW Commission; count and boundaries vary by species,mt-hd-157
MT,HD 158,Hunting District,158,,FALSE,FALSE,60,District boundaries adopted by FW Commission; count and boundaries vary by species,mt-hd-158
MT,HD 159,Hunting District,159,,FALSE,FALSE,61,District boundaries adopted by FW Commission; count and boundaries vary by species,mt-hd-159
MT,HD 160,Hunting District,160,,FALSE,FALSE,62,District boundaries adopted by FW Commission; count and boundaries vary by species,mt-hd-160
MT,HD 161,Hunting District,161,,FALSE,FALSE,63,District boundaries adopted by FW Commission; count and boundaries vary by species,mt-hd-161
MT,HD 162,Hunting District,162,,FALSE,FALSE,64,District boundaries adopted by FW Commission; count and boundaries vary by species,mt-hd-162
MT,HD 163,Hunting District,163,,FALSE,FALSE,65,District boundaries adopted by FW Commission; count and boundaries vary by species,mt-hd-163
MT,HD 164,Hunting District,164,,FALSE,FALSE,66,District boundaries adopted by FW Commission; count and boundaries vary by species,mt-hd-164
MT,HD 165,Hunting District,165,,FALSE,FALSE,67,District boundaries adopted by FW Commission; count and boundaries vary by species,mt-hd-165
MT,HD 166,Hunting District,166,,FALSE,FALSE,68,District boundaries adopted by FW Commission; count and boundaries vary by species,mt-hd-166
MT,HD 167,Hunting District,167,,FALSE,FALSE,69,District boundaries adopted by FW Commission; count and boundaries vary by species,mt-hd-167
MT,HD 168,Hunting District,168,,FALSE,FALSE,70,District boundaries adopted by FW Commission; count and boundaries vary by species,mt-hd-168
MT,HD 169,Hunting District,169,,FALSE,FALSE,71,District boundaries adopted by FW Commission; count and boundaries vary by species,mt-hd-169
MT,HD 170,Hunting District,170,,FALSE,FALSE,72,District boundaries adopted by FW Commission; count and boundaries vary by species,mt-hd-170
MT,HD 171,Hunting District,171,,FALSE,FALSE,73,District boundaries adopted by FW Commission; count and boundaries vary by species,mt-hd-171
MT,HD 172,Hunting District,172,,FALSE,FALSE,74,District boundaries adopted by FW Commission; count and boundaries vary by species,mt-hd-172
MT,HD 173,Hunting District,173,,FALSE,FALSE,75,District boundaries adopted by FW Commission; count and boundaries vary by species,mt-hd-173
MT,HD 174,Hunting District,174,,FALSE,FALSE,76,District boundaries adopted by FW Commission; count and boundaries vary by species,mt-hd-174
MT,HD 175,Hunting District,175,,FALSE,FALSE,77,District boundaries adopted by FW Commission; count and boundaries vary by species,mt-hd-175
MT,HD 176,Hunting District,176,,FALSE,FALSE,78,District boundaries adopted by FW Commission; count and boundaries vary by species,mt-hd-176
MT,HD 177,Hunting District,177,,FALSE,FALSE,79,District boundaries adopted by FW Commission; count and boundaries vary by species,mt-hd-177
MT,HD 178,Hunting District,178,,FALSE,FALSE,80,District boundaries adopted by FW Commission; count and boundaries vary by species,mt-hd-178
MT,HD 179,Hunting District,179,,FALSE,FALSE,81,District boundaries adopted by FW Commission; count and boundaries vary by species,mt-hd-179
MT,HD 180,Hunting District,180,,FALSE,FALSE,82,District boundaries adopted by FW Commission; count and boundaries vary by species,mt-hd-180
MT,HD 181,Hunting District,181,,FALSE,FALSE,83,District boundaries adopted by FW Commission; count and boundaries vary by species,mt-hd-181
MT,HD 182,Hunting District,182,,FALSE,FALSE,84,District boundaries adopted by FW Commission; count and boundaries vary by species,mt-hd-182
MT,HD 183,Hunting District,183,,FALSE,FALSE,85,District boundaries adopted by FW Commission; count and boundaries vary by species,mt-hd-183
MT,HD 184,Hunting District,184,,FALSE,FALSE,86,District boundaries adopted by FW Commission; count and boundaries vary by species,mt-hd-184
MT,HD 185,Hunting District,185,,FALSE,FALSE,87,District boundaries adopted by FW Commission; count and boundaries vary by species,mt-hd-185
MT,HD 186,Hunting District,186,,FALSE,FALSE,88,District boundaries adopted by FW Commission; count and boundaries vary by species,mt-hd-186
MT,HD 187,Hunting District,187,,FALSE,FALSE,89,District boundaries adopted by FW Commission; count and boundaries vary by species,mt-hd-187
MT,HD 188,Hunting District,188,,FALSE,FALSE,90,District boundaries adopted by FW Commission; count and boundaries vary by species,mt-hd-188
MT,HD 189,Hunting District,189,,FALSE,FALSE,91,District boundaries adopted by FW Commission; count and boundaries vary by species,mt-hd-189
MT,HD 190,Hunting District,190,,FALSE,FALSE,92,District boundaries adopted by FW Commission; count and boundaries vary by species,mt-hd-190
MT,HD 191,Hunting District,191,,FALSE,FALSE,93,District boundaries adopted by FW Commission; count and boundaries vary by species,mt-hd-191
MT,HD 192,Hunting District,192,,FALSE,FALSE,94,District boundaries adopted by FW Commission; count and boundaries vary by species,mt-hd-192
MT,HD 193,Hunting District,193,,FALSE,FALSE,95,District boundaries adopted by FW Commission; count and boundaries vary by species,mt-hd-193
MT,HD 194,Hunting District,194,,FALSE,FALSE,96,District boundaries adopted by FW Commission; count and boundaries vary by species,mt-hd-194
MT,HD 195,Hunting District,195,,FALSE,FALSE,97,District boundaries adopted by FW Commission; count and boundaries vary by species,mt-hd-195
MT,HD 196,Hunting District,196,,FALSE,FALSE,98,District boundaries adopted by FW Commission; count and boundaries vary by species,mt-hd-196
MT,HD 197,Hunting District,197,,FALSE,FALSE,99,District boundaries adopted by FW Commission; count and boundaries vary by species,mt-hd-197
MT,HD 198,Hunting District,198,,FALSE,FALSE,100,District boundaries adopted by FW Commission; count and boundaries vary by species,mt-hd-198
MT,HD 199,Hunting District,199,,FALSE,FALSE,101,District boundaries adopted by FW Commission; count and boundaries vary by species,mt-hd-199
MT,HD 200,Hunting District,200,,FALSE,FALSE,102,District boundaries adopted by FW Commission; count and boundaries vary by species,mt-hd-200
MT,HD 201,Hunting District,201,,FALSE,FALSE,103,District boundaries adopted by FW Commission; count and boundaries vary by species,mt-hd-201
MT,HD 202,Hunting District,202,,FALSE,FALSE,104,District boundaries adopted by FW Commission; count and boundaries vary by species,mt-hd-202
MT,HD 203,Hunting District,203,,FALSE,FALSE,105,District boundaries adopted by FW Commission; count and boundaries vary by species,mt-hd-203
MT,HD 204,Hunting District,204,,FALSE,FALSE,106,District boundaries adopted by FW Commission; count and boundaries vary by species,mt-hd-204
MT,HD 205,Hunting District,205,,FALSE,FALSE,107,District boundaries adopted by FW Commission; count and boundaries vary by species,mt-hd-205
MT,HD 206,Hunting District,206,,FALSE,FALSE,108,District boundaries adopted by FW Commission; count and boundaries vary by species,mt-hd-206
MT,HD 207,Hunting District,207,,FALSE,FALSE,109,District boundaries adopted by FW Commission; count and boundaries vary by species,mt-hd-207
MT,HD 208,Hunting District,208,,FALSE,FALSE,110,District boundaries adopted by FW Commission; count and boundaries vary by species,mt-hd-208
MT,HD 209,Hunting District,209,,FALSE,FALSE,111,District boundaries adopted by FW Commission; count and boundaries vary by species,mt-hd-209
MT,HD 210,Hunting District,210,,FALSE,FALSE,112,District boundaries adopted by FW Commission; count and boundaries vary by species,mt-hd-210
MT,HD 211,Hunting District,211,,FALSE,FALSE,113,District boundaries adopted by FW Commission; count and boundaries vary by species,mt-hd-211
MT,HD 212,Hunting District,212,,FALSE,FALSE,114,District boundaries adopted by FW Commission; count and boundaries vary by species,mt-hd-212
MT,HD 213,Hunting District,213,,FALSE,FALSE,115,District boundaries adopted by FW Commission; count and boundaries vary by species,mt-hd-213
MT,HD 214,Hunting District,214,,FALSE,FALSE,116,District boundaries adopted by FW Commission; count and boundaries vary by species,mt-hd-214
MT,HD 215,Hunting District,215,,FALSE,FALSE,117,District boundaries adopted by FW Commission; count and boundaries vary by species,mt-hd-215
MT,HD 216,Hunting District,216,,FALSE,FALSE,118,District boundaries adopted by FW Commission; count and boundaries vary by species,mt-hd-216
MT,HD 217,Hunting District,217,,FALSE,FALSE,119,District boundaries adopted by FW Commission; count and boundaries vary by species,mt-hd-217
MT,HD 218,Hunting District,218,,FALSE,FALSE,120,District boundaries adopted by FW Commission; count and boundaries vary by species,mt-hd-218
MT,HD 219,Hunting District,219,,FALSE,FALSE,121,District boundaries adopted by FW Commission; count and boundaries vary by species,mt-hd-219
MT,HD 220,Hunting District,220,,FALSE,FALSE,122,District boundaries adopted by FW Commission; count and boundaries vary by species,mt-hd-220
MT,HD 221,Hunting District,221,,FALSE,FALSE,123,District boundaries adopted by FW Commission; count and boundaries vary by species,mt-hd-221
MT,HD 222,Hunting District,222,,FALSE,FALSE,124,District boundaries adopted by FW Commission; count and boundaries vary by species,mt-hd-222
MT,HD 223,Hunting District,223,,FALSE,FALSE,125,District boundaries adopted by FW Commission; count and boundaries vary by species,mt-hd-223
MT,HD 224,Hunting District,224,,FALSE,FALSE,126,District boundaries adopted by FW Commission; count and boundaries vary by species,mt-hd-224
MT,HD 225,Hunting District,225,,FALSE,FALSE,127,District boundaries adopted by FW Commission; count and boundaries vary by species,mt-hd-225
MT,HD 226,Hunting District,226,,FALSE,FALSE,128,District boundaries adopted by FW Commission; count and boundaries vary by species,mt-hd-226
MT,HD 227,Hunting District,227,,FALSE,FALSE,129,District boundaries adopted by FW Commission; count and boundaries vary by species,mt-hd-227
MT,HD 228,Hunting District,228,,FALSE,FALSE,130,District boundaries adopted by FW Commission; count and boundaries vary by species,mt-hd-228
MT,HD 229,Hunting District,229,,FALSE,FALSE,131,District boundaries adopted by FW Commission; count and boundaries vary by species,mt-hd-229
MT,HD 230,Hunting District,230,,FALSE,FALSE,132,District boundaries adopted by FW Commission; count and boundaries vary by species,mt-hd-230
MT,HD 231,Hunting District,231,,FALSE,FALSE,133,District boundaries adopted by FW Commission; count and boundaries vary by species,mt-hd-231
MT,HD 232,Hunting District,232,,FALSE,FALSE,134,District boundaries adopted by FW Commission; count and boundaries vary by species,mt-hd-232
MT,HD 233,Hunting District,233,,FALSE,FALSE,135,District boundaries adopted by FW Commission; count and boundaries vary by species,mt-hd-233
MT,HD 234,Hunting District,234,,FALSE,FALSE,136,District boundaries adopted by FW Commission; count and boundaries vary by species,mt-hd-234
MT,HD 235,Hunting District,235,,FALSE,FALSE,137,District boundaries adopted by FW Commission; count and boundaries vary by species,mt-hd-235
MT,HD 236,Hunting District,236,,FALSE,FALSE,138,District boundaries adopted by FW Commission; count and boundaries vary by species,mt-hd-236
MT,HD 237,Hunting District,237,,FALSE,FALSE,139,District boundaries adopted by FW Commission; count and boundaries vary by species,mt-hd-237
MT,HD 238,Hunting District,238,,FALSE,FALSE,140,District boundaries adopted by FW Commission; count and boundaries vary by species,mt-hd-238
MT,HD 239,Hunting District,239,,FALSE,FALSE,141,District boundaries adopted by FW Commission; count and boundaries vary by species,mt-hd-239
MT,HD 240,Hunting District,240,,FALSE,FALSE,142,District boundaries adopted by FW Commission; count and boundaries vary by species,mt-hd-240
MT,HD 241,Hunting District,241,,FALSE,FALSE,143,District boundaries adopted by FW Commission; count and boundaries vary by species,mt-hd-241
MT,HD 242,Hunting District,242,,FALSE,FALSE,144,District boundaries adopted by FW Commission; count and boundaries vary by species,mt-hd-242
MT,HD 243,Hunting District,243,,FALSE,FALSE,145,District boundaries adopted by FW Commission; count and boundaries vary by species,mt-hd-243
MT,HD 244,Hunting District,244,,FALSE,FALSE,146,District boundaries adopted by FW Commission; count and boundaries vary by species,mt-hd-244
MT,HD 245,Hunting District,245,,FALSE,FALSE,147,District boundaries adopted by FW Commission; count and boundaries vary by species,mt-hd-245
MT,HD 246,Hunting District,246,,FALSE,FALSE,148,District boundaries adopted by FW Commission; count and boundaries vary by species,mt-hd-246
MT,HD 247,Hunting District,247,,FALSE,FALSE,149,District boundaries adopted by FW Commission; count and boundaries vary by species,mt-hd-247
MT,HD 248,Hunting District,248,,FALSE,FALSE,150,District boundaries adopted by FW Commission; count and boundaries vary by species,mt-hd-248
MT,HD 249,Hunting District,249,,FALSE,FALSE,151,District boundaries adopted by FW Commission; count and boundaries vary by species,mt-hd-249
MT,HD 250,Hunting District,250,,FALSE,FALSE,152,District boundaries adopted by FW Commission; count and boundaries vary by species,mt-hd-250
MT,HD 251,Hunting District,251,,FALSE,FALSE,153,District boundaries adopted by FW Commission; count and boundaries vary by species,mt-hd-251
MT,HD 252,Hunting District,252,,FALSE,FALSE,154,District boundaries adopted by FW Commission; count and boundaries vary by species,mt-hd-252
MT,HD 253,Hunting District,253,,FALSE,FALSE,155,District boundaries adopted by FW Commission; count and boundaries vary by species,mt-hd-253
MT,HD 254,Hunting District,254,,FALSE,FALSE,156,District boundaries adopted by FW Commission; count and boundaries vary by species,mt-hd-254
MT,HD 255,Hunting District,255,,FALSE,FALSE,157,District boundaries adopted by FW Commission; count and boundaries vary by species,mt-hd-255
MT,HD 256,Hunting District,256,,FALSE,FALSE,158,District boundaries adopted by FW Commission; count and boundaries vary by species,mt-hd-256
MT,HD 257,Hunting District,257,,FALSE,FALSE,159,District boundaries adopted by FW Commission; count and boundaries vary by species,mt-hd-257
MT,HD 258,Hunting District,258,,FALSE,FALSE,160,District boundaries adopted by FW Commission; count and boundaries vary by species,mt-hd-258
MT,HD 259,Hunting District,259,,FALSE,FALSE,161,District boundaries adopted by FW Commission; count and boundaries vary by species,mt-hd-259
MT,HD 260,Hunting District,260,,FALSE,FALSE,162,District boundaries adopted by FW Commission; count and boundaries vary by species,mt-hd-260
MT,HD 261,Hunting District,261,,FALSE,FALSE,163,District boundaries adopted by FW Commission; count and boundaries vary by species,mt-hd-261
MT,HD 262,Hunting District,262,,FALSE,FALSE,164,District boundaries adopted by FW Commission; count and boundaries vary by species,mt-hd-262
MT,HD 263,Hunting District,263,,FALSE,FALSE,165,District boundaries adopted by FW Commission; count and boundaries vary by species,mt-hd-263
MT,HD 264,Hunting District,264,,FALSE,FALSE,166,District boundaries adopted by FW Commission; count and boundaries vary by species,mt-hd-264
MT,HD 265,Hunting District,265,,FALSE,FALSE,167,District boundaries adopted by FW Commission; count and boundaries vary by species,mt-hd-265
MT,HD 266,Hunting District,266,,FALSE,FALSE,168,District boundaries adopted by FW Commission; count and boundaries vary by species,mt-hd-266
MT,HD 267,Hunting District,267,,FALSE,FALSE,169,District boundaries adopted by FW Commission; count and boundaries vary by species,mt-hd-267
MT,HD 268,Hunting District,268,,FALSE,FALSE,170,District boundaries adopted by FW Commission; count and boundaries vary by species,mt-hd-268
MT,HD 269,Hunting District,269,,FALSE,FALSE,171,District boundaries adopted by FW Commission; count and boundaries vary by species,mt-hd-269
MT,HD 270,Hunting District,270,,FALSE,FALSE,172,District boundaries adopted by FW Commission; count and boundaries vary by species,mt-hd-270
MT,HD 271,Hunting District,271,,FALSE,FALSE,173,District boundaries adopted by FW Commission; count and boundaries vary by species,mt-hd-271
MT,HD 272,Hunting District,272,,FALSE,FALSE,174,District boundaries adopted by FW Commission; count and boundaries vary by species,mt-hd-272
MT,HD 273,Hunting District,273,,FALSE,FALSE,175,District boundaries adopted by FW Commission; count and boundaries vary by species,mt-hd-273
MT,HD 274,Hunting District,274,,FALSE,FALSE,176,District boundaries adopted by FW Commission; count and boundaries vary by species,mt-hd-274
MT,HD 275,Hunting District,275,,FALSE,FALSE,177,District boundaries adopted by FW Commission; count and boundaries vary by species,mt-hd-275
MT,HD 276,Hunting District,276,,FALSE,FALSE,178,District boundaries adopted by FW Commission; count and boundaries vary by species,mt-hd-276
MT,HD 277,Hunting District,277,,FALSE,FALSE,179,District boundaries adopted by FW Commission; count and boundaries vary by species,mt-hd-277
MT,HD 278,Hunting District,278,,FALSE,FALSE,180,District boundaries adopted by FW Commission; count and boundaries vary by species,mt-hd-278
MT,HD 279,Hunting District,279,,FALSE,FALSE,181,District boundaries adopted by FW Commission; count and boundaries vary by species,mt-hd-279
MT,HD 280,Hunting District,280,,FALSE,FALSE,182,District boundaries adopted by FW Commission; count and boundaries vary by species,mt-hd-280
MT,HD 281,Hunting District,281,,FALSE,FALSE,183,District boundaries adopted by FW Commission; count and boundaries vary by species,mt-hd-281
MT,HD 282,Hunting District,282,,FALSE,FALSE,184,District boundaries adopted by FW Commission; count and boundaries vary by species,mt-hd-282
MT,HD 283,Hunting District,283,,FALSE,FALSE,185,District boundaries adopted by FW Commission; count and boundaries vary by species,mt-hd-283
MT,HD 284,Hunting District,284,,FALSE,FALSE,186,District boundaries adopted by FW Commission; count and boundaries vary by species,mt-hd-284
MT,HD 285,Hunting District,285,,FALSE,FALSE,187,District boundaries adopted by FW Commission; count and boundaries vary by species,mt-hd-285
MT,HD 286,Hunting District,286,,FALSE,FALSE,188,District boundaries adopted by FW Commission; count and boundaries vary by species,mt-hd-286
MT,HD 287,Hunting District,287,,FALSE,FALSE,189,District boundaries adopted by FW Commission; count and boundaries vary by species,mt-hd-287
MT,HD 288,Hunting District,288,,FALSE,FALSE,190,District boundaries adopted by FW Commission; count and boundaries vary by species,mt-hd-288
MT,HD 289,Hunting District,289,,FALSE,FALSE,191,District boundaries adopted by FW Commission; count and boundaries vary by species,mt-hd-289
MT,HD 290,Hunting District,290,,FALSE,FALSE,192,District boundaries adopted by FW Commission; count and boundaries vary by species,mt-hd-290
MT,HD 291,Hunting District,291,,FALSE,FALSE,193,District boundaries adopted by FW Commission; count and boundaries vary by species,mt-hd-291
MT,HD 292,Hunting District,292,,FALSE,FALSE,194,District boundaries adopted by FW Commission; count and boundaries vary by species,mt-hd-292
MT,HD 293,Hunting District,293,,FALSE,FALSE,195,District boundaries adopted by FW Commission; count and boundaries vary by species,mt-hd-293
MT,HD 294,Hunting District,294,,FALSE,FALSE,196,District boundaries adopted by FW Commission; count and boundaries vary by species,mt-hd-294
MT,HD 295,Hunting District,295,,FALSE,FALSE,197,District boundaries adopted by FW Commission; count and boundaries vary by species,mt-hd-295
MT,HD 296,Hunting District,296,,FALSE,FALSE,198,District boundaries adopted by FW Commission; count and boundaries vary by species,mt-hd-296
MT,HD 297,Hunting District,297,,FALSE,FALSE,199,District boundaries adopted by FW Commission; count and boundaries vary by species,mt-hd-297
MT,HD 298,Hunting District,298,,FALSE,FALSE,200,District boundaries adopted by FW Commission; count and boundaries vary by species,mt-hd-298
MT,HD 299,Hunting District,299,,FALSE,FALSE,201,District boundaries adopted by FW Commission; count and boundaries vary by species,mt-hd-299
MT,HD 300,Hunting District,300,,FALSE,FALSE,202,District boundaries adopted by FW Commission; count and boundaries vary by species,mt-hd-300
MT,HD 301,Hunting District,301,,FALSE,FALSE,203,District boundaries adopted by FW Commission; count and boundaries vary by species,mt-hd-301
MT,HD 302,Hunting District,302,,FALSE,FALSE,204,District boundaries adopted by FW Commission; count and boundaries vary by species,mt-hd-302
MT,HD 303,Hunting District,303,,FALSE,FALSE,205,District boundaries adopted by FW Commission; count and boundaries vary by species,mt-hd-303
MT,HD 304,Hunting District,304,,FALSE,FALSE,206,District boundaries adopted by FW Commission; count and boundaries vary by species,mt-hd-304
MT,HD 305,Hunting District,305,,FALSE,FALSE,207,District boundaries adopted by FW Commission; count and boundaries vary by species,mt-hd-305
MT,HD 306,Hunting District,306,,FALSE,FALSE,208,District boundaries adopted by FW Commission; count and boundaries vary by species,mt-hd-306
MT,HD 307,Hunting District,307,,FALSE,FALSE,209,District boundaries adopted by FW Commission; count and boundaries vary by species,mt-hd-307
MT,HD 308,Hunting District,308,,FALSE,FALSE,210,District boundaries adopted by FW Commission; count and boundaries vary by species,mt-hd-308
MT,HD 309,Hunting District,309,,FALSE,FALSE,211,District boundaries adopted by FW Commission; count and boundaries vary by species,mt-hd-309
MT,HD 310,Hunting District,310,,FALSE,FALSE,212,District boundaries adopted by FW Commission; count and boundaries vary by species,mt-hd-310
MT,HD 311,Hunting District,311,,FALSE,FALSE,213,District boundaries adopted by FW Commission; count and boundaries vary by species,mt-hd-311
MT,HD 312,Hunting District,312,,FALSE,FALSE,214,District boundaries adopted by FW Commission; count and boundaries vary by species,mt-hd-312
MT,HD 313,Hunting District,313,,FALSE,FALSE,215,District boundaries adopted by FW Commission; count and boundaries vary by species,mt-hd-313
MT,HD 314,Hunting District,314,,FALSE,FALSE,216,District boundaries adopted by FW Commission; count and boundaries vary by species,mt-hd-314
MT,HD 315,Hunting District,315,,FALSE,FALSE,217,District boundaries adopted by FW Commission; count and boundaries vary by species,mt-hd-315
MT,HD 316,Hunting District,316,,FALSE,FALSE,218,District boundaries adopted by FW Commission; count and boundaries vary by species,mt-hd-316
MT,HD 317,Hunting District,317,,FALSE,FALSE,219,District boundaries adopted by FW Commission; count and boundaries vary by species,mt-hd-317
MT,HD 318,Hunting District,318,,FALSE,FALSE,220,District boundaries adopted by FW Commission; count and boundaries vary by species,mt-hd-318
MT,HD 319,Hunting District,319,,FALSE,FALSE,221,District boundaries adopted by FW Commission; count and boundaries vary by species,mt-hd-319
MT,HD 320,Hunting District,320,,FALSE,FALSE,222,District boundaries adopted by FW Commission; count and boundaries vary by species,mt-hd-320
MT,HD 321,Hunting District,321,,FALSE,FALSE,223,District boundaries adopted by FW Commission; count and boundaries vary by species,mt-hd-321
MT,HD 322,Hunting District,322,,FALSE,FALSE,224,District boundaries adopted by FW Commission; count and boundaries vary by species,mt-hd-322
MT,HD 323,Hunting District,323,,FALSE,FALSE,225,District boundaries adopted by FW Commission; count and boundaries vary by species,mt-hd-323
MT,HD 324,Hunting District,324,,FALSE,FALSE,226,District boundaries adopted by FW Commission; count and boundaries vary by species,mt-hd-324
MT,HD 325,Hunting District,325,,FALSE,FALSE,227,District boundaries adopted by FW Commission; count and boundaries vary by species,mt-hd-325
MT,HD 326,Hunting District,326,,FALSE,FALSE,228,District boundaries adopted by FW Commission; count and boundaries vary by species,mt-hd-326
MT,HD 327,Hunting District,327,,FALSE,FALSE,229,District boundaries adopted by FW Commission; count and boundaries vary by species,mt-hd-327
MT,HD 328,Hunting District,328,,FALSE,FALSE,230,District boundaries adopted by FW Commission; count and boundaries vary by species,mt-hd-328
MT,HD 329,Hunting District,329,,FALSE,FALSE,231,District boundaries adopted by FW Commission; count and boundaries vary by species,mt-hd-329
MT,HD 330,Hunting District,330,,FALSE,FALSE,232,District boundaries adopted by FW Commission; count and boundaries vary by species,mt-hd-330
MT,HD 331,Hunting District,331,,FALSE,FALSE,233,District boundaries adopted by FW Commission; count and boundaries vary by species,mt-hd-331
MT,HD 332,Hunting District,332,,FALSE,FALSE,234,District boundaries adopted by FW Commission; count and boundaries vary by species,mt-hd-332
MT,HD 333,Hunting District,333,,FALSE,FALSE,235,District boundaries adopted by FW Commission; count and boundaries vary by species,mt-hd-333
MT,HD 334,Hunting District,334,,FALSE,FALSE,236,District boundaries adopted by FW Commission; count and boundaries vary by species,mt-hd-334
MT,HD 335,Hunting District,335,,FALSE,FALSE,237,District boundaries adopted by FW Commission; count and boundaries vary by species,mt-hd-335
MT,HD 336,Hunting District,336,,FALSE,FALSE,238,District boundaries adopted by FW Commission; count and boundaries vary by species,mt-hd-336
MT,HD 337,Hunting District,337,,FALSE,FALSE,239,District boundaries adopted by FW Commission; count and boundaries vary by species,mt-hd-337
MT,HD 338,Hunting District,338,,FALSE,FALSE,240,District boundaries adopted by FW Commission; count and boundaries vary by species,mt-hd-338
MT,HD 339,Hunting District,339,,FALSE,FALSE,241,District boundaries adopted by FW Commission; count and boundaries vary by species,mt-hd-339
MT,HD 340,Hunting District,340,,FALSE,FALSE,242,District boundaries adopted by FW Commission; count and boundaries vary by species,mt-hd-340
MT,HD 341,Hunting District,341,,FALSE,FALSE,243,District boundaries adopted by FW Commission; count and boundaries vary by species,mt-hd-341
MT,HD 342,Hunting District,342,,FALSE,FALSE,244,District boundaries adopted by FW Commission; count and boundaries vary by species,mt-hd-342
MT,HD 343,Hunting District,343,,FALSE,FALSE,245,District boundaries adopted by FW Commission; count and boundaries vary by species,mt-hd-343
MT,HD 344,Hunting District,344,,FALSE,FALSE,246,District boundaries adopted by FW Commission; count and boundaries vary by species,mt-hd-344
MT,HD 345,Hunting District,345,,FALSE,FALSE,247,District boundaries adopted by FW Commission; count and boundaries vary by species,mt-hd-345
MT,HD 346,Hunting District,346,,FALSE,FALSE,248,District boundaries adopted by FW Commission; count and boundaries vary by species,mt-hd-346
MT,HD 347,Hunting District,347,,FALSE,FALSE,249,District boundaries adopted by FW Commission; count and boundaries vary by species,mt-hd-347
MT,HD 348,Hunting District,348,,FALSE,FALSE,250,District boundaries adopted by FW Commission; count and boundaries vary by species,mt-hd-348
MT,HD 349,Hunting District,349,,FALSE,FALSE,251,District boundaries adopted by FW Commission; count and boundaries vary by species,mt-hd-349
MT,HD 350,Hunting District,350,,FALSE,FALSE,252,District boundaries adopted by FW Commission; count and boundaries vary by species,mt-hd-350
MT,HD 360,Hunting District,360,,FALSE,FALSE,253,District boundaries adopted by FW Commission; count and boundaries vary by species,mt-hd-360
MT,HD 370,Hunting District,370,,FALSE,FALSE,254,District boundaries adopted by FW Commission; count and boundaries vary by species,mt-hd-370
MT,HD 380,Hunting District,380,,FALSE,FALSE,255,District boundaries adopted by FW Commission; count and boundaries vary by species,mt-hd-380
MT,HD 390,Hunting District,390,,FALSE,FALSE,256,District boundaries adopted by FW Commission; count and boundaries vary by species,mt-hd-390
MT,HD 395,Hunting District,395,,FALSE,FALSE,257,District boundaries adopted by FW Commission; count and boundaries vary by species,mt-hd-395
MT,HD 400,Hunting District,400,,FALSE,FALSE,258,District boundaries adopted by FW Commission; count and boundaries vary by species,mt-hd-400
MT,HD 401,Hunting District,401,,FALSE,FALSE,259,District boundaries adopted by FW Commission; count and boundaries vary by species,mt-hd-401
MT,HD 410,Hunting District,410,,FALSE,FALSE,260,District boundaries adopted by FW Commission; count and boundaries vary by species,mt-hd-410
MT,HD 411,Hunting District,411,,FALSE,FALSE,261,District boundaries adopted by FW Commission; count and boundaries vary by species,mt-hd-411
MT,HD 420,Hunting District,420,,FALSE,FALSE,262,District boundaries adopted by FW Commission; count and boundaries vary by species,mt-hd-420
MT,HD 421,Hunting District,421,,FALSE,FALSE,263,District boundaries adopted by FW Commission; count and boundaries vary by species,mt-hd-421
MT,HD 422,Hunting District,422,,FALSE,FALSE,264,District boundaries adopted by FW Commission; count and boundaries vary by species,mt-hd-422
MT,HD 430,Hunting District,430,,FALSE,FALSE,265,District boundaries adopted by FW Commission; count and boundaries vary by species,mt-hd-430
MT,HD 440,Hunting District,440,,FALSE,FALSE,266,District boundaries adopted by FW Commission; count and boundaries vary by species,mt-hd-440
MT,HD 441,Hunting District,441,,FALSE,FALSE,267,District boundaries adopted by FW Commission; count and boundaries vary by species,mt-hd-441
MT,HD 500,Hunting District,500,,FALSE,FALSE,268,District boundaries adopted by FW Commission; count and boundaries vary by species,mt-hd-500
MT,HD 501,Hunting District,501,,FALSE,FALSE,269,District boundaries adopted by FW Commission; count and boundaries vary by species,mt-hd-501
MT,HD 502,Hunting District,502,,FALSE,FALSE,270,District boundaries adopted by FW Commission; count and boundaries vary by species,mt-hd-502
MT,HD 510,Hunting District,510,,FALSE,FALSE,271,District boundaries adopted by FW Commission; count and boundaries vary by species,mt-hd-510
MT,HD 511,Hunting District,511,,FALSE,FALSE,272,District boundaries adopted by FW Commission; count and boundaries vary by species,mt-hd-511
MT,HD 512,Hunting District,512,,FALSE,FALSE,273,District boundaries adopted by FW Commission; count and boundaries vary by species,mt-hd-512
MT,HD 520,Hunting District,520,,FALSE,FALSE,274,District boundaries adopted by FW Commission; count and boundaries vary by species,mt-hd-520
MT,HD 521,Hunting District,521,,FALSE,FALSE,275,District boundaries adopted by FW Commission; count and boundaries vary by species,mt-hd-521
MT,HD 522,Hunting District,522,,FALSE,FALSE,276,District boundaries adopted by FW Commission; count and boundaries vary by species,mt-hd-522
MT,HD 530,Hunting District,530,,FALSE,FALSE,277,District boundaries adopted by FW Commission; count and boundaries vary by species,mt-hd-530
MT,HD 540,Hunting District,540,,FALSE,FALSE,278,District boundaries adopted by FW Commission; count and boundaries vary by species,mt-hd-540
MT,HD 550,Hunting District,550,,FALSE,FALSE,279,District boundaries adopted by FW Commission; count and boundaries vary by species,mt-hd-550
MT,HD 560,Hunting District,560,,FALSE,FALSE,280,District boundaries adopted by FW Commission; count and boundaries vary by species,mt-hd-560
MT,HD 570,Hunting District,570,,FALSE,FALSE,281,District boundaries adopted by FW Commission; count and boundaries vary by species,mt-hd-570
MT,HD 580,Hunting District,580,,FALSE,FALSE,282,District boundaries adopted by FW Commission; count and boundaries vary by species,mt-hd-580
MT,HD 600,Hunting District,600,,FALSE,FALSE,283,District boundaries adopted by FW Commission; count and boundaries vary by species,mt-hd-600
MT,HD 601,Hunting District,601,,FALSE,FALSE,284,District boundaries adopted by FW Commission; count and boundaries vary by species,mt-hd-601
MT,HD 602,Hunting District,602,,FALSE,FALSE,285,District boundaries adopted by FW Commission; count and boundaries vary by species,mt-hd-602
MT,HD 610,Hunting District,610,,FALSE,FALSE,286,District boundaries adopted by FW Commission; count and boundaries vary by species,mt-hd-610
MT,HD 611,Hunting District,611,,FALSE,FALSE,287,District boundaries adopted by FW Commission; count and boundaries vary by species,mt-hd-611
MT,HD 620,Hunting District,620,,FALSE,FALSE,288,District boundaries adopted by FW Commission; count and boundaries vary by species,mt-hd-620
MT,HD 621,Hunting District,621,,FALSE,FALSE,289,District boundaries adopted by FW Commission; count and boundaries vary by species,mt-hd-621
MT,HD 630,Hunting District,630,,FALSE,FALSE,290,District boundaries adopted by FW Commission; count and boundaries vary by species,mt-hd-630
MT,HD 640,Hunting District,640,,FALSE,FALSE,291,District boundaries adopted by FW Commission; count and boundaries vary by species,mt-hd-640
MT,HD 650,Hunting District,650,,FALSE,FALSE,292,District boundaries adopted by FW Commission; count and boundaries vary by species,mt-hd-650
MT,HD 660,Hunting District,660,,FALSE,FALSE,293,District boundaries adopted by FW Commission; count and boundaries vary by species,mt-hd-660
MT,HD 670,Hunting District,670,,FALSE,FALSE,294,District boundaries adopted by FW Commission; count and boundaries vary by species,mt-hd-670
MT,HD 680,Hunting District,680,,FALSE,FALSE,295,District boundaries adopted by FW Commission; count and boundaries vary by species,mt-hd-680
MT,HD 690,Hunting District,690,,FALSE,FALSE,296,District boundaries adopted by FW Commission; count and boundaries vary by species,mt-hd-690
MT,HD 700,Hunting District,700,,FALSE,FALSE,297,District boundaries adopted by FW Commission; count and boundaries vary by species,mt-hd-700
MT,HD 701,Hunting District,701,,FALSE,FALSE,298,District boundaries adopted by FW Commission; count and boundaries vary by species,mt-hd-701
MT,HD 702,Hunting District,702,,FALSE,FALSE,299,District boundaries adopted by FW Commission; count and boundaries vary by species,mt-hd-702
MT,HD 710,Hunting District,710,,FALSE,FALSE,300,District boundaries adopted by FW Commission; count and boundaries vary by species,mt-hd-710
MT,HD 720,Hunting District,720,,FALSE,FALSE,301,District boundaries adopted by FW Commission; count and boundaries vary by species,mt-hd-720
MT,HD 730,Hunting District,730,,FALSE,FALSE,302,District boundaries adopted by FW Commission; count and boundaries vary by species,mt-hd-730
MT,HD 740,Hunting District,740,,FALSE,FALSE,303,District boundaries adopted by FW Commission; count and boundaries vary by species,mt-hd-740
MT,HD 750,Hunting District,750,,FALSE,FALSE,304,District boundaries adopted by FW Commission; count and boundaries vary by species,mt-hd-750
MT,HD 760,Hunting District,760,,FALSE,FALSE,305,District boundaries adopted by FW Commission; count and boundaries vary by species,mt-hd-760
MT,HD 770,Hunting District,770,,FALSE,FALSE,306,District boundaries adopted by FW Commission; count and boundaries vary by species,mt-hd-770
MT,HD 780,Hunting District,780,,FALSE,FALSE,307,District boundaries adopted by FW Commission; count and boundaries vary by species,mt-hd-780
NH,Statewide,Statewide,,,TRUE,TRUE,1,Licenses not tied to a specific sub-unit,nh-statewide
NH,A1,Wildlife Management Unit,,,FALSE,TRUE,2,,nh-a1
NH,A2,Wildlife Management Unit,,,FALSE,TRUE,3,,nh-a2
NH,B,Wildlife Management Unit,,,FALSE,TRUE,4,,nh-b
NH,C1,Wildlife Management Unit,,,FALSE,TRUE,5,,nh-c1
NH,C2,Wildlife Management Unit,,,FALSE,TRUE,6,,nh-c2
NH,D1,Wildlife Management Unit,,,FALSE,TRUE,7,,nh-d1
NH,D2,Wildlife Management Unit,,,FALSE,TRUE,8,,nh-d2
NH,E1,Wildlife Management Unit,,,FALSE,TRUE,9,,nh-e1
NH,E2,Wildlife Management Unit,,,FALSE,TRUE,10,,nh-e2
NH,E3,Wildlife Management Unit,,,FALSE,TRUE,11,,nh-e3
NH,F,Wildlife Management Unit,,,FALSE,TRUE,12,,nh-f
NH,G1,Wildlife Management Unit,,,FALSE,TRUE,13,,nh-g1
NH,H1,Wildlife Management Unit,,,FALSE,TRUE,14,,nh-h1
NH,H2N,Wildlife Management Unit,,,FALSE,TRUE,15,,nh-h2n
NH,H2S,Wildlife Management Unit,,,FALSE,TRUE,16,,nh-h2s
NH,I1,Wildlife Management Unit,,,FALSE,TRUE,17,,nh-i1
NH,I2,Wildlife Management Unit,,,FALSE,TRUE,18,,nh-i2
NH,J1,Wildlife Management Unit,,,FALSE,TRUE,19,,nh-j1
NH,J2,Wildlife Management Unit,,,FALSE,TRUE,20,,nh-j2
NH,K,Wildlife Management Unit,,,FALSE,TRUE,21,,nh-k
NH,L,Wildlife Management Unit,,,FALSE,TRUE,22,Special deer management unit,nh-l
NH,M,Wildlife Management Unit,,,FALSE,TRUE,23,Special deer management unit,nh-m
NY,Statewide,Statewide,,,TRUE,TRUE,1,Licenses not tied to a specific sub-unit,ny-statewide
NY,1A,Wildlife Management Unit,,,FALSE,TRUE,2,DEC Region 1,ny-1a
NY,1C,Wildlife Management Unit,,,FALSE,TRUE,3,DEC Region 1,ny-1c
NY,2A,Wildlife Management Unit,,,FALSE,TRUE,4,DEC Region 2,ny-2a
NY,2B,Wildlife Management Unit,,,FALSE,TRUE,5,DEC Region 2,ny-2b
NY,2C,Wildlife Management Unit,,,FALSE,TRUE,6,DEC Region 2,ny-2c
NY,2F,Wildlife Management Unit,,,FALSE,TRUE,7,DEC Region 2,ny-2f
NY,2G,Wildlife Management Unit,,,FALSE,TRUE,8,DEC Region 2,ny-2g
NY,2H,Wildlife Management Unit,,,FALSE,TRUE,9,DEC Region 2,ny-2h
NY,2J,Wildlife Management Unit,,,FALSE,TRUE,10,DEC Region 2,ny-2j
NY,2K,Wildlife Management Unit,,,FALSE,TRUE,11,DEC Region 2,ny-2k
NY,2M,Wildlife Management Unit,,,FALSE,TRUE,12,DEC Region 2,ny-2m
NY,2N,Wildlife Management Unit,,,FALSE,TRUE,13,DEC Region 2,ny-2n
NY,2P,Wildlife Management Unit,,,FALSE,TRUE,14,DEC Region 2,ny-2p
NY,2R,Wildlife Management Unit,,,FALSE,TRUE,15,DEC Region 2,ny-2r
NY,2S,Wildlife Management Unit,,,FALSE,TRUE,16,DEC Region 2,ny-2s
NY,3A,Wildlife Management Unit,,,FALSE,TRUE,17,DEC Region 3,ny-3a
NY,3C,Wildlife Management Unit,,,FALSE,TRUE,18,DEC Region 3,ny-3c
NY,3F,Wildlife Management Unit,,,FALSE,TRUE,19,DEC Region 3,ny-3f
NY,3G,Wildlife Management Unit,,,FALSE,TRUE,20,DEC Region 3,ny-3g
NY,3H,Wildlife Management Unit,,,FALSE,TRUE,21,DEC Region 3,ny-3h
NY,3J,Wildlife Management Unit,,,FALSE,TRUE,22,DEC Region 3,ny-3j
NY,3K,Wildlife Management Unit,,,FALSE,TRUE,23,DEC Region 3,ny-3k
NY,3M,Wildlife Management Unit,,,FALSE,TRUE,24,DEC Region 3,ny-3m
NY,3N,Wildlife Management Unit,,,FALSE,TRUE,25,DEC Region 3,ny-3n
NY,3P,Wildlife Management Unit,,,FALSE,TRUE,26,DEC Region 3,ny-3p
NY,3R,Wildlife Management Unit,,,FALSE,TRUE,27,DEC Region 3,ny-3r
NY,3S,Wildlife Management Unit,,,FALSE,TRUE,28,DEC Region 3,ny-3s
NY,4A,Wildlife Management Unit,,,FALSE,TRUE,29,DEC Region 4,ny-4a
NY,4B,Wildlife Management Unit,,,FALSE,TRUE,30,DEC Region 4,ny-4b
NY,4C,Wildlife Management Unit,,,FALSE,TRUE,31,DEC Region 4,ny-4c
NY,4F,Wildlife Management Unit,,,FALSE,TRUE,32,DEC Region 4,ny-4f
NY,4G,Wildlife Management Unit,,,FALSE,TRUE,33,DEC Region 4,ny-4g
NY,4H,Wildlife Management Unit,,,FALSE,TRUE,34,DEC Region 4,ny-4h
NY,4J,Wildlife Management Unit,,,FALSE,TRUE,35,DEC Region 4,ny-4j
NY,4K,Wildlife Management Unit,,,FALSE,TRUE,36,DEC Region 4,ny-4k
NY,4L,Wildlife Management Unit,,,FALSE,TRUE,37,DEC Region 4,ny-4l
NY,4O,Wildlife Management Unit,,,FALSE,TRUE,38,DEC Region 4,ny-4o
NY,4P,Wildlife Management Unit,,,FALSE,TRUE,39,DEC Region 4,ny-4p
NY,4R,Wildlife Management Unit,,,FALSE,TRUE,40,DEC Region 4,ny-4r
NY,4S,Wildlife Management Unit,,,FALSE,TRUE,41,DEC Region 4,ny-4s
NY,4T,Wildlife Management Unit,,,FALSE,TRUE,42,DEC Region 4,ny-4t
NY,4U,Wildlife Management Unit,,,FALSE,TRUE,43,DEC Region 4,ny-4u
NY,4W,Wildlife Management Unit,,,FALSE,TRUE,44,DEC Region 4,ny-4w
NY,4Y,Wildlife Management Unit,,,FALSE,TRUE,45,DEC Region 4,ny-4y
NY,4Z,Wildlife Management Unit,,,FALSE,TRUE,46,DEC Region 4,ny-4z
NY,5A,Wildlife Management Unit,,,FALSE,TRUE,47,DEC Region 5,ny-5a
NY,5B,Wildlife Management Unit,,,FALSE,TRUE,48,DEC Region 5,ny-5b
NY,5C,Wildlife Management Unit,,,FALSE,TRUE,49,DEC Region 5,ny-5c
NY,5F,Wildlife Management Unit,,,FALSE,TRUE,50,DEC Region 5,ny-5f
NY,5G,Wildlife Management Unit,,,FALSE,TRUE,51,DEC Region 5,ny-5g
NY,5H,Wildlife Management Unit,,,FALSE,TRUE,52,DEC Region 5,ny-5h
NY,5J,Wildlife Management Unit,,,FALSE,TRUE,53,DEC Region 5,ny-5j
NY,5K,Wildlife Management Unit,,,FALSE,TRUE,54,DEC Region 5,ny-5k
NY,5L,Wildlife Management Unit,,,FALSE,TRUE,55,DEC Region 5,ny-5l
NY,5M,Wildlife Management Unit,,,FALSE,TRUE,56,DEC Region 5,ny-5m
NY,5N,Wildlife Management Unit,,,FALSE,TRUE,57,DEC Region 5,ny-5n
NY,5P,Wildlife Management Unit,,,FALSE,TRUE,58,DEC Region 5,ny-5p
NY,5R,Wildlife Management Unit,,,FALSE,TRUE,59,DEC Region 5,ny-5r
NY,5S,Wildlife Management Unit,,,FALSE,TRUE,60,DEC Region 5,ny-5s
NY,6A,Wildlife Management Unit,,,FALSE,TRUE,61,DEC Region 6,ny-6a
NY,6B,Wildlife Management Unit,,,FALSE,TRUE,62,DEC Region 6,ny-6b
NY,6C,Wildlife Management Unit,,,FALSE,TRUE,63,DEC Region 6,ny-6c
NY,6F,Wildlife Management Unit,,,FALSE,TRUE,64,DEC Region 6,ny-6f
NY,6G,Wildlife Management Unit,,,FALSE,TRUE,65,DEC Region 6,ny-6g
NY,6H,Wildlife Management Unit,,,FALSE,TRUE,66,DEC Region 6,ny-6h
NY,6J,Wildlife Management Unit,,,FALSE,TRUE,67,DEC Region 6,ny-6j
NY,6K,Wildlife Management Unit,,,FALSE,TRUE,68,DEC Region 6,ny-6k
NY,6L,Wildlife Management Unit,,,FALSE,TRUE,69,DEC Region 6,ny-6l
NY,7A,Wildlife Management Unit,,,FALSE,TRUE,70,DEC Region 7,ny-7a
NY,7B,Wildlife Management Unit,,,FALSE,TRUE,71,DEC Region 7,ny-7b
NY,7C,Wildlife Management Unit,,,FALSE,TRUE,72,DEC Region 7,ny-7c
NY,7F,Wildlife Management Unit,,,FALSE,TRUE,73,DEC Region 7,ny-7f
NY,7G,Wildlife Management Unit,,,FALSE,TRUE,74,DEC Region 7,ny-7g
NY,7H,Wildlife Management Unit,,,FALSE,TRUE,75,DEC Region 7,ny-7h
NY,7J,Wildlife Management Unit,,,FALSE,TRUE,76,DEC Region 7,ny-7j
NY,7K,Wildlife Management Unit,,,FALSE,TRUE,77,DEC Region 7,ny-7k
NY,7L,Wildlife Management Unit,,,FALSE,TRUE,78,DEC Region 7,ny-7l
NY,7M,Wildlife Management Unit,,,FALSE,TRUE,79,DEC Region 7,ny-7m
NY,7N,Wildlife Management Unit,,,FALSE,TRUE,80,DEC Region 7,ny-7n
NY,7P,Wildlife Management Unit,,,FALSE,TRUE,81,DEC Region 7,ny-7p
NY,7R,Wildlife Management Unit,,,FALSE,TRUE,82,DEC Region 7,ny-7r
NY,8A,Wildlife Management Unit,,,FALSE,TRUE,83,DEC Region 8,ny-8a
NY,8B,Wildlife Management Unit,,,FALSE,TRUE,84,DEC Region 8,ny-8b
NY,8C,Wildlife Management Unit,,,FALSE,TRUE,85,DEC Region 8,ny-8c
NY,8F,Wildlife Management Unit,,,FALSE,TRUE,86,DEC Region 8,ny-8f
NY,8G,Wildlife Management Unit,,,FALSE,TRUE,87,DEC Region 8,ny-8g
NY,8H,Wildlife Management Unit,,,FALSE,TRUE,88,DEC Region 8,ny-8h
NY,8J,Wildlife Management Unit,,,FALSE,TRUE,89,DEC Region 8,ny-8j
NY,8K,Wildlife Management Unit,,,FALSE,TRUE,90,DEC Region 8,ny-8k
NY,8L,Wildlife Management Unit,,,FALSE,TRUE,91,DEC Region 8,ny-8l
NY,8M,Wildlife Management Unit,,,FALSE,TRUE,92,DEC Region 8,ny-8m
NY,8N,Wildlife Management Unit,,,FALSE,TRUE,93,DEC Region 8,ny-8n
NY,8P,Wildlife Management Unit,,,FALSE,TRUE,94,DEC Region 8,ny-8p
NY,8R,Wildlife Management Unit,,,FALSE,TRUE,95,DEC Region 8,ny-8r
NY,8S,Wildlife Management Unit,,,FALSE,TRUE,96,DEC Region 8,ny-8s
NY,8T,Wildlife Management Unit,,,FALSE,TRUE,97,DEC Region 8,ny-8t
NY,9A,Wildlife Management Unit,,,FALSE,TRUE,98,DEC Region 9,ny-9a
NY,9B,Wildlife Management Unit,,,FALSE,TRUE,99,DEC Region 9,ny-9b
NY,9C,Wildlife Management Unit,,,FALSE,TRUE,100,DEC Region 9,ny-9c
NY,9F,Wildlife Management Unit,,,FALSE,TRUE,101,DEC Region 9,ny-9f
NY,9G,Wildlife Management Unit,,,FALSE,TRUE,102,DEC Region 9,ny-9g
NY,9H,Wildlife Management Unit,,,FALSE,TRUE,103,DEC Region 9,ny-9h
NY,9J,Wildlife Management Unit,,,FALSE,TRUE,104,DEC Region 9,ny-9j
NY,9K,Wildlife Management Unit,,,FALSE,TRUE,105,DEC Region 9,ny-9k
NY,9L,Wildlife Management Unit,,,FALSE,TRUE,106,DEC Region 9,ny-9l
NY,9M,Wildlife Management Unit,,,FALSE,TRUE,107,DEC Region 9,ny-9m
NY,9N,Wildlife Management Unit,,,FALSE,TRUE,108,DEC Region 9,ny-9n
NY,9P,Wildlife Management Unit,,,FALSE,TRUE,109,DEC Region 9,ny-9p
NY,9R,Wildlife Management Unit,,,FALSE,TRUE,110,DEC Region 9,ny-9r
NY,9S,Wildlife Management Unit,,,FALSE,TRUE,111,DEC Region 9,ny-9s
NY,9T,Wildlife Management Unit,,,FALSE,TRUE,112,DEC Region 9,ny-9t
NY,9U,Wildlife Management Unit,,,FALSE,TRUE,113,DEC Region 9,ny-9u
NY,9W,Wildlife Management Unit,,,FALSE,TRUE,114,DEC Region 9,ny-9w
NY,9Y,Wildlife Management Unit,,,FALSE,TRUE,115,DEC Region 9,ny-9y
NY,9Z,Wildlife Management Unit,,,FALSE,TRUE,116,DEC Region 9,ny-9z
NC,Statewide,Statewide,,,TRUE,TRUE,1,Licenses not tied to a specific sub-unit,nc-statewide
NC,Alamance,County,,37001,FALSE,TRUE,2,,nc-alamance
NC,Alexander,County,,37003,FALSE,TRUE,3,,nc-alexander
NC,Alleghany,County,,37005,FALSE,TRUE,4,,nc-alleghany
NC,Anson,County,,37007,FALSE,TRUE,5,,nc-anson
NC,Ashe,County,,37009,FALSE,TRUE,6,,nc-ashe
NC,Avery,County,,37011,FALSE,TRUE,7,,nc-avery
NC,Beaufort,County,,37013,FALSE,TRUE,8,,nc-beaufort
NC,Bertie,County,,37015,FALSE,TRUE,9,,nc-bertie
NC,Bladen,County,,37017,FALSE,TRUE,10,,nc-bladen
NC,Brunswick,County,,37019,FALSE,TRUE,11,,nc-brunswick
NC,Buncombe,County,,37021,FALSE,TRUE,12,,nc-buncombe
NC,Burke,County,,37023,FALSE,TRUE,13,,nc-burke
NC,Cabarrus,County,,37025,FALSE,TRUE,14,,nc-cabarrus
NC,Caldwell,County,,37027,FALSE,TRUE,15,,nc-caldwell
NC,Camden,County,,37029,FALSE,TRUE,16,,nc-camden
NC,Carteret,County,,37031,FALSE,TRUE,17,,nc-carteret
NC,Caswell,County,,37033,FALSE,TRUE,18,,nc-caswell
NC,Catawba,County,,37035,FALSE,TRUE,19,,nc-catawba
NC,Chatham,County,,37037,FALSE,TRUE,20,,nc-chatham
NC,Cherokee,County,,37039,FALSE,TRUE,21,,nc-cherokee
NC,Chowan,County,,37041,FALSE,TRUE,22,,nc-chowan
NC,Clay,County,,37043,FALSE,TRUE,23,,nc-clay
NC,Cleveland,County,,37045,FALSE,TRUE,24,,nc-cleveland
NC,Columbus,County,,37047,FALSE,TRUE,25,,nc-columbus
NC,Craven,County,,37049,FALSE,TRUE,26,,nc-craven
NC,Cumberland,County,,37051,FALSE,TRUE,27,,nc-cumberland
NC,Currituck,County,,37053,FALSE,TRUE,28,,nc-currituck
NC,Dare,County,,37055,FALSE,TRUE,29,,nc-dare
NC,Davidson,County,,37057,FALSE,TRUE,30,,nc-davidson
NC,Davie,County,,37059,FALSE,TRUE,31,,nc-davie
NC,Duplin,County,,37061,FALSE,TRUE,32,,nc-duplin
NC,Durham,County,,37063,FALSE,TRUE,33,,nc-durham
NC,Edgecombe,County,,37065,FALSE,TRUE,34,,nc-edgecombe
NC,Forsyth,County,,37067,FALSE,TRUE,35,,nc-forsyth
NC,Franklin,County,,37069,FALSE,TRUE,36,,nc-franklin
NC,Gaston,County,,37071,FALSE,TRUE,37,,nc-gaston
NC,Gates,County,,37073,FALSE,TRUE,38,,nc-gates
NC,Graham,County,,37075,FALSE,TRUE,39,,nc-graham
NC,Granville,County,,37077,FALSE,TRUE,40,,nc-granville
NC,Greene,County,,37079,FALSE,TRUE,41,,nc-greene
NC,Guilford,County,,37081,FALSE,TRUE,42,,nc-guilford
NC,Halifax,County,,37083,FALSE,TRUE,43,,nc-halifax
NC,Harnett,County,,37085,FALSE,TRUE,44,,nc-harnett
NC,Haywood,County,,37087,FALSE,TRUE,45,,nc-haywood
NC,Henderson,County,,37089,FALSE,TRUE,46,,nc-henderson
NC,Hertford,County,,37091,FALSE,TRUE,47,,nc-hertford
NC,Hoke,County,,37093,FALSE,TRUE,48,,nc-hoke
NC,Hyde,County,,37095,FALSE,TRUE,49,,nc-hyde
NC,Iredell,County,,37097,FALSE,TRUE,50,,nc-iredell
NC,Jackson,County,,37099,FALSE,TRUE,51,,nc-jackson
NC,Johnston,County,,37101,FALSE,TRUE,52,,nc-johnston
NC,Jones,County,,37103,FALSE,TRUE,53,,nc-jones
NC,Lee,County,,37105,FALSE,TRUE,54,,nc-lee
NC,Lenoir,County,,37107,FALSE,TRUE,55,,nc-lenoir
NC,Lincoln,County,,37109,FALSE,TRUE,56,,nc-lincoln
NC,McDowell,County,,37111,FALSE,TRUE,57,,nc-mcdowell
NC,Macon,County,,37113,FALSE,TRUE,58,,nc-macon
NC,Madison,County,,37115,FALSE,TRUE,59,,nc-madison
NC,Martin,County,,37117,FALSE,TRUE,60,,nc-martin
NC,Mecklenburg,County,,37119,FALSE,TRUE,61,,nc-mecklenburg
NC,Mitchell,County,,37121,FALSE,TRUE,62,,nc-mitchell
NC,Montgomery,County,,37123,FALSE,TRUE,63,,nc-montgomery
NC,Moore,County,,37125,FALSE,TRUE,64,,nc-moore
NC,Nash,County,,37127,FALSE,TRUE,65,,nc-nash
NC,New Hanover,County,,37129,FALSE,TRUE,66,,nc-new-hanover
NC,Northampton,County,,37131,FALSE,TRUE,67,,nc-northampton
NC,Onslow,County,,37133,FALSE,TRUE,68,,nc-onslow
NC,Orange,County,,37135,FALSE,TRUE,69,,nc-orange
NC,Pamlico,County,,37137,FALSE,TRUE,70,,nc-pamlico
NC,Pasquotank,County,,37139,FALSE,TRUE,71,,nc-pasquotank
NC,Pender,County,,37141,FALSE,TRUE,72,,nc-pender
NC,Perquimans,County,,37143,FALSE,TRUE,73,,nc-perquimans
NC,Person,County,,37145,FALSE,TRUE,74,,nc-person
NC,Pitt,County,,37147,FALSE,TRUE,75,,nc-pitt
NC,Polk,County,,37149,FALSE,TRUE,76,,nc-polk
NC,Randolph,County,,37151,FALSE,TRUE,77,,nc-randolph
NC,Richmond,County,,37153,FALSE,TRUE,78,,nc-richmond
NC,Robeson,County,,37155,FALSE,TRUE,79,,nc-robeson
NC,Rockingham,County,,37157,FALSE,TRUE,80,,nc-rockingham
NC,Rowan,County,,37159,FALSE,TRUE,81,,nc-rowan
NC,Rutherford,County,,37161,FALSE,TRUE,82,,nc-rutherford
NC,Sampson,County,,37163,FALSE,TRUE,83,,nc-sampson
NC,Scotland,County,,37165,FALSE,TRUE,84,,nc-scotland
NC,Stanly,County,,37167,FALSE,TRUE,85,,nc-stanly
NC,Stokes,County,,37169,FALSE,TRUE,86,,nc-stokes
NC,Surry,County,,37171,FALSE,TRUE,87,,nc-surry
NC,Swain,County,,37173,FALSE,TRUE,88,,nc-swain
NC,Transylvania,County,,37175,FALSE,TRUE,89,,nc-transylvania
NC,Tyrrell,County,,37177,FALSE,TRUE,90,,nc-tyrrell
NC,Union,County,,37179,FALSE,TRUE,91,,nc-union
NC,Vance,County,,37181,FALSE,TRUE,92,,nc-vance
NC,Wake,County,,37183,FALSE,TRUE,93,,nc-wake
NC,Warren,County,,37185,FALSE,TRUE,94,,nc-warren
NC,Washington,County,,37187,FALSE,TRUE,95,,nc-washington
NC,Watauga,County,,37189,FALSE,TRUE,96,,nc-watauga
NC,Wayne,County,,37191,FALSE,TRUE,97,,nc-wayne
NC,Wilkes,County,,37193,FALSE,TRUE,98,,nc-wilkes
NC,Wilson,County,,37195,FALSE,TRUE,99,,nc-wilson
NC,Yadkin,County,,37197,FALSE,TRUE,100,,nc-yadkin
NC,Yancey,County,,37199,FALSE,TRUE,101,,nc-yancey
TN,Statewide,Statewide,,,TRUE,TRUE,1,Licenses not tied to a specific sub-unit,tn-statewide
TN,Anderson,County,,47001,FALSE,TRUE,2,,tn-anderson
TN,Bedford,County,,47003,FALSE,TRUE,3,,tn-bedford
TN,Benton,County,,47005,FALSE,TRUE,4,,tn-benton
TN,Bledsoe,County,,47007,FALSE,TRUE,5,,tn-bledsoe
TN,Blount,County,,47009,FALSE,TRUE,6,,tn-blount
TN,Bradley,County,,47011,FALSE,TRUE,7,,tn-bradley
TN,Campbell,County,,47013,FALSE,TRUE,8,,tn-campbell
TN,Cannon,County,,47015,FALSE,TRUE,9,,tn-cannon
TN,Carroll,County,,47017,FALSE,TRUE,10,,tn-carroll
TN,Carter,County,,47019,FALSE,TRUE,11,,tn-carter
TN,Cheatham,County,,47021,FALSE,TRUE,12,,tn-cheatham
TN,Chester,County,,47023,FALSE,TRUE,13,,tn-chester
TN,Claiborne,County,,47025,FALSE,TRUE,14,,tn-claiborne
TN,Clay,County,,47027,FALSE,TRUE,15,,tn-clay
TN,Cocke,County,,47029,FALSE,TRUE,16,,tn-cocke
TN,Coffee,County,,47031,FALSE,TRUE,17,,tn-coffee
TN,Crockett,County,,47033,FALSE,TRUE,18,,tn-crockett
TN,Cumberland,County,,47035,FALSE,TRUE,19,,tn-cumberland
TN,Davidson,County,,47037,FALSE,TRUE,20,,tn-davidson
TN,Decatur,County,,47039,FALSE,TRUE,21,,tn-decatur
TN,DeKalb,County,,47041,FALSE,TRUE,22,,tn-dekalb
TN,Dickson,County,,47043,FALSE,TRUE,23,,tn-dickson
TN,Dyer,County,,47045,FALSE,TRUE,24,,tn-dyer
TN,Fayette,County,,47047,FALSE,TRUE,25,,tn-fayette
TN,Fentress,County,,47049,FALSE,TRUE,26,,tn-fentress
TN,Franklin,County,,47051,FALSE,TRUE,27,,tn-franklin
TN,Gibson,County,,47053,FALSE,TRUE,28,,tn-gibson
TN,Giles,County,,47055,FALSE,TRUE,29,,tn-giles
TN,Grainger,County,,47057,FALSE,TRUE,30,,tn-grainger
TN,Greene,County,,47059,FALSE,TRUE,31,,tn-greene
TN,Grundy,County,,47061,FALSE,TRUE,32,,tn-grundy
TN,Hamblen,County,,47063,FALSE,TRUE,33,,tn-hamblen
TN,Hamilton,County,,47065,FALSE,TRUE,34,,tn-hamilton
TN,Hancock,County,,47067,FALSE,TRUE,35,,tn-hancock
TN,Hardeman,County,,47069,FALSE,TRUE,36,,tn-hardeman
TN,Hardin,County,,47071,FALSE,TRUE,37,,tn-hardin
TN,Hawkins,County,,47073,FALSE,TRUE,38,,tn-hawkins
TN,Haywood,County,,47075,FALSE,TRUE,39,,tn-haywood
TN,Henderson,County,,47077,FALSE,TRUE,40,,tn-henderson
TN,Henry,County,,47079,FALSE,TRUE,41,,tn-henry
TN,Hickman,County,,47081,FALSE,TRUE,42,,tn-hickman
TN,Houston,County,,47083,FALSE,TRUE,43,,tn-houston
TN,Humphreys,County,,47085,FALSE,TRUE,44,,tn-humphreys
TN,Jackson,County,,47087,FALSE,TRUE,45,,tn-jackson
TN,Jefferson,County,,47089,FALSE,TRUE,46,,tn-jefferson
TN,Johnson,County,,47091,FALSE,TRUE,47,,tn-johnson
TN,Knox,County,,47093,FALSE,TRUE,48,,tn-knox
TN,Lake,County,,47095,FALSE,TRUE,49,,tn-lake
TN,Lauderdale,County,,47097,FALSE,TRUE,50,,tn-lauderdale
TN,Lawrence,County,,47099,FALSE,TRUE,51,,tn-lawrence
TN,Lewis,County,,47101,FALSE,TRUE,52,,tn-lewis
TN,Lincoln,County,,47103,FALSE,TRUE,53,,tn-lincoln
TN,Loudon,County,,47105,FALSE,TRUE,54,,tn-loudon
TN,McMinn,County,,47107,FALSE,TRUE,55,,tn-mcminn
TN,McNairy,County,,47109,FALSE,TRUE,56,,tn-mcnairy
TN,Macon,County,,47111,FALSE,TRUE,57,,tn-macon
TN,Madison,County,,47113,FALSE,TRUE,58,,tn-madison
TN,Marion,County,,47115,FALSE,TRUE,59,,tn-marion
TN,Marshall,County,,47117,FALSE,TRUE,60,,tn-marshall
TN,Maury,County,,47119,FALSE,TRUE,61,,tn-maury
TN,Meigs,County,,47121,FALSE,TRUE,62,,tn-meigs
TN,Monroe,County,,47123,FALSE,TRUE,63,,tn-monroe
TN,Montgomery,County,,47125,FALSE,TRUE,64,,tn-montgomery
TN,Moore,County,,47127,FALSE,TRUE,65,,tn-moore
TN,Morgan,County,,47129,FALSE,TRUE,66,,tn-morgan
TN,Obion,County,,47131,FALSE,TRUE,67,,tn-obion
TN,Overton,County,,47133,FALSE,TRUE,68,,tn-overton
TN,Perry,County,,47135,FALSE,TRUE,69,,tn-perry
TN,Pickett,County,,47137,FALSE,TRUE,70,,tn-pickett
TN,Polk,County,,47139,FALSE,TRUE,71,,tn-polk
TN,Putnam,County,,47141,FALSE,TRUE,72,,tn-putnam
TN,Rhea,County,,47143,FALSE,TRUE,73,,tn-rhea
TN,Roane,County,,47145,FALSE,TRUE,74,,tn-roane
TN,Robertson,County,,47147,FALSE,TRUE,75,,tn-robertson
TN,Rutherford,County,,47149,FALSE,TRUE,76,,tn-rutherford
TN,Scott,County,,47151,FALSE,TRUE,77,,tn-scott
TN,Sequatchie,County,,47153,FALSE,TRUE,78,,tn-sequatchie
TN,Sevier,County,,47155,FALSE,TRUE,79,,tn-sevier
TN,Shelby,County,,47157,FALSE,TRUE,80,,tn-shelby
TN,Smith,County,,47159,FALSE,TRUE,81,,tn-smith
TN,Stewart,County,,47161,FALSE,TRUE,82,,tn-stewart
TN,Sullivan,County,,47163,FALSE,TRUE,83,,tn-sullivan
TN,Sumner,County,,47165,FALSE,TRUE,84,,tn-sumner
TN,Tipton,County,,47167,FALSE,TRUE,85,,tn-tipton
TN,Trousdale,County,,47169,FALSE,TRUE,86,,tn-trousdale
TN,Unicoi,County,,47171,FALSE,TRUE,87,,tn-unicoi
TN,Union,County,,47173,FALSE,TRUE,88,,tn-union
TN,Van Buren,County,,47175,FALSE,TRUE,89,,tn-van-buren
TN,Warren,County,,47177,FALSE,TRUE,90,,tn-warren
TN,Washington,County,,47179,FALSE,TRUE,91,,tn-washington
TN,Wayne,County,,47181,FALSE,TRUE,92,,tn-wayne
TN,Weakley,County,,47183,FALSE,TRUE,93,,tn-weakley
TN,White,County,,47185,FALSE,TRUE,94,,tn-white
TN,Williamson,County,,47187,FALSE,TRUE,95,,tn-williamson
TN,Wilson,County,,47189,FALSE,TRUE,96,,tn-wilson
TX,Statewide,Statewide,,,TRUE,TRUE,1,Licenses not tied to a specific sub-unit,tx-statewide
TX,Anderson,County,,48001,FALSE,TRUE,2,,tx-anderson
TX,Andrews,County,,48003,FALSE,TRUE,3,,tx-andrews
TX,Angelina,County,,48005,FALSE,TRUE,4,,tx-angelina
TX,Aransas,County,,48007,FALSE,TRUE,5,,tx-aransas
TX,Archer,County,,48009,FALSE,TRUE,6,,tx-archer
TX,Armstrong,County,,48011,FALSE,TRUE,7,,tx-armstrong
TX,Atascosa,County,,48013,FALSE,TRUE,8,,tx-atascosa
TX,Austin,County,,48015,FALSE,TRUE,9,,tx-austin
TX,Bailey,County,,48017,FALSE,TRUE,10,,tx-bailey
TX,Bandera,County,,48019,FALSE,TRUE,11,,tx-bandera
TX,Bastrop,County,,48021,FALSE,TRUE,12,,tx-bastrop
TX,Baylor,County,,48023,FALSE,TRUE,13,,tx-baylor
TX,Bee,County,,48025,FALSE,TRUE,14,,tx-bee
TX,Bell,County,,48027,FALSE,TRUE,15,,tx-bell
TX,Bexar,County,,48029,FALSE,TRUE,16,,tx-bexar
TX,Blanco,County,,48031,FALSE,TRUE,17,,tx-blanco
TX,Borden,County,,48033,FALSE,TRUE,18,,tx-borden
TX,Bosque,County,,48035,FALSE,TRUE,19,,tx-bosque
TX,Bowie,County,,48037,FALSE,TRUE,20,,tx-bowie
TX,Brazoria,County,,48039,FALSE,TRUE,21,,tx-brazoria
TX,Brazos,County,,48041,FALSE,TRUE,22,,tx-brazos
TX,Brewster,County,,48043,FALSE,TRUE,23,,tx-brewster
TX,Briscoe,County,,48045,FALSE,TRUE,24,,tx-briscoe
TX,Brooks,County,,48047,FALSE,TRUE,25,,tx-brooks
TX,Brown,County,,48049,FALSE,TRUE,26,,tx-brown
TX,Burleson,County,,48051,FALSE,TRUE,27,,tx-burleson
TX,Burnet,County,,48053,FALSE,TRUE,28,,tx-burnet
TX,Caldwell,County,,48055,FALSE,TRUE,29,,tx-caldwell
TX,Calhoun,County,,48057,FALSE,TRUE,30,,tx-calhoun
TX,Callahan,County,,48059,FALSE,TRUE,31,,tx-callahan
TX,Cameron,County,,48061,FALSE,TRUE,32,,tx-cameron
TX,Camp,County,,48063,FALSE,TRUE,33,,tx-camp
TX,Carson,County,,48065,FALSE,TRUE,34,,tx-carson
TX,Cass,County,,48067,FALSE,TRUE,35,,tx-cass
TX,Castro,County,,48069,FALSE,TRUE,36,,tx-castro
TX,Chambers,County,,48071,FALSE,TRUE,37,,tx-chambers
TX,Cherokee,County,,48073,FALSE,TRUE,38,,tx-cherokee
TX,Childress,County,,48075,FALSE,TRUE,39,,tx-childress
TX,Clay,County,,48077,FALSE,TRUE,40,,tx-clay
TX,Cochran,County,,48079,FALSE,TRUE,41,,tx-cochran
TX,Coke,County,,48081,FALSE,TRUE,42,,tx-coke
TX,Coleman,County,,48083,FALSE,TRUE,43,,tx-coleman
TX,Collin,County,,48085,FALSE,TRUE,44,,tx-collin
TX,Collingsworth,County,,48087,FALSE,TRUE,45,,tx-collingsworth
TX,Colorado,County,,48089,FALSE,TRUE,46,,tx-colorado
TX,Comal,County,,48091,FALSE,TRUE,47,,tx-comal
TX,Comanche,County,,48093,FALSE,TRUE,48,,tx-comanche
TX,Concho,County,,48095,FALSE,TRUE,49,,tx-concho
TX,Cooke,County,,48097,FALSE,TRUE,50,,tx-cooke
TX,Coryell,County,,48099,FALSE,TRUE,51,,tx-coryell
TX,Cottle,County,,48101,FALSE,TRUE,52,,tx-cottle
TX,Crane,County,,48103,FALSE,TRUE,53,,tx-crane
TX,Crockett,County,,48105,FALSE,TRUE,54,,tx-crockett
TX,Crosby,County,,48107,FALSE,TRUE,55,,tx-crosby
TX,Culberson,County,,48109,FALSE,TRUE,56,,tx-culberson
TX,Dallam,County,,48111,FALSE,TRUE,57,,tx-dallam
TX,Dallas,County,,48113,FALSE,TRUE,58,,tx-dallas
TX,Dawson,County,,48115,FALSE,TRUE,59,,tx-dawson
TX,Deaf Smith,County,,48117,FALSE,TRUE,60,,tx-deaf-smith
TX,Delta,County,,48119,FALSE,TRUE,61,,tx-delta
TX,Denton,County,,48121,FALSE,TRUE,62,,tx-denton
TX,DeWitt,County,,48123,FALSE,TRUE,63,,tx-dewitt
TX,Dickens,County,,48125,FALSE,TRUE,64,,tx-dickens
TX,Dimmit,County,,48127,FALSE,TRUE,65,,tx-dimmit
TX,Donley,County,,48129,FALSE,TRUE,66,,tx-donley
TX,Duval,County,,48131,FALSE,TRUE,67,,tx-duval
TX,Eastland,County,,48133,FALSE,TRUE,68,,tx-eastland
TX,Ector,County,,48135,FALSE,TRUE,69,,tx-ector
TX,Edwards,County,,48137,FALSE,TRUE,70,,tx-edwards
TX,Ellis,County,,48139,FALSE,TRUE,71,,tx-ellis
TX,El Paso,County,,48141,FALSE,TRUE,72,,tx-el-paso
TX,Erath,County,,48143,FALSE,TRUE,73,,tx-erath
TX,Falls,County,,48145,FALSE,TRUE,74,,tx-falls
TX,Fannin,County,,48147,FALSE,TRUE,75,,tx-fannin
TX,Fayette,County,,48149,FALSE,TRUE,76,,tx-fayette
TX,Fisher,County,,48151,FALSE,TRUE,77,,tx-fisher
TX,Floyd,County,,48153,FALSE,TRUE,78,,tx-floyd
TX,Foard,County,,48155,FALSE,TRUE,79,,tx-foard
TX,Fort Bend,County,,48157,FALSE,TRUE,80,,tx-fort-bend
TX,Franklin,County,,48159,FALSE,TRUE,81,,tx-franklin
TX,Freestone,County,,48161,FALSE,TRUE,82,,tx-freestone
TX,Frio,County,,48163,FALSE,TRUE,83,,tx-frio
TX,Gaines,County,,48165,FALSE,TRUE,84,,tx-gaines
TX,Galveston,County,,48167,FALSE,TRUE,85,,tx-galveston
TX,Garza,County,,48169,FALSE,TRUE,86,,tx-garza
TX,Gillespie,County,,48171,FALSE,TRUE,87,,tx-gillespie
TX,Glasscock,County,,48173,FALSE,TRUE,88,,tx-glasscock
TX,Goliad,County,,48175,FALSE,TRUE,89,,tx-goliad
TX,Gonzales,County,,48177,FALSE,TRUE,90,,tx-gonzales
TX,Gray,County,,48179,FALSE,TRUE,91,,tx-gray
TX,Grayson,County,,48181,FALSE,TRUE,92,,tx-grayson
TX,Gregg,County,,48183,FALSE,TRUE,93,,tx-gregg
TX,Grimes,County,,48185,FALSE,TRUE,94,,tx-grimes
TX,Guadalupe,County,,48187,FALSE,TRUE,95,,tx-guadalupe
TX,Hale,County,,48189,FALSE,TRUE,96,,tx-hale
TX,Hall,County,,48191,FALSE,TRUE,97,,tx-hall
TX,Hamilton,County,,48193,FALSE,TRUE,98,,tx-hamilton
TX,Hansford,County,,48195,FALSE,TRUE,99,,tx-hansford
TX,Hardeman,County,,48197,FALSE,TRUE,100,,tx-hardeman
TX,Hardin,County,,48199,FALSE,TRUE,101,,tx-hardin
TX,Harris,County,,48201,FALSE,TRUE,102,,tx-harris
TX,Harrison,County,,48203,FALSE,TRUE,103,,tx-harrison
TX,Hartley,County,,48205,FALSE,TRUE,104,,tx-hartley
TX,Haskell,County,,48207,FALSE,TRUE,105,,tx-haskell
TX,Hays,County,,48209,FALSE,TRUE,106,,tx-hays
TX,Hemphill,County,,48211,FALSE,TRUE,107,,tx-hemphill
TX,Henderson,County,,48213,FALSE,TRUE,108,,tx-henderson
TX,Hidalgo,County,,48215,FALSE,TRUE,109,,tx-hidalgo
TX,Hill,County,,48217,FALSE,TRUE,110,,tx-hill
TX,Hockley,County,,48219,FALSE,TRUE,111,,tx-hockley
TX,Hood,County,,48221,FALSE,TRUE,112,,tx-hood
TX,Hopkins,County,,48223,FALSE,TRUE,113,,tx-hopkins
TX,Houston,County,,48225,FALSE,TRUE,114,,tx-houston
TX,Howard,County,,48227,FALSE,TRUE,115,,tx-howard
TX,Hudspeth,County,,48229,FALSE,TRUE,116,,tx-hudspeth
TX,Hunt,County,,48231,FALSE,TRUE,117,,tx-hunt
TX,Hutchinson,County,,48233,FALSE,TRUE,118,,tx-hutchinson
TX,Irion,County,,48235,FALSE,TRUE,119,,tx-irion
TX,Jack,County,,48237,FALSE,TRUE,120,,tx-jack
TX,Jackson,County,,48239,FALSE,TRUE,121,,tx-jackson
TX,Jasper,County,,48241,FALSE,TRUE,122,,tx-jasper
TX,Jeff Davis,County,,48243,FALSE,TRUE,123,,tx-jeff-davis
TX,Jefferson,County,,48245,FALSE,TRUE,124,,tx-jefferson
TX,Jim Hogg,County,,48247,FALSE,TRUE,125,,tx-jim-hogg
TX,Jim Wells,County,,48249,FALSE,TRUE,126,,tx-jim-wells
TX,Johnson,County,,48251,FALSE,TRUE,127,,tx-johnson
TX,Jones,County,,48253,FALSE,TRUE,128,,tx-jones
TX,Karnes,County,,48255,FALSE,TRUE,129,,tx-karnes
TX,Kaufman,County,,48257,FALSE,TRUE,130,,tx-kaufman
TX,Kendall,County,,48259,FALSE,TRUE,131,,tx-kendall
TX,Kenedy,County,,48261,FALSE,TRUE,132,,tx-kenedy
TX,Kent,County,,48263,FALSE,TRUE,133,,tx-kent
TX,Kerr,County,,48265,FALSE,TRUE,134,,tx-kerr
TX,Kimble,County,,48267,FALSE,TRUE,135,,tx-kimble
TX,King,County,,48269,FALSE,TRUE,136,,tx-king
TX,Kinney,County,,48271,FALSE,TRUE,137,,tx-kinney
TX,Kleberg,County,,48273,FALSE,TRUE,138,,tx-kleberg
TX,Knox,County,,48275,FALSE,TRUE,139,,tx-knox
TX,La Salle,County,,48283,FALSE,TRUE,140,,tx-la-salle
TX,Lamar,County,,48277,FALSE,TRUE,141,,tx-lamar
TX,Lamb,County,,48279,FALSE,TRUE,142,,tx-lamb
TX,Lampasas,County,,48281,FALSE,TRUE,143,,tx-lampasas
TX,Lavaca,County,,48285,FALSE,TRUE,144,,tx-lavaca
TX,Lee,County,,48287,FALSE,TRUE,145,,tx-lee
TX,Leon,County,,48289,FALSE,TRUE,146,,tx-leon
TX,Liberty,County,,48291,FALSE,TRUE,147,,tx-liberty
TX,Limestone,County,,48293,FALSE,TRUE,148,,tx-limestone
TX,Lipscomb,County,,48295,FALSE,TRUE,149,,tx-lipscomb
TX,Live Oak,County,,48297,FALSE,TRUE,150,,tx-live-oak
TX,Llano,County,,48299,FALSE,TRUE,151,,tx-llano
TX,Loving,County,,48301,FALSE,TRUE,152,,tx-loving
TX,Lubbock,County,,48303,FALSE,TRUE,153,,tx-lubbock
TX,Lynn,County,,48305,FALSE,TRUE,154,,tx-lynn
TX,McCulloch,County,,48307,FALSE,TRUE,155,,tx-mcculloch
TX,McLennan,County,,48309,FALSE,TRUE,156,,tx-mclennan
TX,McMullen,County,,48311,FALSE,TRUE,157,,tx-mcmullen
TX,Madison,County,,48313,FALSE,TRUE,158,,tx-madison
TX,Marion,County,,48315,FALSE,TRUE,159,,tx-marion
TX,Martin,County,,48317,FALSE,TRUE,160,,tx-martin
TX,Mason,County,,48319,FALSE,TRUE,161,,tx-mason
TX,Matagorda,County,,48321,FALSE,TRUE,162,,tx-matagorda
TX,Maverick,County,,48323,FALSE,TRUE,163,,tx-maverick
TX,Medina,County,,48325,FALSE,TRUE,164,,tx-medina
TX,Menard,County,,48327,FALSE,TRUE,165,,tx-menard
TX,Midland,County,,48329,FALSE,TRUE,166,,tx-midland
TX,Milam,County,,48331,FALSE,TRUE,167,,tx-milam
TX,Mills,County,,48333,FALSE,TRUE,168,,tx-mills
TX,Mitchell,County,,48335,FALSE,TRUE,169,,tx-mitchell
TX,Montague,County,,48337,FALSE,TRUE,170,,tx-montague
TX,Montgomery,County,,48339,FALSE,TRUE,171,,tx-montgomery
TX,Moore,County,,48341,FALSE,TRUE,172,,tx-moore
TX,Morris,County,,48343,FALSE,TRUE,173,,tx-morris
TX,Motley,County,,48345,FALSE,TRUE,174,,tx-motley
TX,Nacogdoches,County,,48347,FALSE,TRUE,175,,tx-nacogdoches
TX,Navarro,County,,48349,FALSE,TRUE,176,,tx-navarro
TX,Newton,County,,48351,FALSE,TRUE,177,,tx-newton
TX,Nolan,County,,48353,FALSE,TRUE,178,,tx-nolan
TX,Nueces,County,,48355,FALSE,TRUE,179,,tx-nueces
TX,Ochiltree,County,,48357,FALSE,TRUE,180,,tx-ochiltree
TX,Oldham,County,,48359,FALSE,TRUE,181,,tx-oldham
TX,Orange,County,,48361,FALSE,TRUE,182,,tx-orange
TX,Palo Pinto,County,,48363,FALSE,TRUE,183,,tx-palo-pinto
TX,Panola,County,,48365,FALSE,TRUE,184,,tx-panola
TX,Parker,County,,48367,FALSE,TRUE,185,,tx-parker
TX,Parmer,County,,48369,FALSE,TRUE,186,,tx-parmer
TX,Pecos,County,,48371,FALSE,TRUE,187,,tx-pecos
TX,Polk,County,,48373,FALSE,TRUE,188,,tx-polk
TX,Potter,County,,48375,FALSE,TRUE,189,,tx-potter
TX,Presidio,County,,48377,FALSE,TRUE,190,,tx-presidio
TX,Rains,County,,48379,FALSE,TRUE,191,,tx-rains
TX,Randall,County,,48381,FALSE,TRUE,192,,tx-randall
TX,Reagan,County,,48383,FALSE,TRUE,193,,tx-reagan
TX,Real,County,,48385,FALSE,TRUE,194,,tx-real
TX,Red River,County,,48387,FALSE,TRUE,195,,tx-red-river
TX,Reeves,County,,48389,FALSE,TRUE,196,,tx-reeves
TX,Refugio,County,,48391,FALSE,TRUE,197,,tx-refugio
TX,Roberts,County,,48393,FALSE,TRUE,198,,tx-roberts
TX,Robertson,County,,48395,FALSE,TRUE,199,,tx-robertson
TX,Rockwall,County,,48397,FALSE,TRUE,200,,tx-rockwall
TX,Runnels,County,,48399,FALSE,TRUE,201,,tx-runnels
TX,Rusk,County,,48401,FALSE,TRUE,202,,tx-rusk
TX,Sabine,County,,48403,FALSE,TRUE,203,,tx-sabine
TX,San Augustine,County,,48405,FALSE,TRUE,204,,tx-san-augustine
TX,San Jacinto,County,,48407,FALSE,TRUE,205,,tx-san-jacinto
TX,San Patricio,County,,48409,FALSE,TRUE,206,,tx-san-patricio
TX,San Saba,County,,48411,FALSE,TRUE,207,,tx-san-saba
TX,Schleicher,County,,48413,FALSE,TRUE,208,,tx-schleicher
TX,Scurry,County,,48415,FALSE,TRUE,209,,tx-scurry
TX,Shackelford,County,,48417,FALSE,TRUE,210,,tx-shackelford
TX,Shelby,County,,48419,FALSE,TRUE,211,,tx-shelby
TX,Sherman,County,,48421,FALSE,TRUE,212,,tx-sherman
TX,Smith,County,,48423,FALSE,TRUE,213,,tx-smith
TX,Somervell,County,,48425,FALSE,TRUE,214,,tx-somervell
TX,Starr,County,,48427,FALSE,TRUE,215,,tx-starr
TX,Stephens,County,,48429,FALSE,TRUE,216,,tx-stephens
TX,Sterling,County,,48431,FALSE,TRUE,217,,tx-sterling
TX,Stonewall,County,,48433,FALSE,TRUE,218,,tx-stonewall
TX,Sutton,County,,48435,FALSE,TRUE,219,,tx-sutton
TX,Swisher,County,,48437,FALSE,TRUE,220,,tx-swisher
TX,Tarrant,County,,48439,FALSE,TRUE,221,,tx-tarrant
TX,Taylor,County,,48441,FALSE,TRUE,222,,tx-taylor
TX,Terrell,County,,48443,FALSE,TRUE,223,,tx-terrell
TX,Terry,County,,48445,FALSE,TRUE,224,,tx-terry
TX,Throckmorton,County,,48447,FALSE,TRUE,225,,tx-throckmorton
TX,Titus,County,,48449,FALSE,TRUE,226,,tx-titus
TX,Tom Green,County,,48451,FALSE,TRUE,227,,tx-tom-green
TX,Travis,County,,48453,FALSE,TRUE,228,,tx-travis
TX,Trinity,County,,48455,FALSE,TRUE,229,,tx-trinity
TX,Tyler,County,,48457,FALSE,TRUE,230,,tx-tyler
TX,Upshur,County,,48459,FALSE,TRUE,231,,tx-upshur
TX,Upton,County,,48461,FALSE,TRUE,232,,tx-upton
TX,Uvalde,County,,48463,FALSE,TRUE,233,,tx-uvalde
TX,Val Verde,County,,48465,FALSE,TRUE,234,,tx-val-verde
TX,Van Zandt,County,,48467,FALSE,TRUE,235,,tx-van-zandt
TX,Victoria,County,,48469,FALSE,TRUE,236,,tx-victoria
TX,Walker,County,,48471,FALSE,TRUE,237,,tx-walker
TX,Waller,County,,48473,FALSE,TRUE,238,,tx-waller
TX,Ward,County,,48475,FALSE,TRUE,239,,tx-ward
TX,Washington,County,,48477,FALSE,TRUE,240,,tx-washington
TX,Webb,County,,48479,FALSE,TRUE,241,,tx-webb
TX,Wharton,County,,48481,FALSE,TRUE,242,,tx-wharton
TX,Wheeler,County,,48483,FALSE,TRUE,243,,tx-wheeler
TX,Wichita,County,,48485,FALSE,TRUE,244,,tx-wichita
TX,Wilbarger,County,,48487,FALSE,TRUE,245,,tx-wilbarger
TX,Willacy,County,,48489,FALSE,TRUE,246,,tx-willacy
TX,Williamson,County,,48491,FALSE,TRUE,247,,tx-williamson
TX,Wilson,County,,48493,FALSE,TRUE,248,,tx-wilson
TX,Winkler,County,,48495,FALSE,TRUE,249,,tx-winkler
TX,Wise,County,,48497,FALSE,TRUE,250,,tx-wise
TX,Wood,County,,48499,FALSE,TRUE,251,,tx-wood
TX,Yoakum,County,,48501,FALSE,TRUE,252,,tx-yoakum
TX,Young,County,,48503,FALSE,TRUE,253,,tx-young
TX,Zapata,County,,48505,FALSE,TRUE,254,,tx-zapata
TX,Zavala,County,,48507,FALSE,TRUE,255,,tx-zavala
VT,Statewide,Statewide,,,TRUE,TRUE,1,Licenses not tied to a specific sub-unit,vt-statewide
VT,A,Wildlife Management Unit,,,FALSE,TRUE,2,WMUs established 1979; pre-1979 antique licenses unlikely to reference management units,vt-a
VT,B,Wildlife Management Unit,,,FALSE,TRUE,3,WMUs established 1979; pre-1979 antique licenses unlikely to reference management units,vt-b
VT,C,Wildlife Management Unit,,,FALSE,TRUE,4,WMUs established 1979; pre-1979 antique licenses unlikely to reference management units,vt-c
VT,D1,Wildlife Management Unit,,,FALSE,TRUE,5,WMUs established 1979; pre-1979 antique licenses unlikely to reference management units,vt-d1
VT,D2,Wildlife Management Unit,,,FALSE,TRUE,6,WMUs established 1979; pre-1979 antique licenses unlikely to reference management units,vt-d2
VT,E1,Wildlife Management Unit,,,FALSE,TRUE,7,WMUs established 1979; pre-1979 antique licenses unlikely to reference management units,vt-e1
VT,E2,Wildlife Management Unit,,,FALSE,TRUE,8,WMUs established 1979; pre-1979 antique licenses unlikely to reference management units,vt-e2
VT,F1,Wildlife Management Unit,,,FALSE,TRUE,9,WMUs established 1979; pre-1979 antique licenses unlikely to reference management units,vt-f1
VT,F2,Wildlife Management Unit,,,FALSE,TRUE,10,WMUs established 1979; pre-1979 antique licenses unlikely to reference management units,vt-f2
VT,G,Wildlife Management Unit,,,FALSE,TRUE,11,WMUs established 1979; pre-1979 antique licenses unlikely to reference management units,vt-g
VT,H,Wildlife Management Unit,,,FALSE,TRUE,12,WMUs established 1979; pre-1979 antique licenses unlikely to reference management units,vt-h
VT,I,Wildlife Management Unit,,,FALSE,TRUE,13,WMUs established 1979; pre-1979 antique licenses unlikely to reference management units,vt-i
VT,J1,Wildlife Management Unit,,,FALSE,TRUE,14,WMUs established 1979; pre-1979 antique licenses unlikely to reference management units,vt-j1
VT,J2,Wildlife Management Unit,,,FALSE,TRUE,15,WMUs established 1979; pre-1979 antique licenses unlikely to reference management units,vt-j2
VT,K,Wildlife Management Unit,,,FALSE,TRUE,16,WMUs established 1979; pre-1979 antique licenses unlikely to reference management units,vt-k
VT,L,Wildlife Management Unit,,,FALSE,TRUE,17,WMUs established 1979; pre-1979 antique licenses unlikely to reference management units,vt-l
VT,M,Wildlife Management Unit,,,FALSE,TRUE,18,WMUs established 1979; pre-1979 antique licenses unlikely to reference management units,vt-m
VT,N,Wildlife Management Unit,,,FALSE,TRUE,19,WMUs established 1979; pre-1979 antique licenses unlikely to reference management units,vt-n
VT,O,Wildlife Management Unit,,,FALSE,TRUE,20,WMUs established 1979; pre-1979 antique licenses unlikely to reference management units,vt-o
VT,P,Wildlife Management Unit,,,FALSE,TRUE,21,WMUs established 1979; pre-1979 antique licenses unlikely to reference management units,vt-p
VT,Q,Wildlife Management Unit,,,FALSE,TRUE,22,WMUs established 1979; pre-1979 antique licenses unlikely to reference management units,vt-q
VA,Statewide,Statewide,,,TRUE,TRUE,1,Licenses not tied to a specific sub-unit,va-statewide
VA,Accomack,County,,51001,FALSE,TRUE,2,,va-accomack
VA,Albemarle,County,,51003,FALSE,TRUE,3,,va-albemarle
VA,Alleghany,County,,51005,FALSE,TRUE,4,,va-alleghany
VA,Amelia,County,,51007,FALSE,TRUE,5,,va-amelia
VA,Amherst,County,,51009,FALSE,TRUE,6,,va-amherst
VA,Appomattox,County,,51011,FALSE,TRUE,7,,va-appomattox
VA,Arlington,County,,51013,FALSE,TRUE,8,,va-arlington
VA,Augusta,County,,51015,FALSE,TRUE,9,,va-augusta
VA,Bath,County,,51017,FALSE,TRUE,10,,va-bath
VA,Bedford County,County,,51019,FALSE,TRUE,11,,va-bedford-county
VA,Bland,County,,51021,FALSE,TRUE,12,,va-bland
VA,Botetourt,County,,51023,FALSE,TRUE,13,,va-botetourt
VA,Brunswick,County,,51025,FALSE,TRUE,14,,va-brunswick
VA,Buchanan,County,,51027,FALSE,TRUE,15,,va-buchanan
VA,Buckingham,County,,51029,FALSE,TRUE,16,,va-buckingham
VA,Campbell,County,,51031,FALSE,TRUE,17,,va-campbell
VA,Caroline,County,,51033,FALSE,TRUE,18,,va-caroline
VA,Carroll,County,,51035,FALSE,TRUE,19,,va-carroll
VA,Charles City,County,,51036,FALSE,TRUE,20,,va-charles-city
VA,Charlotte,County,,51037,FALSE,TRUE,21,,va-charlotte
VA,Chesterfield,County,,51041,FALSE,TRUE,22,,va-chesterfield
VA,Clarke,County,,51043,FALSE,TRUE,23,,va-clarke
VA,Craig,County,,51045,FALSE,TRUE,24,,va-craig
VA,Culpeper,County,,51047,FALSE,TRUE,25,,va-culpeper
VA,Cumberland,County,,51049,FALSE,TRUE,26,,va-cumberland
VA,Dickenson,County,,51051,FALSE,TRUE,27,,va-dickenson
VA,Dinwiddie,County,,51053,FALSE,TRUE,28,,va-dinwiddie
VA,Essex,County,,51057,FALSE,TRUE,29,,va-essex
VA,Fairfax County,County,,51059,FALSE,TRUE,30,,va-fairfax-county
VA,Fauquier,County,,51061,FALSE,TRUE,31,,va-fauquier
VA,Floyd,County,,51063,FALSE,TRUE,32,,va-floyd
VA,Fluvanna,County,,51065,FALSE,TRUE,33,,va-fluvanna
VA,Franklin County,County,,51067,FALSE,TRUE,34,,va-franklin-county
VA,Frederick,County,,51069,FALSE,TRUE,35,,va-frederick
VA,Giles,County,,51071,FALSE,TRUE,36,,va-giles
VA,Gloucester,County,,51073,FALSE,TRUE,37,,va-gloucester
VA,Goochland,County,,51075,FALSE,TRUE,38,,va-goochland
VA,Grayson,County,,51077,FALSE,TRUE,39,,va-grayson
VA,Greene,County,,51079,FALSE,TRUE,40,,va-greene
VA,Greensville,County,,51081,FALSE,TRUE,41,,va-greensville
VA,Halifax,County,,51083,FALSE,TRUE,42,,va-halifax
VA,Hanover,County,,51085,FALSE,TRUE,43,,va-hanover
VA,Henrico,County,,51087,FALSE,TRUE,44,,va-henrico
VA,Henry,County,,51089,FALSE,TRUE,45,,va-henry
VA,Highland,County,,51091,FALSE,TRUE,46,,va-highland
VA,Isle of Wight,County,,51093,FALSE,TRUE,47,,va-isle-of-wight
VA,James City,County,,51095,FALSE,TRUE,48,,va-james-city
VA,King and Queen,County,,51097,FALSE,TRUE,49,,va-king-and-queen
VA,King George,County,,51099,FALSE,TRUE,50,,va-king-george
VA,King William,County,,51101,FALSE,TRUE,51,,va-king-william
VA,Lancaster,County,,51103,FALSE,TRUE,52,,va-lancaster
VA,Lee,County,,51105,FALSE,TRUE,53,,va-lee
VA,Loudoun,County,,51107,FALSE,TRUE,54,,va-loudoun
VA,Louisa,County,,51109,FALSE,TRUE,55,,va-louisa
VA,Lunenburg,County,,51111,FALSE,TRUE,56,,va-lunenburg
VA,Madison,County,,51113,FALSE,TRUE,57,,va-madison
VA,Mathews,County,,51115,FALSE,TRUE,58,,va-mathews
VA,Mecklenburg,County,,51117,FALSE,TRUE,59,,va-mecklenburg
VA,Middlesex,County,,51119,FALSE,TRUE,60,,va-middlesex
VA,Montgomery,County,,51121,FALSE,TRUE,61,,va-montgomery
VA,Nelson,County,,51125,FALSE,TRUE,62,,va-nelson
VA,New Kent,County,,51127,FALSE,TRUE,63,,va-new-kent
VA,Northampton,County,,51131,FALSE,TRUE,64,,va-northampton
VA,Northumberland,County,,51133,FALSE,TRUE,65,,va-northumberland
VA,Nottoway,County,,51135,FALSE,TRUE,66,,va-nottoway
VA,Orange,County,,51137,FALSE,TRUE,67,,va-orange
VA,Page,County,,51139,FALSE,TRUE,68,,va-page
VA,Patrick,County,,51141,FALSE,TRUE,69,,va-patrick
VA,Pittsylvania,County,,51143,FALSE,TRUE,70,,va-pittsylvania
VA,Powhatan,County,,51145,FALSE,TRUE,71,,va-powhatan
VA,Prince Edward,County,,51147,FALSE,TRUE,72,,va-prince-edward
VA,Prince George,County,,51149,FALSE,TRUE,73,,va-prince-george
VA,Prince William,County,,51153,FALSE,TRUE,74,,va-prince-william
VA,Pulaski,County,,51155,FALSE,TRUE,75,,va-pulaski
VA,Rappahannock,County,,51157,FALSE,TRUE,76,,va-rappahannock
VA,Richmond County,County,,51159,FALSE,TRUE,77,,va-richmond-county
VA,Roanoke County,County,,51161,FALSE,TRUE,78,,va-roanoke-county
VA,Rockbridge,County,,51163,FALSE,TRUE,79,,va-rockbridge
VA,Rockingham,County,,51165,FALSE,TRUE,80,,va-rockingham
VA,Russell,County,,51167,FALSE,TRUE,81,,va-russell
VA,Scott,County,,51169,FALSE,TRUE,82,,va-scott
VA,Shenandoah,County,,51171,FALSE,TRUE,83,,va-shenandoah
VA,Smyth,County,,51173,FALSE,TRUE,84,,va-smyth
VA,Southampton,County,,51175,FALSE,TRUE,85,,va-southampton
VA,Spotsylvania,County,,51177,FALSE,TRUE,86,,va-spotsylvania
VA,Stafford,County,,51179,FALSE,TRUE,87,,va-stafford
VA,Surry,County,,51181,FALSE,TRUE,88,,va-surry
VA,Sussex,County,,51183,FALSE,TRUE,89,,va-sussex
VA,Tazewell,County,,51185,FALSE,TRUE,90,,va-tazewell
VA,Warren,County,,51187,FALSE,TRUE,91,,va-warren
VA,Washington County,County,,51191,FALSE,TRUE,92,,va-washington-county
VA,Westmoreland,County,,51193,FALSE,TRUE,93,,va-westmoreland
VA,Wise,County,,51195,FALSE,TRUE,94,,va-wise
VA,Wythe,County,,51197,FALSE,TRUE,95,,va-wythe
VA,York,County,,51199,FALSE,TRUE,96,,va-york
VA,Alexandria,Independent City,,51510,FALSE,TRUE,97,,va-alexandria
VA,Bedford City,Independent City,,51515,FALSE,TRUE,98,,va-bedford-city
VA,Bristol,Independent City,,51520,FALSE,TRUE,99,,va-bristol
VA,Buena Vista,Independent City,,51530,FALSE,TRUE,100,,va-buena-vista
VA,Charlottesville,Independent City,,51540,FALSE,TRUE,101,,va-charlottesville
VA,Chesapeake,Independent City,,51550,FALSE,TRUE,102,,va-chesapeake
VA,Colonial Heights,Independent City,,51570,FALSE,TRUE,103,,va-colonial-heights
VA,Covington,Independent City,,51580,FALSE,TRUE,104,,va-covington
VA,Danville,Independent City,,51590,FALSE,TRUE,105,,va-danville
VA,Emporia,Independent City,,51595,FALSE,TRUE,106,,va-emporia
VA,Fairfax City,Independent City,,51600,FALSE,TRUE,107,,va-fairfax-city
VA,Falls Church,Independent City,,51610,FALSE,TRUE,108,,va-falls-church
VA,Franklin City,Independent City,,51620,FALSE,TRUE,109,,va-franklin-city
VA,Fredericksburg,Independent City,,51630,FALSE,TRUE,110,,va-fredericksburg
VA,Galax,Independent City,,51640,FALSE,TRUE,111,,va-galax
VA,Hampton,Independent City,,51650,FALSE,TRUE,112,,va-hampton
VA,Harrisonburg,Independent City,,51660,FALSE,TRUE,113,,va-harrisonburg
VA,Hopewell,Independent City,,51670,FALSE,TRUE,114,,va-hopewell
VA,Lexington,Independent City,,51678,FALSE,TRUE,115,,va-lexington
VA,Lynchburg,Independent City,,51680,FALSE,TRUE,116,,va-lynchburg
VA,Manassas,Independent City,,51683,FALSE,TRUE,117,,va-manassas
VA,Manassas Park,Independent City,,51685,FALSE,TRUE,118,,va-manassas-park
VA,Martinsville,Independent City,,51690,FALSE,TRUE,119,,va-martinsville
VA,Newport News,Independent City,,51700,FALSE,TRUE,120,,va-newport-news
VA,Norfolk,Independent City,,51710,FALSE,TRUE,121,,va-norfolk
VA,Norton,Independent City,,51720,FALSE,TRUE,122,,va-norton
VA,Petersburg,Independent City,,51730,FALSE,TRUE,123,,va-petersburg
VA,Poquoson,Independent City,,51735,FALSE,TRUE,124,,va-poquoson
VA,Portsmouth,Independent City,,51740,FALSE,TRUE,125,,va-portsmouth
VA,Radford,Independent City,,51750,FALSE,TRUE,126,,va-radford
VA,Richmond City,Independent City,,51760,FALSE,TRUE,127,,va-richmond-city
VA,Roanoke City,Independent City,,51770,FALSE,TRUE,128,,va-roanoke-city
VA,Salem,Independent City,,51775,FALSE,TRUE,129,,va-salem
VA,Staunton,Independent City,,51790,FALSE,TRUE,130,,va-staunton
VA,Suffolk,Independent City,,51800,FALSE,TRUE,131,,va-suffolk
VA,Virginia Beach,Independent City,,51810,FALSE,TRUE,132,,va-virginia-beach
VA,Waynesboro,Independent City,,51820,FALSE,TRUE,133,,va-waynesboro
VA,Williamsburg,Independent City,,51830,FALSE,TRUE,134,,va-williamsburg
VA,Winchester,Independent City,,51840,FALSE,TRUE,135,,va-winchester
WV,Statewide,Statewide,,,TRUE,TRUE,1,Licenses not tied to a specific sub-unit,wv-statewide
WV,Barbour,County,,54001,FALSE,TRUE,2,,wv-barbour
WV,Berkeley,County,,54003,FALSE,TRUE,3,,wv-berkeley
WV,Boone,County,,54005,FALSE,TRUE,4,,wv-boone
WV,Braxton,County,,54007,FALSE,TRUE,5,,wv-braxton
WV,Brooke,County,,54009,FALSE,TRUE,6,,wv-brooke
WV,Cabell,County,,54011,FALSE,TRUE,7,,wv-cabell
WV,Calhoun,County,,54013,FALSE,TRUE,8,,wv-calhoun
WV,Clay,County,,54015,FALSE,TRUE,9,,wv-clay
WV,Doddridge,County,,54017,FALSE,TRUE,10,,wv-doddridge
WV,Fayette,County,,54019,FALSE,TRUE,11,,wv-fayette
WV,Gilmer,County,,54021,FALSE,TRUE,12,,wv-gilmer
WV,Grant,County,,54023,FALSE,TRUE,13,,wv-grant
WV,Greenbrier,County,,54025,FALSE,TRUE,14,,wv-greenbrier
WV,Hampshire,County,,54027,FALSE,TRUE,15,,wv-hampshire
WV,Hancock,County,,54029,FALSE,TRUE,16,,wv-hancock
WV,Hardy,County,,54031,FALSE,TRUE,17,,wv-hardy
WV,Harrison,County,,54033,FALSE,TRUE,18,,wv-harrison
WV,Jackson,County,,54035,FALSE,TRUE,19,,wv-jackson
WV,Jefferson,County,,54037,FALSE,TRUE,20,,wv-jefferson
WV,Kanawha,County,,54039,FALSE,TRUE,21,,wv-kanawha
WV,Lewis,County,,54041,FALSE,TRUE,22,,wv-lewis
WV,Lincoln,County,,54043,FALSE,TRUE,23,,wv-lincoln
WV,Logan,County,,54045,FALSE,TRUE,24,,wv-logan
WV,McDowell,County,,54047,FALSE,TRUE,25,,wv-mcdowell
WV,Marion,County,,54049,FALSE,TRUE,26,,wv-marion
WV,Marshall,County,,54051,FALSE,TRUE,27,,wv-marshall
WV,Mason,County,,54053,FALSE,TRUE,28,,wv-mason
WV,Mercer,County,,54055,FALSE,TRUE,29,,wv-mercer
WV,Mineral,County,,54057,FALSE,TRUE,30,,wv-mineral
WV,Mingo,County,,54059,FALSE,TRUE,31,,wv-mingo
WV,Monongalia,County,,54061,FALSE,TRUE,32,,wv-monongalia
WV,Monroe,County,,54063,FALSE,TRUE,33,,wv-monroe
WV,Morgan,County,,54065,FALSE,TRUE,34,,wv-morgan
WV,Nicholas,County,,54067,FALSE,TRUE,35,,wv-nicholas
WV,Ohio,County,,54069,FALSE,TRUE,36,,wv-ohio
WV,Pendleton,County,,54071,FALSE,TRUE,37,,wv-pendleton
WV,Pleasants,County,,54073,FALSE,TRUE,38,,wv-pleasants
WV,Pocahontas,County,,54075,FALSE,TRUE,39,,wv-pocahontas
WV,Preston,County,,54077,FALSE,TRUE,40,,wv-preston
WV,Putnam,County,,54079,FALSE,TRUE,41,,wv-putnam
WV,Raleigh,County,,54081,FALSE,TRUE,42,,wv-raleigh
WV,Randolph,County,,54083,FALSE,TRUE,43,,wv-randolph
WV,Ritchie,County,,54085,FALSE,TRUE,44,,wv-ritchie
WV,Roane,County,,54087,FALSE,TRUE,45,,wv-roane
WV,Summers,County,,54089,FALSE,TRUE,46,,wv-summers
WV,Taylor,County,,54091,FALSE,TRUE,47,,wv-taylor
WV,Tucker,County,,54093,FALSE,TRUE,48,,wv-tucker
WV,Tyler,County,,54095,FALSE,TRUE,49,,wv-tyler
WV,Upshur,County,,54097,FALSE,TRUE,50,,wv-upshur
WV,Wayne,County,,54099,FALSE,TRUE,51,,wv-wayne
WV,Webster,County,,54101,FALSE,TRUE,52,,wv-webster
WV,Wetzel,County,,54103,FALSE,TRUE,53,,wv-wetzel
WV,Wirt,County,,54105,FALSE,TRUE,54,,wv-wirt
WV,Wood,County,,54107,FALSE,TRUE,55,,wv-wood
WV,Wyoming,County,,54109,FALSE,TRUE,56,,wv-wyoming
WI,Statewide,Statewide,,,TRUE,TRUE,1,Licenses not tied to a specific sub-unit,wi-statewide
WI,Adams,County,,55001,FALSE,TRUE,2,,wi-adams
WI,Ashland,County,,55003,FALSE,TRUE,3,,wi-ashland
WI,Barron,County,,55005,FALSE,TRUE,4,,wi-barron
WI,Bayfield,County,,55007,FALSE,TRUE,5,,wi-bayfield
WI,Brown,County,,55009,FALSE,TRUE,6,,wi-brown
WI,Buffalo,County,,55011,FALSE,TRUE,7,,wi-buffalo
WI,Burnett,County,,55013,FALSE,TRUE,8,,wi-burnett
WI,Calumet,County,,55015,FALSE,TRUE,9,,wi-calumet
WI,Chippewa,County,,55017,FALSE,TRUE,10,,wi-chippewa
WI,Clark,County,,55019,FALSE,TRUE,11,,wi-clark
WI,Columbia,County,,55021,FALSE,TRUE,12,,wi-columbia
WI,Crawford,County,,55023,FALSE,TRUE,13,,wi-crawford
WI,Dane,County,,55025,FALSE,TRUE,14,,wi-dane
WI,Dodge,County,,55027,FALSE,TRUE,15,,wi-dodge
WI,Door,County,,55029,FALSE,TRUE,16,,wi-door
WI,Douglas,County,,55031,FALSE,TRUE,17,,wi-douglas
WI,Dunn,County,,55033,FALSE,TRUE,18,,wi-dunn
WI,Eau Claire,County,,55035,FALSE,TRUE,19,,wi-eau-claire
WI,Florence,County,,55037,FALSE,TRUE,20,,wi-florence
WI,Fond du Lac,County,,55039,FALSE,TRUE,21,,wi-fond-du-lac
WI,Forest,County,,55041,FALSE,TRUE,22,,wi-forest
WI,Grant,County,,55043,FALSE,TRUE,23,,wi-grant
WI,Green,County,,55045,FALSE,TRUE,24,,wi-green
WI,Green Lake,County,,55047,FALSE,TRUE,25,,wi-green-lake
WI,Iowa,County,,55049,FALSE,TRUE,26,,wi-iowa
WI,Iron,County,,55051,FALSE,TRUE,27,,wi-iron
WI,Jackson,County,,55053,FALSE,TRUE,28,,wi-jackson
WI,Jefferson,County,,55055,FALSE,TRUE,29,,wi-jefferson
WI,Juneau,County,,55057,FALSE,TRUE,30,,wi-juneau
WI,Kenosha,County,,55059,FALSE,TRUE,31,,wi-kenosha
WI,Kewaunee,County,,55061,FALSE,TRUE,32,,wi-kewaunee
WI,La Crosse,County,,55063,FALSE,TRUE,33,,wi-la-crosse
WI,Lafayette,County,,55065,FALSE,TRUE,34,,wi-lafayette
WI,Langlade,County,,55067,FALSE,TRUE,35,,wi-langlade
WI,Lincoln,County,,55069,FALSE,TRUE,36,,wi-lincoln
WI,Manitowoc,County,,55071,FALSE,TRUE,37,,wi-manitowoc
WI,Marathon,County,,55073,FALSE,TRUE,38,,wi-marathon
WI,Marinette,County,,55075,FALSE,TRUE,39,,wi-marinette
WI,Marquette,County,,55077,FALSE,TRUE,40,,wi-marquette
WI,Menominee,County,,55078,FALSE,TRUE,41,,wi-menominee
WI,Milwaukee,County,,55079,FALSE,TRUE,42,,wi-milwaukee
WI,Monroe,County,,55081,FALSE,TRUE,43,,wi-monroe
WI,Oconto,County,,55083,FALSE,TRUE,44,,wi-oconto
WI,Oneida,County,,55085,FALSE,TRUE,45,,wi-oneida
WI,Outagamie,County,,55087,FALSE,TRUE,46,,wi-outagamie
WI,Ozaukee,County,,55089,FALSE,TRUE,47,,wi-ozaukee
WI,Pepin,County,,55091,FALSE,TRUE,48,,wi-pepin
WI,Pierce,County,,55093,FALSE,TRUE,49,,wi-pierce
WI,Polk,County,,55095,FALSE,TRUE,50,,wi-polk
WI,Portage,County,,55097,FALSE,TRUE,51,,wi-portage
WI,Price,County,,55099,FALSE,TRUE,52,,wi-price
WI,Racine,County,,55101,FALSE,TRUE,53,,wi-racine
WI,Richland,County,,55103,FALSE,TRUE,54,,wi-richland
WI,Rock,County,,55105,FALSE,TRUE,55,,wi-rock
WI,Rusk,County,,55107,FALSE,TRUE,56,,wi-rusk
WI,St. Croix,County,,55109,FALSE,TRUE,57,,wi-st-croix
WI,Sauk,County,,55111,FALSE,TRUE,58,,wi-sauk
WI,Sawyer,County,,55113,FALSE,TRUE,59,,wi-sawyer
WI,Shawano,County,,55115,FALSE,TRUE,60,,wi-shawano
WI,Sheboygan,County,,55117,FALSE,TRUE,61,,wi-sheboygan
WI,Taylor,County,,55119,FALSE,TRUE,62,,wi-taylor
WI,Trempealeau,County,,55121,FALSE,TRUE,63,,wi-trempealeau
WI,Vernon,County,,55123,FALSE,TRUE,64,,wi-vernon
WI,Vilas,County,,55125,FALSE,TRUE,65,,wi-vilas
WI,Walworth,County,,55127,FALSE,TRUE,66,,wi-walworth
WI,Washburn,County,,55129,FALSE,TRUE,67,,wi-washburn
WI,Washington,County,,55131,FALSE,TRUE,68,,wi-washington
WI,Waukesha,County,,55133,FALSE,TRUE,69,,wi-waukesha
WI,Waupaca,County,,55135,FALSE,TRUE,70,,wi-waupaca
WI,Waushara,County,,55137,FALSE,TRUE,71,,wi-waushara
WI,Winnebago,County,,55139,FALSE,TRUE,72,,wi-winnebago
WI,Wood,County,,55141,FALSE,TRUE,73,,wi-wood
WY,Statewide,Statewide,,,TRUE,TRUE,1,Licenses not tied to a specific sub-unit,wy-statewide
WY,Area 1 (Crook),Hunt Area,1,,FALSE,TRUE,2,Deer hunt area; elk/antelope areas use different numbering,wy-area-1-crook
WY,Area 2 (Bearlodge),Hunt Area,2,,FALSE,TRUE,3,Deer hunt area; elk/antelope areas use different numbering,wy-area-2-bearlodge
WY,Area 3 (Keyhole),Hunt Area,3,,FALSE,TRUE,4,Deer hunt area; elk/antelope areas use different numbering,wy-area-3-keyhole
WY,Area 4 (Arch Creek),Hunt Area,4,,FALSE,TRUE,5,Deer hunt area; elk/antelope areas use different numbering,wy-area-4-arch-creek
WY,Area 5 (Inyan Kara),Hunt Area,5,,FALSE,TRUE,6,Deer hunt area; elk/antelope areas use different numbering,wy-area-5-inyan-kara
WY,Area 6 (S. Newcastle),Hunt Area,6,,FALSE,TRUE,7,Deer hunt area; elk/antelope areas use different numbering,wy-area-6-s-newcastle
WY,Area 7 (S. Upton),Hunt Area,7,,FALSE,TRUE,8,Deer hunt area; elk/antelope areas use different numbering,wy-area-7-s-upton
WY,Area 8 (Niobrara),Hunt Area,8,,FALSE,TRUE,9,Deer hunt area; elk/antelope areas use different numbering,wy-area-8-niobrara
WY,Area 9 (Lance Creek),Hunt Area,9,,FALSE,TRUE,10,Deer hunt area; elk/antelope areas use different numbering,wy-area-9-lance-creek
WY,Area 10 (Lake De Smet),Hunt Area,10,,FALSE,TRUE,11,Deer hunt area; elk/antelope areas use different numbering,wy-area-10-lake-de-smet
WY,Area 11 (N. Newcastle),Hunt Area,11,,FALSE,TRUE,12,Deer hunt area; elk/antelope areas use different numbering,wy-area-11-n-newcastle
WY,Area 12 (Moorcroft),Hunt Area,12,,FALSE,TRUE,13,Deer hunt area; elk/antelope areas use different numbering,wy-area-12-moorcroft
WY,Area 13 (Sundance),Hunt Area,13,,FALSE,TRUE,14,Deer hunt area; elk/antelope areas use different numbering,wy-area-13-sundance
WY,Area 14 (Hulett),Hunt Area,14,,FALSE,TRUE,15,Deer hunt area; elk/antelope areas use different numbering,wy-area-14-hulett
WY,Area 15 (N. Devils Tower),Hunt Area,15,,FALSE,TRUE,16,Deer hunt area; elk/antelope areas use different numbering,wy-area-15-n-devils-tower
WY,Area 16 (S. Devils Tower),Hunt Area,16,,FALSE,TRUE,17,Deer hunt area; elk/antelope areas use different numbering,wy-area-16-s-devils-tower
WY,Area 17 (Missouri Buttes),Hunt Area,17,,FALSE,TRUE,18,Deer hunt area; elk/antelope areas use different numbering,wy-area-17-missouri-buttes
WY,Area 18 (Campbell N.),Hunt Area,18,,FALSE,TRUE,19,Deer hunt area; elk/antelope areas use different numbering,wy-area-18-campbell-n
WY,Area 19 (Campbell S.),Hunt Area,19,,FALSE,TRUE,20,Deer hunt area; elk/antelope areas use different numbering,wy-area-19-campbell-s
WY,Area 20 (Gillette),Hunt Area,20,,FALSE,TRUE,21,Deer hunt area; elk/antelope areas use different numbering,wy-area-20-gillette
WY,Area 21 (NE Wyoming),Hunt Area,21,,FALSE,TRUE,22,Deer hunt area; elk/antelope areas use different numbering,wy-area-21-ne-wyoming
WY,Area 22 (Powder River),Hunt Area,22,,FALSE,TRUE,23,Deer hunt area; elk/antelope areas use different numbering,wy-area-22-powder-river
WY,Area 23 (Pumpkin Buttes),Hunt Area,23,,FALSE,TRUE,24,Deer hunt area; elk/antelope areas use different numbering,wy-area-23-pumpkin-buttes
WY,Area 24 (S. Powder River),Hunt Area,24,,FALSE,TRUE,25,Deer hunt area; elk/antelope areas use different numbering,wy-area-24-s-powder-river
WY,Area 25 (Edgerton),Hunt Area,25,,FALSE,TRUE,26,Deer hunt area; elk/antelope areas use different numbering,wy-area-25-edgerton
WY,Area 26 (Sheridan N.),Hunt Area,26,,FALSE,TRUE,27,Deer hunt area; elk/antelope areas use different numbering,wy-area-26-sheridan-n
WY,Area 27 (Sheridan S.),Hunt Area,27,,FALSE,TRUE,28,Deer hunt area; elk/antelope areas use different numbering,wy-area-27-sheridan-s
WY,Area 28 (Bighorn N.),Hunt Area,28,,FALSE,TRUE,29,Deer hunt area; elk/antelope areas use different numbering,wy-area-28-bighorn-n
WY,Area 29 (Bighorn S.),Hunt Area,29,,FALSE,TRUE,30,Deer hunt area; elk/antelope areas use different numbering,wy-area-29-bighorn-s
WY,Area 30 (Tensleep),Hunt Area,30,,FALSE,TRUE,31,Deer hunt area; elk/antelope areas use different numbering,wy-area-30-tensleep
WY,Area 31 (Hyattville),Hunt Area,31,,FALSE,TRUE,32,Deer hunt area; elk/antelope areas use different numbering,wy-area-31-hyattville
WY,Area 32 (Ten Sleep Canyon),Hunt Area,32,,FALSE,TRUE,33,Deer hunt area; elk/antelope areas use different numbering,wy-area-32-ten-sleep-canyon
WY,Area 33 (Worland N.),Hunt Area,33,,FALSE,TRUE,34,Deer hunt area; elk/antelope areas use different numbering,wy-area-33-worland-n
WY,Area 34 (Worland S.),Hunt Area,34,,FALSE,TRUE,35,Deer hunt area; elk/antelope areas use different numbering,wy-area-34-worland-s
WY,Area 35 (Basin),Hunt Area,35,,FALSE,TRUE,36,Deer hunt area; elk/antelope areas use different numbering,wy-area-35-basin
WY,Area 36 (Greybull),Hunt Area,36,,FALSE,TRUE,37,Deer hunt area; elk/antelope areas use different numbering,wy-area-36-greybull
WY,Area 37 (Meeteetse),Hunt Area,37,,FALSE,TRUE,38,Deer hunt area; elk/antelope areas use different numbering,wy-area-37-meeteetse
WY,Area 38 (Cody N.),Hunt Area,38,,FALSE,TRUE,39,Deer hunt area; elk/antelope areas use different numbering,wy-area-38-cody-n
WY,Area 39 (Cody S.),Hunt Area,39,,FALSE,TRUE,40,Deer hunt area; elk/antelope areas use different numbering,wy-area-39-cody-s
WY,Area 40 (Clark's Fork),Hunt Area,40,,FALSE,TRUE,41,Deer hunt area; elk/antelope areas use different numbering,wy-area-40-clarks-fork
WY,Area 41 (Sunlight),Hunt Area,41,,FALSE,TRUE,42,Deer hunt area; elk/antelope areas use different numbering,wy-area-41-sunlight
WY,Area 42 (Wapiti),Hunt Area,42,,FALSE,TRUE,43,Deer hunt area; elk/antelope areas use different numbering,wy-area-42-wapiti
WY,Area 43 (Carter Mtn.),Hunt Area,43,,FALSE,TRUE,44,Deer hunt area; elk/antelope areas use different numbering,wy-area-43-carter-mtn
WY,Area 44 (S. Absaroka),Hunt Area,44,,FALSE,TRUE,45,Deer hunt area; elk/antelope areas use different numbering,wy-area-44-s-absaroka
WY,Area 45 (Ishawooa),Hunt Area,45,,FALSE,TRUE,46,Deer hunt area; elk/antelope areas use different numbering,wy-area-45-ishawooa
WY,Area 46 (Togwotee),Hunt Area,46,,FALSE,TRUE,47,Deer hunt area; elk/antelope areas use different numbering,wy-area-46-togwotee
WY,Area 47 (Dubois),Hunt Area,47,,FALSE,TRUE,48,Deer hunt area; elk/antelope areas use different numbering,wy-area-47-dubois
WY,Area 48 (Gannett),Hunt Area,48,,FALSE,TRUE,49,Deer hunt area; elk/antelope areas use different numbering,wy-area-48-gannett
WY,Area 49 (New Fork),Hunt Area,49,,FALSE,TRUE,50,Deer hunt area; elk/antelope areas use different numbering,wy-area-49-new-fork
WY,Area 50 (Boulder),Hunt Area,50,,FALSE,TRUE,51,Deer hunt area; elk/antelope areas use different numbering,wy-area-50-boulder
WY,Area 51 (Pinedale),Hunt Area,51,,FALSE,TRUE,52,Deer hunt area; elk/antelope areas use different numbering,wy-area-51-pinedale
WY,Area 52 (Hoback),Hunt Area,52,,FALSE,TRUE,53,Deer hunt area; elk/antelope areas use different numbering,wy-area-52-hoback
WY,Area 53 (Greys River),Hunt Area,53,,FALSE,TRUE,54,Deer hunt area; elk/antelope areas use different numbering,wy-area-53-greys-river
WY,Area 54 (Star Valley),Hunt Area,54,,FALSE,TRUE,55,Deer hunt area; elk/antelope areas use different numbering,wy-area-54-star-valley
WY,Area 55 (Afton),Hunt Area,55,,FALSE,TRUE,56,Deer hunt area; elk/antelope areas use different numbering,wy-area-55-afton
WY,Area 56 (Alpine),Hunt Area,56,,FALSE,TRUE,57,Deer hunt area; elk/antelope areas use different numbering,wy-area-56-alpine
WY,Area 57 (Teton),Hunt Area,57,,FALSE,TRUE,58,Deer hunt area; elk/antelope areas use different numbering,wy-area-57-teton
WY,Area 58 (Jackson Hole),Hunt Area,58,,FALSE,TRUE,59,Deer hunt area; elk/antelope areas use different numbering,wy-area-58-jackson-hole
WY,Area 59 (Gros Ventre),Hunt Area,59,,FALSE,TRUE,60,Deer hunt area; elk/antelope areas use different numbering,wy-area-59-gros-ventre
WY,Area 60 (Granite),Hunt Area,60,,FALSE,TRUE,61,Deer hunt area; elk/antelope areas use different numbering,wy-area-60-granite
WY,Area 61 (S. Wind River),Hunt Area,61,,FALSE,TRUE,62,Deer hunt area; elk/antelope areas use different numbering,wy-area-61-s-wind-river
WY,Area 62 (Lander),Hunt Area,62,,FALSE,TRUE,63,Deer hunt area; elk/antelope areas use different numbering,wy-area-62-lander
WY,Area 63 (Riverton),Hunt Area,63,,FALSE,TRUE,64,Deer hunt area; elk/antelope areas use different numbering,wy-area-63-riverton
WY,Area 64 (Shoshoni),Hunt Area,64,,FALSE,TRUE,65,Deer hunt area; elk/antelope areas use different numbering,wy-area-64-shoshoni
WY,Area 65 (Thermopolis),Hunt Area,65,,FALSE,TRUE,66,Deer hunt area; elk/antelope areas use different numbering,wy-area-65-thermopolis
WY,Area 66 (Wind River Canyon),Hunt Area,66,,FALSE,TRUE,67,Deer hunt area; elk/antelope areas use different numbering,wy-area-66-wind-river-canyon
WY,Area 67 (Boysen),Hunt Area,67,,FALSE,TRUE,68,Deer hunt area; elk/antelope areas use different numbering,wy-area-67-boysen
WY,Area 68 (Kirby),Hunt Area,68,,FALSE,TRUE,69,Deer hunt area; elk/antelope areas use different numbering,wy-area-68-kirby
WY,Area 69 (N. Sweetwater),Hunt Area,69,,FALSE,TRUE,70,Deer hunt area; elk/antelope areas use different numbering,wy-area-69-n-sweetwater
WY,Area 70 (S. Sweetwater),Hunt Area,70,,FALSE,TRUE,71,Deer hunt area; elk/antelope areas use different numbering,wy-area-70-s-sweetwater
WY,Area 71 (Rawlins),Hunt Area,71,,FALSE,TRUE,72,Deer hunt area; elk/antelope areas use different numbering,wy-area-71-rawlins
WY,Area 72 (Encampment),Hunt Area,72,,FALSE,TRUE,73,Deer hunt area; elk/antelope areas use different numbering,wy-area-72-encampment
WY,Area 73 (Sierra Madre),Hunt Area,73,,FALSE,TRUE,74,Deer hunt area; elk/antelope areas use different numbering,wy-area-73-sierra-madre
WY,Area 74 (Saratoga),Hunt Area,74,,FALSE,TRUE,75,Deer hunt area; elk/antelope areas use different numbering,wy-area-74-saratoga
WY,Area 75 (Laramie),Hunt Area,75,,FALSE,TRUE,76,Deer hunt area; elk/antelope areas use different numbering,wy-area-75-laramie
WY,Area 76 (SE Laramie),Hunt Area,76,,FALSE,TRUE,77,Deer hunt area; elk/antelope areas use different numbering,wy-area-76-se-laramie
WY,Area 77 (Cheyenne),Hunt Area,77,,FALSE,TRUE,78,Deer hunt area; elk/antelope areas use different numbering,wy-area-77-cheyenne
WY,Area 78 (Goshen),Hunt Area,78,,FALSE,TRUE,79,Deer hunt area; elk/antelope areas use different numbering,wy-area-78-goshen
WY,Area 79 (Torrington),Hunt Area,79,,FALSE,TRUE,80,Deer hunt area; elk/antelope areas use different numbering,wy-area-79-torrington
WY,Area 80 (Lingle),Hunt Area,80,,FALSE,TRUE,81,Deer hunt area; elk/antelope areas use different numbering,wy-area-80-lingle
WY,Area 81 (Guernsey),Hunt Area,81,,FALSE,TRUE,82,Deer hunt area; elk/antelope areas use different numbering,wy-area-81-guernsey
WY,Area 82 (Douglas),Hunt Area,82,,FALSE,TRUE,83,Deer hunt area; elk/antelope areas use different numbering,wy-area-82-douglas
WY,Area 83 (Glenrock),Hunt Area,83,,FALSE,TRUE,84,Deer hunt area; elk/antelope areas use different numbering,wy-area-83-glenrock
WY,Area 84 (Casper),Hunt Area,84,,FALSE,TRUE,85,Deer hunt area; elk/antelope areas use different numbering,wy-area-84-casper
WY,Area 85 (Natrona),Hunt Area,85,,FALSE,TRUE,86,Deer hunt area; elk/antelope areas use different numbering,wy-area-85-natrona
WY,Area 86 (Rattlesnake),Hunt Area,86,,FALSE,TRUE,87,Deer hunt area; elk/antelope areas use different numbering,wy-area-86-rattlesnake
WY,Area 87 (Pathfinder),Hunt Area,87,,FALSE,TRUE,88,Deer hunt area; elk/antelope areas use different numbering,wy-area-87-pathfinder
WY,Area 88 (Alcova),Hunt Area,88,,FALSE,TRUE,89,Deer hunt area; elk/antelope areas use different numbering,wy-area-88-alcova
WY,Area 89 (Shirley Basin),Hunt Area,89,,FALSE,TRUE,90,Deer hunt area; elk/antelope areas use different numbering,wy-area-89-shirley-basin
WY,Area 90 (Hanna),Hunt Area,90,,FALSE,TRUE,91,Deer hunt area; elk/antelope areas use different numbering,wy-area-90-hanna
