"state_abbrev","addon_name","addon_type","target_species","hunting_method","is_federal","is_mandatory","approx_first_year","approx_last_year","notes","source_url","added_date","first_year_source"
"FEDERAL","Federal Duck Stamp","Stamp","Waterfowl","Any","True","True","1934","","Migratory Bird Hunting and Conservation Stamp Act signed March 16 1934; first stamp 1934 (Darling mallards). Required for migratory waterfowl hunters 16+. Confidence: high.","https://www.fws.gov/law/migratory-bird-hunting-and-conservation-stamp-act","",""
"FEDERAL","HIP Certification (Harvest Information Program)","Harvest Record","Migratory Birds","Any","True","True","1998","","Piloted 1991-92 (CA, MO, SD); nationwide federal requirement 1998. Confidence: high.","https://www.fws.gov/program/migratory-bird-harvest-surveys/what-we-do","",""
"CO","Deer Tag","Tag","Deer","Any","False","False","","","OTC deer tag valid in specific GMUs. Draw/OTC acquisition variants merged 2026-07-10 - not determinable from the artifact.","https://cpw.state.co.us/hunting/big-game","",""
"CO","Elk Tag","Tag","Elk","Any","False","False","","","OTC elk tag valid in specific GMUs. Draw/OTC acquisition variants merged 2026-07-10 - not determinable from the artifact.","https://cpw.state.co.us/hunting/big-game","",""
"CO","Pronghorn Tag","Tag","Pronghorn","Any","False","False","","","Draw-only antelope tag. Draw/OTC acquisition variants merged 2026-07-10 - not determinable from the artifact.","https://cpw.state.co.us/hunting/big-game","",""
"CO","Bear Tag","Tag","Bear","Any","False","False","","","OTC black bear tag; some units may be draw. Draw/OTC acquisition variants merged 2026-07-10 - not determinable from the artifact.","https://cpw.state.co.us/hunting/big-game","",""
"CO","Moose Tag","Tag","Moose","Any","False","False","","","Draw-only moose tag; very limited quota. Draw/OTC acquisition variants merged 2026-07-10 - not determinable from the artifact.","https://cpw.state.co.us/hunting/big-game","",""
"CO","Mountain Goat Tag","Tag","Mountain Goat","Any","False","False","","","Draw-only mountain goat tag; very limited quota. Draw/OTC acquisition variants merged 2026-07-10 - not determinable from the artifact.","https://cpw.state.co.us/hunting/big-game","",""
"CO","Bighorn Sheep Tag","Tag","Bighorn Sheep","Any","False","False","","","Draw-only bighorn sheep tag; very limited quota. Draw/OTC acquisition variants merged 2026-07-10 - not determinable from the artifact.","https://cpw.state.co.us/hunting/big-game","",""
"CO","Turkey Tag","Tag","Turkey","Any","False","False","","","OTC wild turkey tag. Draw/OTC acquisition variants merged 2026-07-10 - not determinable from the artifact.","https://cpw.state.co.us/hunting/big-game","",""
"CO","Mountain Lion Tag","Tag","Mountain Lion","Any","False","False","","","OTC mountain lion tag; season quota applies. Draw/OTC acquisition variants merged 2026-07-10 - not determinable from the artifact.","https://cpw.state.co.us/hunting/big-game","",""
"CO","Bison Tag","Tag","Bison","Any","False","False","","","Draw-only bison tag; extremely limited. Draw/OTC acquisition variants merged 2026-07-10 - not determinable from the artifact.","https://cpw.state.co.us/hunting/big-game","",""
"CO","Colorado Waterfowl Stamp","Stamp","Duck","Any","False","False","1990","","State waterfowl stamp required in addition to federal duck stamp","https://cpw.state.co.us/hunting/big-game","","https://waterfowlstampsandmore.com/galleries/first-of-state-duck-stamp-prints-300-dpi/"
"CO","Habitat Stamp","Habitat Fee","Any","Any","False","True","","","Mandatory for hunters ages 18-64; funds habitat programs","https://cpw.state.co.us/hunting/big-game","",""
"CO","Furbearer License","Permit","Multiple","Any","False","False","","","Required to trap or hunt furbearers","https://cpw.state.co.us/hunting/big-game","",""
"GA","Big Game License (deer/turkey/bear)","License","Multiple","Any","False","True","","","Standalone big-game privilege document layered atop the base GA hunting license; distinct collectible add-on artifact (R5 audit). Required add-on for deer/turkey/bear in GA.","https://georgiawildlife.com/licenses-permits-passes/choose","",""
"GA","GA Waterfowl and Migratory Bird License","Stamp","Duck","Any","False","False","","","State waterfowl license required for migratory bird hunting","https://georgiawildlife.com/licenses-permits-passes/choose","",""
"GA","Harvest Record","Harvest Record","Multiple","Any","False","True","","","Free but required; all GA hunters must complete harvest reporting","https://georgiawildlife.com/licenses-permits-passes/choose","",""
"GA","Alligator Harvest Permit","Permit","Alligator","Any","False","False","","","Quota draw permit; limited alligator harvest season","https://georgiawildlife.com/licenses-permits-passes/choose","",""
"GA","Lands Pass (WMA Access)","Access Pass","Any","Any","False","False","","","Required for hunting on Wildlife Management Areas","https://georgiawildlife.com/licenses-permits-passes/choose","",""
"IL","Firearm Deer Permit","Permit","Deer","Firearm","False","False","","","County-specific draw; required for firearm deer hunting","https://dnr.illinois.gov/lpr/huntinglicensesfees.html","",""
"IL","Archery Deer Permit","Permit","Deer","Archery","False","False","","","Required for archery deer hunting season","https://dnr.illinois.gov/lpr/huntinglicensesfees.html","",""
"IL","Muzzleloader Deer Permit","Permit","Deer","Muzzleloader","False","False","","","Required for muzzleloader deer season","https://dnr.illinois.gov/lpr/huntinglicensesfees.html","",""
"IL","Combination Deer Permit","Permit","Deer","Any","False","False","","","Covers multiple deer seasons","https://dnr.illinois.gov/lpr/huntinglicensesfees.html","",""
"IL","Antlerless Deer Permit","Permit","Deer","Any","False","False","","","Required to harvest antlerless deer; county-specific quotas","https://dnr.illinois.gov/lpr/huntinglicensesfees.html","",""
"IL","Spring Turkey Permit","Permit","Turkey","Any","False","False","","","Required for spring turkey season","https://dnr.illinois.gov/lpr/huntinglicensesfees.html","",""
"IL","Fall Turkey Permit","Permit","Turkey","Any","False","False","","","Required for fall turkey season","https://dnr.illinois.gov/lpr/huntinglicensesfees.html","",""
"IL","State Habitat Stamp","Stamp","Any","Any","False","True","","","Mandatory habitat stamp for all hunters","https://dnr.illinois.gov/lpr/huntinglicensesfees.html","",""
"IL","IL Migratory Waterfowl Stamp","Stamp","Duck","Any","False","False","1975","","State waterfowl stamp required for migratory bird hunting","https://dnr.illinois.gov/lpr/huntinglicensesfees.html","","https://waterfowlstampsandmore.com/galleries/first-of-state-duck-stamp-prints-300-dpi/"
"IN","Deer Archery Permit","Permit","Deer","Archery","False","False","","","Required for archery deer season","https://www.in.gov/dnr/fish-and-wildlife/licenses-and-permits/license-fees/","",""
"IN","Deer Firearm Permit","Permit","Deer","Firearm","False","False","","","Required for firearm deer season","https://www.in.gov/dnr/fish-and-wildlife/licenses-and-permits/license-fees/","",""
"IN","Deer Muzzleloader Permit","Permit","Deer","Muzzleloader","False","False","","","Required for muzzleloader deer season","https://www.in.gov/dnr/fish-and-wildlife/licenses-and-permits/license-fees/","",""
"IN","Antlerless Deer Permit","Permit","Deer","Any","False","False","","","Required to harvest antlerless deer; county-specific quotas","https://www.in.gov/dnr/fish-and-wildlife/licenses-and-permits/license-fees/","",""
"IN","Spring Turkey Permit","Permit","Turkey","Any","False","False","","","Required for spring turkey season","https://www.in.gov/dnr/fish-and-wildlife/licenses-and-permits/license-fees/","",""
"IN","Fall Turkey Permit","Permit","Turkey","Any","False","False","","","Required for fall turkey season","https://www.in.gov/dnr/fish-and-wildlife/licenses-and-permits/license-fees/","",""
"IN","Waterfowl Stamp Privilege","Stamp","Duck","Any","False","False","1976","","State waterfowl stamp for migratory bird hunting","https://www.in.gov/dnr/fish-and-wildlife/licenses-and-permits/license-fees/","","https://waterfowlstampsandmore.com/galleries/first-of-state-duck-stamp-prints-300-dpi/"
"IN","Game Bird Habitat Stamp","Habitat Fee","Any","Any","False","True","","","Mandatory habitat stamp supporting game bird programs","https://www.in.gov/dnr/fish-and-wildlife/licenses-and-permits/license-fees/","",""
"IN","Bobcat License","Permit","Bobcat","Any","False","False","","","Required for bobcat harvest where open season exists","https://www.in.gov/dnr/fish-and-wildlife/licenses-and-permits/license-fees/","",""
"IA","Deer Tag (Any-Sex County-Specific)","Tag","Deer","Any","False","False","","","County-specific deer tag; any-sex quota applies","https://www.iowadnr.gov/things-do/hunting-trapping/types-hunting-trapping/deer-hunting","",""
"IA","Antlerless Deer Tag (County Quota)","Tag","Deer","Any","False","False","","","Antlerless-only deer tag with county quotas","https://www.iowadnr.gov/things-do/hunting-trapping/types-hunting-trapping/deer-hunting","",""
"IA","Turkey Tag (Zone/Season)","Tag","Turkey","Any","False","False","","","Turkey tag specific to zone and season","https://www.iowadnr.gov/things-do/hunting-trapping/types-hunting-trapping/deer-hunting","",""
"IA","IA Migratory Game Bird Fee","Habitat Fee","Multiple","Any","False","True","","","Required fee for all migratory game bird hunters","https://www.iowadnr.gov/things-do/hunting-trapping/types-hunting-trapping/deer-hunting","",""
"IA","Habitat Fee","Habitat Fee","Any","Any","False","True","","","Mandatory habitat fee ($16) required for all hunters","https://www.iowadnr.gov/things-do/hunting-trapping/types-hunting-trapping/deer-hunting","",""
"KS","Deer Archery Tag","Tag","Deer","Archery","False","False","","","Archery deer tag. Draw/OTC acquisition variants merged 2026-08-03 - not determinable from the artifact.","https://ksoutdoors.gov/Hunting/Applications-and-Fees/Deer","",""
"KS","Deer Firearm Tag","Tag","Deer","Firearm","False","False","","","Draw-only firearm deer tag by DMU. Draw/OTC acquisition variants merged 2026-07-10 - not determinable from the artifact.","https://ksoutdoors.gov/Hunting/Applications-and-Fees/Deer","",""
"KS","Antlerless Whitetail Tag","Tag","Deer","Any","False","False","","","Antlerless whitetail tag; DMU-specific. Draw/OTC acquisition variants merged 2026-08-03 - not determinable from the artifact.","https://ksoutdoors.gov/Hunting/Applications-and-Fees/Deer","",""
"KS","Mule Deer Stamp","Stamp","Deer","Any","False","False","","","Draw-only mule deer harvest authorization. Draw/OTC acquisition variants merged 2026-07-10 - not determinable from the artifact.","https://ksoutdoors.gov/Hunting/Applications-and-Fees/Deer","",""
"KS","Spring Turkey Tag","Tag","Turkey","Any","False","False","","","Required for spring turkey season","https://ksoutdoors.gov/Hunting/Applications-and-Fees/Deer","",""
"KS","Fall Turkey Tag","Tag","Turkey","Any","False","False","","","Required for fall turkey season","https://ksoutdoors.gov/Hunting/Applications-and-Fees/Deer","",""
"KS","Antelope Tag","Tag","Pronghorn","Any","False","False","","","Draw-only pronghorn antelope tag. Draw/OTC acquisition variants merged 2026-07-10 - not determinable from the artifact.","https://ksoutdoors.gov/Hunting/Applications-and-Fees/Deer","",""
"KS","Elk Tag","Tag","Elk","Any","False","False","","","Draw-only elk tag; very limited quota in KS. Draw/OTC acquisition variants merged 2026-07-10 - not determinable from the artifact.","https://ksoutdoors.gov/Hunting/Applications-and-Fees/Deer","",""
"KS","KS Waterfowl Stamp","Stamp","Duck","Any","False","False","1987","","State waterfowl stamp required in addition to federal","https://ksoutdoors.gov/Hunting/Applications-and-Fees/Deer","","https://waterfowlstampsandmore.com/galleries/first-of-state-duck-stamp-prints-300-dpi/"
"KS","Sandhill Crane Permit","Permit","Sandhill Crane","Any","False","False","","","Special permit for sandhill crane season","https://ksoutdoors.gov/Hunting/Applications-and-Fees/Deer","",""
"KY","Deer Permit","Permit","Deer","Any","False","False","","","Required to harvest deer in Kentucky","https://fw.ky.gov/Hunt/Pages/Licenses-and-Permits.aspx","",""
"KY","Bonus Deer Permit","Permit","Deer","Any","False","False","","","Additional antlerless deer permit beyond base allocation","https://fw.ky.gov/Hunt/Pages/Licenses-and-Permits.aspx","",""
"KY","Spring Turkey Permit","Permit","Turkey","Any","False","False","","","Required for spring turkey season","https://fw.ky.gov/Hunt/Pages/Licenses-and-Permits.aspx","",""
"KY","Fall Turkey Permit","Permit","Turkey","Any","False","False","","","Required for fall turkey season","https://fw.ky.gov/Hunt/Pages/Licenses-and-Permits.aspx","",""
"KY","Bear Permit","Permit","Bear","Any","False","False","","","Required for black bear harvest; some zones draw-only","https://fw.ky.gov/Hunt/Pages/Licenses-and-Permits.aspx","",""
"KY","Elk Permit","Permit","Elk","Any","False","False","","","Elk permit; limited to eastern KY zones. Draw/OTC acquisition variants merged 2026-08-03 - not determinable from the artifact.","https://fw.ky.gov/Hunt/Pages/Licenses-and-Permits.aspx","",""
"KY","Migratory Game Bird / Waterfowl Permit","Permit","Duck","Any","False","False","","","Required for migratory game bird hunting in KY","https://fw.ky.gov/Hunt/Pages/Licenses-and-Permits.aspx","",""
"ME","Muzzleloader Permit","Permit","Deer","Muzzleloader","False","False","","","Required for muzzleloader deer season","https://www.maine.gov/ifw/hunting-trapping/hunting/laws-rules/licenses-permits.html","",""
"ME","Crossbow Permit","Permit","Deer","Archery","False","False","","","Required for crossbow hunting; treated as archery","https://www.maine.gov/ifw/hunting-trapping/hunting/laws-rules/licenses-permits.html","",""
"ME","Bear Permit","Permit","Bear","Any","False","False","","","Required to hunt black bear in Maine","https://www.maine.gov/ifw/hunting-trapping/hunting/laws-rules/licenses-permits.html","",""
"ME","Spring Turkey Permit","Permit","Turkey","Any","False","False","","","Required for spring turkey season; limited quota","https://www.maine.gov/ifw/hunting-trapping/hunting/laws-rules/licenses-permits.html","",""
"ME","Fall Turkey Permit","Permit","Turkey","Any","False","False","","","Required for fall turkey season","https://www.maine.gov/ifw/hunting-trapping/hunting/laws-rules/licenses-permits.html","",""
"ME","Moose Permit (Lottery)","Permit","Moose","Any","False","False","","","Annual lottery for moose hunting permits","https://www.maine.gov/ifw/hunting-trapping/hunting/laws-rules/licenses-permits.html","",""
"ME","Moose Permit (Auction)","Permit","Moose","Any","False","False","","","A small number of moose permits auctioned annually for conservation funding","https://www.maine.gov/ifw/hunting-trapping/hunting/laws-rules/licenses-permits.html","",""
"ME","Antlerless Deer Permit (Lottery)","Permit","Deer","Any","False","False","","","Lottery-based permit to harvest antlerless deer","https://www.maine.gov/ifw/hunting-trapping/hunting/laws-rules/licenses-permits.html","",""
"ME","Expanded Archery Antlerless Deer Permit","Permit","Deer","Archery","False","False","","","Archery antlerless permit for expanded archery zones","https://www.maine.gov/ifw/hunting-trapping/hunting/laws-rules/licenses-permits.html","",""
"ME","Pheasant Hunting Authority","Permit","Pheasant","Any","False","False","","","Required to hunt stocked pheasants in Maine","https://www.maine.gov/ifw/hunting-trapping/hunting/laws-rules/licenses-permits.html","",""
"ME","ME Migratory Waterfowl Permit","Permit","Duck","Any","False","False","1984","","State permit required for waterfowl hunting","https://www.maine.gov/ifw/hunting-trapping/hunting/laws-rules/licenses-permits.html","","https://waterfowlstampsandmore.com/galleries/first-of-state-duck-stamp-prints-300-dpi/"
"ME","Coyote Night Hunt Permit","Permit","Coyote","Any","False","False","","","Required for nighttime coyote hunting","https://www.maine.gov/ifw/hunting-trapping/hunting/laws-rules/licenses-permits.html","",""
"MD","MD Migratory Game Bird Stamp","Stamp","Migratory Birds","Any","False","True","1974","2024","MD state migratory game bird (duck) stamp program began 1974; 50th and final design contest 2023-24; physical stamp discontinued (printed receipt + decal). Confidence: high.","https://www.chesapeakebaymagazine.com/50th-md-migratory-game-bird-stamp-winner-named-at-waterfowl-festival/","",""
"MD","Archery Stamp","Stamp","Deer","Archery","False","False","","","MD Archery Deer Stamp first-year not verified (2026-07-10 research pass). Confidence: low.","https://dnr.maryland.gov/pages/service_hunting_license.aspx","",""
"MD","Muzzleloader Stamp","Stamp","Deer","Muzzleloader","False","False","","","MD Muzzleloader Deer Stamp first-year not verified (2026-07-10 research pass). Confidence: low.","https://dnr.maryland.gov/pages/service_hunting_license.aspx","",""
"MD","Bonus Antlered Deer Stamp","Stamp","Antlered Deer","Any","False","False","","","Allows one additional antlered whitetail (Region B); first-year not verified. Confidence: low.","https://www.eregulations.com/maryland/hunting/deer-seasons-bag-limits","",""
"MD","Sika Deer Stamp","Stamp","Sika Deer","Any","False","False","","","Annual Sika Deer Stamp required to hunt sika deer (Eastern Shore); relatively recent (NR sika stamp added 2024-25); first-year not verified. Confidence: low.","https://www.eregulations.com/maryland/hunting/deer-seasons-bag-limits","",""
"MD","Furbearer Permit","Permit","Furbearer","Any","False","True","","","Required to hunt/trap/chase furbearers; first-year not verified. Confidence: low.","https://dnr.maryland.gov/pages/service_hunting_license.aspx","",""
"MD","Black Bear Hunting Permit","Permit","Bear","Any","False","True","2004","","MD resumed black bear hunting 2004 (first season in 51 years; 200 permits, 20 bears). Lottery-issued. Confidence: high.","https://www.washingtonexaminer.com/news/3086677/maryland-opens-bear-hunt-lottery/","",""
"MD","Snow Goose Conservation Order Permit","Permit","Snow Goose","Any","False","True","2009","","$5 permit; Atlantic Flyway conservation order implemented spring 2009 (distinct from the 1999 mid-continent order). Confidence: high.","https://dnr.maryland.gov/wildlife/documents/2019-af_lightgeeseassessment.pdf","",""
"MI","Deer License (Firearm)","License","Deer","Firearm","False","False","","","Standalone firearm-deer license/tag; distinct purchasable privilege artifact, not the base license (R5 audit).","https://www.eregulations.com/michigan/hunting/licenses-fees","",""
"MI","Deer Combo License","Permit","Deer","Any","False","False","","","Covers both firearm and archery deer seasons","https://www.eregulations.com/michigan/hunting/licenses-fees","",""
"MI","Antlerless Deer License","Permit","Deer","Any","False","False","","","Required to harvest antlerless deer; DMU-specific quotas","https://www.eregulations.com/michigan/hunting/licenses-fees","",""
"MI","Spring Turkey License","Permit","Turkey","Any","False","False","","","Required for spring turkey season","https://www.eregulations.com/michigan/hunting/licenses-fees","",""
"MI","Fall Turkey License","Permit","Turkey","Any","False","False","","","Required for fall turkey season","https://www.eregulations.com/michigan/hunting/licenses-fees","",""
"MI","Bear License","Permit","Bear","Any","False","False","","","Required for black bear hunting; some zones draw-only","https://www.eregulations.com/michigan/hunting/licenses-fees","",""
"MI","Elk License (Lottery)","Permit","Elk","Any","False","False","","","Lottery draw elk license; very limited quota in UP and northern LP","https://www.eregulations.com/michigan/hunting/licenses-fees","",""
"MI","Waterfowl License","Permit","Duck","Any","False","False","1976","","Required for waterfowl hunting in Michigan","https://www.eregulations.com/michigan/hunting/licenses-fees","","https://waterfowlstampsandmore.com/galleries/first-of-state-duck-stamp-prints-300-dpi/"
"MI","DMAP Antlerless Tags","Tag","Deer","Any","False","False","","","Deer Management Assistance Program tags for private land antlerless harvest","https://www.eregulations.com/michigan/hunting/licenses-fees","",""
"MN","Antlerless Deer Bonus Tag","Tag","Deer","Any","False","False","","","Bonus tag for antlerless deer; DPA-specific quotas","https://www.eregulations.com/minnesota/hunting/hunting-licenses-and-fees","",""
"MN","Bear License","Permit","Bear","Any","False","False","","","Required for black bear hunting; some zones have quotas","https://www.eregulations.com/minnesota/hunting/hunting-licenses-and-fees","",""
"MN","Turkey License","Permit","Turkey","Any","False","False","","","Required for wild turkey hunting","https://www.eregulations.com/minnesota/hunting/hunting-licenses-and-fees","",""
"MN","Elk License (Lottery)","Permit","Elk","Any","False","False","","","Very limited lottery draw elk license","https://www.eregulations.com/minnesota/hunting/hunting-licenses-and-fees","",""
"MN","Waterfowl Stamp","Stamp","Duck","Any","False","False","1977","","State waterfowl stamp required in addition to federal duck stamp","https://www.eregulations.com/minnesota/hunting/hunting-licenses-and-fees","","https://waterfowlstampsandmore.com/galleries/first-of-state-duck-stamp-prints-300-dpi/"
"MN","Pheasant Stamp","Stamp","Pheasant","Any","False","False","","","State pheasant stamp supporting habitat programs","https://www.eregulations.com/minnesota/hunting/hunting-licenses-and-fees","",""
"MN","Apprentice Hunter Validation","Other","Any","Any","False","False","","","Validation required for apprentice hunters","https://www.eregulations.com/minnesota/hunting/hunting-licenses-and-fees","",""
"MO","Deer Firearms Any-Deer Permit","Permit","Deer","Firearm","False","False","","","Required for firearm deer season; allows either-sex harvest","https://mdc.mo.gov/hunting-trapping/species/deer/deer-permits","",""
"MO","Archery Hunting Permit","Permit","Deer","Archery","False","False","","","Required for archery deer season","https://mdc.mo.gov/hunting-trapping/species/deer/deer-permits","",""
"MO","Antlerless Deer Permit (County-Specific)","Permit","Deer","Any","False","False","","","Antlerless deer permit with county-specific quotas","https://mdc.mo.gov/hunting-trapping/species/deer/deer-permits","",""
"MO","Spring Turkey Permit","Permit","Turkey","Any","False","False","","","Required for spring turkey season","https://mdc.mo.gov/hunting-trapping/species/deer/deer-permits","",""
"MO","Fall Turkey Permit","Permit","Turkey","Any","False","False","","","Required for fall turkey season","https://mdc.mo.gov/hunting-trapping/species/deer/deer-permits","",""
"MO","Black Bear Permit","Permit","Bear","Any","False","False","","","Lottery draw permit for black bear; residents only. Draw/OTC acquisition variants merged 2026-07-10 - not determinable from the artifact.","https://mdc.mo.gov/hunting-trapping/species/deer/deer-permits","",""
"MO","Elk Permit","Permit","Elk","Any","False","False","","","Lottery draw elk permit; residents only; very limited. Draw/OTC acquisition variants merged 2026-07-10 - not determinable from the artifact.","https://mdc.mo.gov/hunting-trapping/species/deer/deer-permits","",""
"MO","Migratory Bird Permit","Permit","Duck","Any","False","False","","","Required for all migratory game bird hunting in MO","https://mdc.mo.gov/hunting-trapping/species/deer/deer-permits","",""
"MO","Conservation Order Permit","Permit","Goose","Any","False","False","","","Allows extended season snow/light goose hunting","https://mdc.mo.gov/hunting-trapping/species/deer/deer-permits","",""
"MO","Furbearer Permit","Permit","Multiple","Any","False","False","","","Required for trapping and hunting furbearers","https://mdc.mo.gov/hunting-trapping/species/deer/deer-permits","",""
"MT","Bear License","Permit","Bear","Any","False","False","","","Black bear license; some districts OTC some draw","https://fwp.mt.gov/buyandapply/hunting-licenses/resident-licenses/fees","",""
"MT","Moose License","Permit","Moose","Any","False","False","","","Limited draw moose license; very competitive. Draw/OTC acquisition variants merged 2026-07-10 - not determinable from the artifact.","https://fwp.mt.gov/buyandapply/hunting-licenses/resident-licenses/fees","",""
"MT","Bighorn Sheep License","Permit","Bighorn Sheep","Any","False","False","","","Very limited draw bighorn sheep license. Draw/OTC acquisition variants merged 2026-07-10 - not determinable from the artifact.","https://fwp.mt.gov/buyandapply/hunting-licenses/resident-licenses/fees","",""
"MT","Mountain Goat License","Permit","Mountain Goat","Any","False","False","","","Very limited draw mountain goat license. Draw/OTC acquisition variants merged 2026-07-10 - not determinable from the artifact.","https://fwp.mt.gov/buyandapply/hunting-licenses/resident-licenses/fees","",""
"MT","Bison License","Permit","Bison","Any","False","False","","","Extremely limited draw bison license. Draw/OTC acquisition variants merged 2026-07-10 - not determinable from the artifact.","https://fwp.mt.gov/buyandapply/hunting-licenses/resident-licenses/fees","",""
"MT","Wolf License","Permit","Wolf","Any","False","False","","","Required for wolf harvest where season is open","https://fwp.mt.gov/buyandapply/hunting-licenses/resident-licenses/fees","",""
"MT","Bow and Arrow License","Permit","Any","Archery","False","False","","","Required for archery-only seasons","https://fwp.mt.gov/buyandapply/hunting-licenses/resident-licenses/fees","",""
"MT","Migratory Bird License","Permit","Duck","Any","False","False","","","Required for all migratory bird hunting in MT","https://fwp.mt.gov/buyandapply/hunting-licenses/resident-licenses/fees","",""
"NH","Archery License","Permit","Deer","Archery","False","False","","","Required for archery deer season","https://www.wildlife.nh.gov/licenses-and-permits/nh-license-requirements","",""
"NH","Muzzleloader License","Permit","Deer","Muzzleloader","False","False","","","Required for muzzleloader deer season","https://www.wildlife.nh.gov/licenses-and-permits/nh-license-requirements","",""
"NH","Turkey Permit","Permit","Turkey","Any","False","False","","","Required for spring and fall turkey seasons","https://www.wildlife.nh.gov/licenses-and-permits/nh-license-requirements","",""
"NH","NH Migratory Waterfowl License","Permit","Duck","Any","False","False","1983","","State license required for waterfowl hunting","https://www.wildlife.nh.gov/licenses-and-permits/nh-license-requirements","","https://waterfowlstampsandmore.com/galleries/first-of-state-duck-stamp-prints-300-dpi/"
"NH","Unit M/L Special Antlerless Deer Tag","Tag","Deer","Any","False","False","","","Antlerless deer tag specific to WMUs L and M","https://www.wildlife.nh.gov/licenses-and-permits/nh-license-requirements","",""
"NH","Wildlife Habitat Fee","Habitat Fee","Any","Any","False","True","","","Mandatory $2.50 fee for all hunting license purchasers","https://www.wildlife.nh.gov/licenses-and-permits/nh-license-requirements","",""
"NH","Moose Permit (Lottery)","Permit","Moose","Any","False","False","","","Annual lottery draw moose hunting permit","https://www.wildlife.nh.gov/licenses-and-permits/nh-license-requirements","",""
"NY","Bowhunting Privilege","Permit","Deer","Archery","False","False","","","Add-on privilege for archery hunting seasons","https://dec.ny.gov/regulatory/permits-licenses/sporting-and-use/sporting/hunting-license","",""
"NY","Muzzleloading Privilege","Permit","Deer","Muzzleloader","False","False","","","Add-on privilege for muzzleloader hunting seasons","https://dec.ny.gov/regulatory/permits-licenses/sporting-and-use/sporting/hunting-license","",""
"NY","Spring Turkey Permit","Permit","Turkey","Any","False","False","","","Required for spring turkey season","https://dec.ny.gov/regulatory/permits-licenses/sporting-and-use/sporting/hunting-license","",""
"NY","Fall Turkey Permit","Permit","Turkey","Any","False","False","","","Required for fall turkey season","https://dec.ny.gov/regulatory/permits-licenses/sporting-and-use/sporting/hunting-license","",""
"NY","Deer Management Permit (DMP)","Permit","Deer","Any","False","False","","","Antlerless deer permit issued by WMU quota","https://dec.ny.gov/regulatory/permits-licenses/sporting-and-use/sporting/hunting-license","",""
"NC","Big Game Privilege (deer/turkey/bear)","Permit","Multiple","Any","False","False","","","Required add-on for deer turkey and bear hunting","https://www.eregulations.com/northcarolina/hunting/hunting-trapping-licenses","",""
"NC","NC Waterfowl Privilege (State Duck Stamp)","Stamp","Duck","Any","False","False","1983","","State waterfowl permit required for migratory bird hunting","https://www.eregulations.com/northcarolina/hunting/hunting-trapping-licenses","","https://waterfowlstampsandmore.com/galleries/first-of-state-duck-stamp-prints-300-dpi/"
"NC","Bear Management E-Stamp","Stamp","Bear","Any","False","False","","","Electronic stamp required for bear hunting in specific zones","https://www.eregulations.com/northcarolina/hunting/hunting-trapping-licenses","",""
"NC","Bonus Antlerless Deer Tags","Tag","Deer","Archery","False","False","","","Additional antlerless tags for urban archery zones","https://www.eregulations.com/northcarolina/hunting/hunting-trapping-licenses","",""
"OH","Archery Deer Permit","Permit","Deer","Archery","False","False","","","Required for archery deer season","https://wildlife.ohiodnr.gov/","",""
"OH","Deer Gun Permit","Permit","Deer","Firearm","False","True","1943","","Ohio's first modern deer-gun season was 1943 (3 southern counties, 168 deer); deer permit required since. Confidence: high (season floor).","https://www.outdoornews.com/2024/11/28/ohios-deer-gun-season-gets-underway-dec-2-8/","",""
"OH","Deer Muzzleloader Permit","Permit","Deer","Muzzleloader","False","False","","","Required for muzzleloader deer season","https://wildlife.ohiodnr.gov/","",""
"OH","Antlerless Deer Permit","Permit","Deer","Any","False","False","","","Required to harvest antlerless deer","https://wildlife.ohiodnr.gov/","",""
"OH","Spring Turkey Permit","Permit","Turkey","Any","False","True","1966","","Ohio's first modern spring turkey season opened 1966 in nine counties; statewide 2000. Separate spring permit required. Confidence: high.","https://ohiodnr.gov/discover-and-learn/safety-conservation/about-ODNR/news/ohios-spring-wild-turkey-hunting-begins-in-april","",""
"OH","OH Wetlands Habitat Stamp","Stamp","Waterfowl","Any","False","True","1982","","First-of-state stamp authorized by 1981 HB 371; first stamp issued 1982 (Ruthven wood ducks). No earlier OH state duck stamp. Confidence: high.","https://ohiodnr.gov/buy-and-apply/gifts-and-mechandise/wildlife-legacy-stamp/wetlands-habitat-stamp","",""
"PA","Archery Stamp","Stamp","Deer","Archery","False","False","1951","","Archery privilege required since PA's first archery season (1951, $2 archery license). Naming varied (license vs stamp) over time. Confidence: high (privilege floor), low (stamp-name start).","https://www.statecollege.com/articles/local-news/how-things-have-changed-archery-hunting-then-and-now/","",""
"PA","Muzzleloader Stamp","Stamp","Deer","Muzzleloader","False","False","1974","","Muzzleloader (flintlock) privilege required since PA's first muzzleloader season (1974). Naming varied (license vs stamp). Confidence: high (privilege floor), low (stamp-name start).","https://www.tnonline.com/20190214/pennsylvania-hunting-history/","",""
"PA","Bear Permit","Permit","Bear","Any","False","True","1981","","VERIFIED: 1981 PA Legislature created a bear license purchased in addition to the general hunting license (allocation cap removed 1989; all issuing agents from 1997). Confidence: high.","https://www.huntingpa.com/threads/history-of-deer-management.118831/","",""
"PA","Antlerless Deer Permit","Permit","Antlerless Deer","Any","False","False","2003","","Modern WMU-based antlerless deer permit replacing the county-quota paper Antlerless Deer License ~2003. Confidence: medium.","https://www.altoonamirror.com/sports/outdoors/2024/11/50-years-of-changes-to-pa-deer-hunting/","",""
"PA","Elk License (Lottery)","License","Elk","Any","False","True","2001","","PA modern elk lottery adopted June 8 2001; regulated hunt began 2001 via random-drawing lottery. Standalone lottery-awarded license artifact. Confidence: high.","https://www.pacodeandbulletin.gov/Display/pacode?file=/secure/pacode/data/058/chapter143/subchapKtoc.html&d=reduce","",""
"PA","Waterfowl/Migratory Bird Stamp","Stamp","Waterfowl","Any","False","False","1983","","Pennsylvania Duck Stamp program began 1983; revenues to Game Fund for wetlands. Confidence: high.","https://huntwildpa.com/2018/12/28/federal-duck-stamp-display-at-pgc-headquarters-through-jan-24/","",""
"PA","Pheasant Permit","Permit","Pheasant","Any","False","True","2017","","PA pheasant permit program effective May 13 2017 (adult permit 2017-18; junior free permit 2018). Confidence: high.","https://www.outdoornews.com/2017/03/30/pennsylvania-pheasant-permit-needed-2017-18/","",""
"PA","DMAP Antlerless Tags","Tag","Antlerless Deer","Any","False","False","2003","","DMAP established by PGC April 8 2003; permits first issued 2003-04 license year. Confidence: high.","https://www.pacodeandbulletin.gov/Display/pabull?file=/secure/pabulletin/data/vol33/33-24/1116.html","",""
"PA","Special Spring Turkey Permit","Permit","Turkey","Any","False","False","1968","","CORRECTION: PA's first spring gobbler season was 1968 but NO separate permit was required then - the spring tag came bundled with the general license. Purchasable separate spring permit is modern (optional second-bird tag). Confidence: high (season year), low (separate-permit start).","https://www.pa.gov/agencies/pgc/newsroom/spring-gobbler-season-is-calling","",""
"TN","Big Game Gun Supplemental License","Permit","Multiple","Firearm","False","False","","","Required supplemental for firearm big game hunting","https://www.eregulations.com/tennessee/hunting/license-fees","",""
"TN","Big Game Archery Supplemental License","Permit","Multiple","Archery","False","False","","","Required supplemental for archery big game hunting","https://www.eregulations.com/tennessee/hunting/license-fees","",""
"TN","Big Game Muzzleloader Supplemental License","Permit","Multiple","Muzzleloader","False","False","","","Required supplemental for muzzleloader big game hunting","https://www.eregulations.com/tennessee/hunting/license-fees","",""
"TN","Waterfowl Supplemental License","Permit","Duck","Any","False","False","1979","","Required supplemental for waterfowl hunting","https://www.eregulations.com/tennessee/hunting/license-fees","","https://waterfowlstampsandmore.com/galleries/first-of-state-duck-stamp-prints-300-dpi/"
"TN","Trapping Supplemental License","Permit","Multiple","Any","False","False","","","Required supplemental for trapping activities","https://www.eregulations.com/tennessee/hunting/license-fees","",""
"TN","WMA Quota Hunt Permit","Permit","Multiple","Any","False","False","","","Draw permit for quota hunts on WMAs","https://www.eregulations.com/tennessee/hunting/license-fees","",""
"TN","WMA Non-Quota Hunt Permit","Permit","Multiple","Any","False","False","","","Permit for non-quota WMA hunts","https://www.eregulations.com/tennessee/hunting/license-fees","",""
"TX","Archery Endorsement","Stamp","Any","Archery","False","False","","","Required endorsement for archery-only season","https://tpwd.texas.gov/regulations/outdoor-annual/licenses/hunting-licenses-and-permits","",""
"TX","Migratory Game Bird Endorsement","Stamp","Multiple","Any","False","False","","","Required for hunting doves ducks and other migratory birds","https://tpwd.texas.gov/regulations/outdoor-annual/licenses/hunting-licenses-and-permits","",""
"TX","Upland Game Bird Endorsement","Stamp","Multiple","Any","False","False","","","Required for hunting quail turkey pheasant and other upland birds","https://tpwd.texas.gov/regulations/outdoor-annual/licenses/hunting-licenses-and-permits","",""
"TX","MLDP Managed Lands Tags","Tag","Deer","Any","False","False","","","Managed Lands Deer Program tags for participating private landowners","https://tpwd.texas.gov/regulations/outdoor-annual/licenses/hunting-licenses-and-permits","",""
"TX","Pronghorn Permit","Permit","Pronghorn","Any","False","False","","","Required for pronghorn antelope harvest; Trans-Pecos region","https://tpwd.texas.gov/regulations/outdoor-annual/licenses/hunting-licenses-and-permits","",""
"TX","APH Permit (Antlerless/Spike Hardhorn)","Permit","Deer","Any","False","False","","","Antlerless and Spike Hardhorn deer permit for specific counties","https://tpwd.texas.gov/regulations/outdoor-annual/licenses/hunting-licenses-and-permits","",""
"VT","Archery License","Permit","Deer","Archery","False","False","","","Required for archery deer season","https://www.eregulations.com/vermont/hunting/license-information","",""
"VT","Muzzleloader License","Permit","Deer","Muzzleloader","False","False","","","Required for muzzleloader deer season","https://www.eregulations.com/vermont/hunting/license-information","",""
"VT","Turkey Permit","Permit","Turkey","Any","False","False","","","Required for spring and fall turkey seasons","https://www.eregulations.com/vermont/hunting/license-information","",""
"VT","Bear License","Permit","Bear","Any","False","False","","","Required for black bear hunting","https://www.eregulations.com/vermont/hunting/license-information","",""
"VT","Moose Permit (Lottery)","Permit","Moose","Any","False","False","","","Annual lottery draw moose permit; limited quota","https://www.eregulations.com/vermont/hunting/license-information","",""
"VT","Antlerless Deer Permit","Permit","Deer","Any","False","False","","","Lottery-based antlerless deer permit; WMU-specific","https://www.eregulations.com/vermont/hunting/license-information","",""
"VT","VT Waterfowl Stamp","Stamp","Duck","Any","False","False","1986","","State waterfowl stamp required for migratory bird hunting","https://www.eregulations.com/vermont/hunting/license-information","","https://waterfowlstampsandmore.com/galleries/first-of-state-duck-stamp-prints-300-dpi/"
"VA","Bear License","Permit","Bear","Any","False","False","","","Required to hunt black bear in Virginia","https://dwr.virginia.gov/hunting/regulations/licenses/","",""
"VA","Deer/Turkey License","Permit","Multiple","Any","False","False","","","Required add-on for deer and turkey hunting","https://dwr.virginia.gov/hunting/regulations/licenses/","",""
"VA","Archery License","Permit","Any","Archery","False","False","","","Required for archery-only hunting seasons","https://dwr.virginia.gov/hunting/regulations/licenses/","",""
"VA","Muzzleloading License","Permit","Any","Muzzleloader","False","False","","","Required for muzzleloader hunting seasons","https://dwr.virginia.gov/hunting/regulations/licenses/","",""
"VA","VA Migratory Waterfowl Conservation Stamp","Stamp","Duck","Any","False","False","1988","","Required for all migratory waterfowl hunting in VA","https://dwr.virginia.gov/hunting/regulations/licenses/","","https://waterfowlstampsandmore.com/galleries/first-of-state-duck-stamp-prints-300-dpi/"
"VA","National Forest Permit","Access Pass","Any","Any","False","False","","","Required for hunting on certain National Forest lands","https://dwr.virginia.gov/hunting/regulations/licenses/","",""
"VA","Bonus Antlerless Deer Permit (DCAP)","Permit","Deer","Any","False","False","","","Deer Carcass Acquisition Program bonus antlerless permit","https://dwr.virginia.gov/hunting/regulations/licenses/","",""
"VA","DMAP Antlerless Tags","Tag","Deer","Any","False","False","","","Deer Management Assistance Program tags for private land","https://dwr.virginia.gov/hunting/regulations/licenses/","",""
"VA","DPOP Permit","Permit","Deer","Any","False","False","","","Deer Population Objective Program permit for specific management areas","https://dwr.virginia.gov/hunting/regulations/licenses/","",""
"WV","Conservation Stamp (Class CS)","Stamp","Any","Any","False","True","","","Mandatory for all WV hunters; prerequisite stamp","https://wvdnr.gov/frequently-asked-questions/regulations-and-licenses/","",""
"WV","Big Game Stamp (Class BG)","Stamp","Multiple","Any","False","False","","","Required for deer bear and turkey hunting","https://wvdnr.gov/frequently-asked-questions/regulations-and-licenses/","",""
"WV","Bear Damage Stamp (Class DS)","Stamp","Bear","Any","False","False","","","Required for bear hunting in specific zones","https://wvdnr.gov/frequently-asked-questions/regulations-and-licenses/","",""
"WV","Antlerless Deer Stamp (Class N)","Stamp","Deer","Any","False","False","","","Required to harvest antlerless deer; county-specific","https://wvdnr.gov/frequently-asked-questions/regulations-and-licenses/","",""
"WV","Additional Antlerless Deer Stamp (Class NN)","Stamp","Deer","Any","False","False","","","Additional antlerless deer stamp beyond initial allocation","https://wvdnr.gov/frequently-asked-questions/regulations-and-licenses/","",""
"WV","Additional Muzzleloader Deer Stamp (Class RM)","Stamp","Deer","Muzzleloader","False","False","","","Required for muzzleloader deer season","https://wvdnr.gov/frequently-asked-questions/regulations-and-licenses/","",""
"WV","National Forest Stamp (Class I)","Access Pass","Any","Any","False","False","","","Required for hunting on National Forest lands in WV","https://wvdnr.gov/frequently-asked-questions/regulations-and-licenses/","",""
"WI","Deer Harvest Authorization (Antlerless)","Tag","Deer","Any","False","False","","","Antlerless deer tag; may be issued through automated system","https://www.eregulations.com/wisconsin/hunting/hunting-licenses-and-fees","",""
"WI","Spring Turkey Stamp","Stamp","Turkey","Any","False","False","","","Required for spring turkey season","https://www.eregulations.com/wisconsin/hunting/hunting-licenses-and-fees","",""
"WI","Fall Turkey License","Permit","Turkey","Any","False","False","","","Required for fall turkey season","https://www.eregulations.com/wisconsin/hunting/hunting-licenses-and-fees","",""
"WI","Bear License","Permit","Bear","Any","False","False","","","Required for black bear hunting; quota-based by zone","https://www.eregulations.com/wisconsin/hunting/hunting-licenses-and-fees","",""
"WI","Elk Application","Permit","Elk","Any","False","False","","","Application for very limited draw elk license","https://www.eregulations.com/wisconsin/hunting/hunting-licenses-and-fees","",""
"WI","Waterfowl Stamp","Stamp","Duck","Any","False","False","1978","","State waterfowl stamp for migratory bird hunting","https://www.eregulations.com/wisconsin/hunting/hunting-licenses-and-fees","","https://waterfowlstampsandmore.com/galleries/first-of-state-duck-stamp-prints-300-dpi/"
"WI","Pheasant Stamp","Stamp","Pheasant","Any","False","False","","","State pheasant stamp supporting stocking programs","https://www.eregulations.com/wisconsin/hunting/hunting-licenses-and-fees","",""
"WI","Wolf License","Permit","Wolf","Any","False","False","","","Required for wolf harvest when season is open","https://www.eregulations.com/wisconsin/hunting/hunting-licenses-and-fees","",""
"WY","Archery Permit","Permit","Any","Archery","False","False","","","Required for archery-only seasons","https://wgfd.wyo.gov/licenses-applications","",""
"WY","Moose License","Permit","Moose","Any","False","False","","","Draw-only moose license; very limited quota. Draw/OTC acquisition variants merged 2026-07-10 - not determinable from the artifact.","https://wgfd.wyo.gov/licenses-applications","",""
"WY","Bighorn Sheep License","Permit","Bighorn Sheep","Any","False","False","","","Very limited draw bighorn sheep license. Draw/OTC acquisition variants merged 2026-07-10 - not determinable from the artifact.","https://wgfd.wyo.gov/licenses-applications","",""
"WY","Mountain Goat License","Permit","Mountain Goat","Any","False","False","","","Very limited draw mountain goat license. Draw/OTC acquisition variants merged 2026-07-10 - not determinable from the artifact.","https://wgfd.wyo.gov/licenses-applications","",""
"WY","Wild Bison License","Permit","Bison","Any","False","False","","","Extremely limited draw wild bison license. Draw/OTC acquisition variants merged 2026-07-10 - not determinable from the artifact.","https://wgfd.wyo.gov/licenses-applications","",""
"WY","Turkey License","Permit","Turkey","Any","False","False","","","Draw or limited wild turkey license. Draw/OTC acquisition variants merged 2026-07-10 - not determinable from the artifact.","https://wgfd.wyo.gov/licenses-applications","",""
"PA","Turkey Tag","Tag","Turkey","Any","False","False","","2011","Fall turkey tag printed integral/attached to the back-tag license (seen on 1969 test artifact). First year unknown (mid-20th century); integral format ended with the wallet-size redesign / back-tag repeal (eff. Feb 2012). NOT the modern Special Spring Turkey Permit. Confidence: low (first), medium (last).","https://www.bowhunting.com/news/2012/02/19/pennsylvania-hunters-no-longer-required-to-display-back-tag/","",""
"PA","Big Game Tag","Tag","Multiple","Any","False","False","","2011","Big-game attach portion on mid-century PA back-tag licenses (1969 PA non-resident license with 'Big Game & Turkey Tag' documented at auction). Integral format ended ~2011. Confidence: low (first), medium (last).","https://www.ebay.com/itm/165732600802","",""
"PA","Antlerless Deer License","License","Antlerless Deer","Any","False","False","1951","2002","Standalone paper license, county-issued under county quotas; quota system began 1951, county treasurers issuing agents 1952; shifted to WMUs ~2003. Famous pink-envelope lottery era. Separate row from the modern Antlerless Deer Permit. Confidence: high (first), medium (last).","https://www.tnonline.com/20190214/pennsylvania-hunting-history/","",""
"PA","Muzzleloader License","License","Deer","Muzzleloader","False","False","1974","","Standalone paper muzzleloader/flintlock license; PA's first muzzleloader (flintlock-only) deer season was 1974 on 37 state game lands (seen on 1970s test artifact). Pre-dates the modern stamp. Confidence: high (first), low (last).","https://www.tnonline.com/20190214/pennsylvania-hunting-history/","",""
"PA","Archery License","License","Deer","Archery","False","False","1951","","Standalone paper archery license; PA's first archery deer season was 1951, requiring a special $2 archery license (5,542 sold). Pre-dates the modern stamp. Confidence: high (first), low (last).","https://www.statecollege.com/articles/local-news/how-things-have-changed-archery-hunting-then-and-now/","",""
"MD","Deer Tag","Tag","Deer","Any","False","False","","","Integral deer tag printed on 1960s MD statewide hunter's licenses (seen on 1969 'STATE-WIDE HUNTER' test artifact). Span not verified; superseded by Big Game Harvest Record + e-check. Confidence: low.","https://www.law.cornell.edu/regulations/maryland/COMAR-08-03-04-03","",""
"MD","Turkey Tag","Tag","Turkey","Any","False","False","","","Integral turkey tag printed on 1960s MD statewide hunter's licenses (seen on 1969 test artifact). Span not verified; superseded by Big Game Harvest Record + e-check. Confidence: low.","https://www.law.cornell.edu/regulations/maryland/COMAR-08-03-04-03","",""
"OH","Deer Tag","Tag","Deer","Any","False","False","1943","","Ohio required a deer permit/tag from its first modern deer-gun season (1943; all 88 counties open by 1956). Earliest OH deer artifacts are paper permits/tags. Confidence: high (program floor).","https://www.outdoornews.com/2024/11/28/ohios-deer-gun-season-gets-underway-dec-2-8/","",""
"PA","Deer Tag","Tag","Deer","Any","False","False","","2011","Integral deer tag portion on PA back-tag licenses (seen on 1979 test artifact). Same integral-tag family as Turkey Tag / Big Game Tag; format ended with the wallet-size redesign (~2011). Confidence: low (first), medium (last).","https://www.bowhunting.com/news/2012/02/19/pennsylvania-hunters-no-longer-required-to-display-back-tag/","",""
"PA","Small Game Tag","Tag","Small Game","Any","False","False","","2011","Integral small game tag portion on PA back-tag licenses (seen on 1979 test artifact). Same integral-tag family as Turkey Tag / Big Game Tag. Confidence: low (first), medium (last).","https://www.bowhunting.com/news/2012/02/19/pennsylvania-hunters-no-longer-required-to-display-back-tag/","",""
"NJ","Deer Zone Permit","Permit","Antlerless Deer","Any","False","False","","","Zone and season specific; valid only in the Deer Management Zone and season printed on the permit. Antlerless only. Multiple permits for different zones may be held in the same season.","https://dep.nj.gov/njfw/hunting/nj-hunting-trapping-license-information/","2026-08-27",""
"NJ","Antlered Buck Permit","Permit","Antlered Deer","Any","False","False","","","Required in addition to a Deer Zone Permit to take an antlered buck during permit bow, shotgun and muzzleloader seasons.","https://dep.nj.gov/njfw/hunting/nj-hunting-trapping-license-information/","2026-08-27",""
"NJ","Black Bear Permit","Permit","Bear","Any","False","False","","","Zone specific; requires a valid firearm hunting license.","https://dep.nj.gov/njfw/hunting/nj-hunting-trapping-license-information/","2026-08-27",""
"NJ","Turkey Season Permit","Permit","Turkey","Any","False","False","","","Required for NJ turkey seasons.","https://dep.nj.gov/njfw/hunting/nj-hunting-trapping-license-information/","2026-08-27",""
"NJ","Rifle Permit","Permit","Any","Firearm","False","True","","","Required to hunt with a muzzleloader, centre-fire or .22 calibre firearm and to dispatch trapped animals other than muskrat. Valid July 1 - June 30. Required to purchase muzzleloader deer permits.","https://dep.nj.gov/njfw/hunting/nj-hunting-trapping-license-information/","2026-08-27",""
"NJ","Youth Deer Zone Permit","Permit","Antlerless Deer","Any","False","False","","","Reduced-fee antlerless zone permit for youth hunters.","https://dep.nj.gov/njfw/hunting/nj-hunting-trapping-license-information/","2026-08-27",""
"NJ","Youth Turkey Permit","Permit","Turkey","Any","False","False","","","Reduced-fee turkey permit for youth hunters.","https://dep.nj.gov/njfw/hunting/nj-hunting-trapping-license-information/","2026-08-27",""
"NJ","Pheasant and Quail Stamp","Stamp","Pheasant","Any","False","True","","","Required of anyone 16 and over hunting or possessing pheasant or quail on ~25 designated Wildlife Management Areas plus the Delaware Water Gap NRA and Fort Dix. Valid January - December. Included with free youth licences.","https://dep.nj.gov/njfw/hunting/nj-hunting-trapping-license-information/","2026-08-27",""
"NJ","New Jersey Waterfowl Stamp","Stamp","Waterfowl","Any","False","True","1984","","Required of anyone 16 or older hunting waterfowl, in addition to the Federal Duck Stamp. Valid July 1 - June 30. First-of-state NJ duck stamp issued 1984. Confidence on first year: medium (collector first-of-state gallery).","https://waterfowlstampsandmore.com/galleries/first-of-state-duck-stamp-prints-300-dpi/","2026-08-27","https://waterfowlstampsandmore.com/galleries/first-of-state-duck-stamp-prints-300-dpi/"
"NJ","Wildlife Management Area Use Permit","Access Pass","Any","Any","False","False","","","Annual per-person permit for designated WMA activities, purchased through the NJ licence system.","https://dep.nj.gov/njfw/hunting/nj-hunting-trapping-license-information/","2026-08-27",""
"DE","Delaware Waterfowl Stamp","Stamp","Waterfowl","Any","False","True","1980","","Required of waterfowl hunters. Residents 65 and older are exempt. First-of-state DE duck stamp issued 1980. Confidence on first year: medium (collector first-of-state gallery).","https://waterfowlstampsandmore.com/galleries/first-of-state-duck-stamp-prints-300-dpi/","2026-08-27","https://waterfowlstampsandmore.com/galleries/first-of-state-duck-stamp-prints-300-dpi/"
"DE","Hunters Choice/Quality Buck Tag Combo","Tag","Deer","Any","False","False","","","Resident deer tag combination sold alongside the hunting licence.","https://dnrec.delaware.gov/fish-wildlife/licenses/fees/","2026-08-27",""
"DE","Non-Resident Quality Buck Tag","Tag","Deer","Any","False","False","","","Nonresident quality buck tag.","https://dnrec.delaware.gov/fish-wildlife/licenses/fees/","2026-08-27",""
"DE","Non-Resident Antlered Deer Tag","Tag","Antlered Deer","Any","False","False","","","Nonresident antlered deer tag.","https://dnrec.delaware.gov/fish-wildlife/licenses/fees/","2026-08-27",""
"DE","Additional Antlerless Deer Tag","Tag","Antlerless Deer","Any","False","False","","","Available to residents and nonresidents.","https://dnrec.delaware.gov/fish-wildlife/licenses/fees/","2026-08-27",""
"DE","Wildlife Area Deer Stand/Waterfowl Blind Lottery Permit","Permit","Multiple","Any","False","False","","","Lottery-issued permit for deer stands and waterfowl blinds on state wildlife areas.","https://dnrec.delaware.gov/fish-wildlife/licenses/fees/","2026-08-27",""
"DE","Conservation Access Pass (CAP)","Access Pass","Any","Any","False","True","","","Annual pass required for any registered motor vehicle used to access designated Delaware State Wildlife Areas for hunting, birdwatching, hiking or photography.","https://dnrec.delaware.gov/fish-wildlife/licenses/fees/","2026-08-27",""
"DE","Delaware H.I.P. Permit","Harvest Record","Migratory Birds","Any","False","True","1997","","Delaware Harvest Information Program permit, required of migratory bird hunters.","https://dnrec.delaware.gov/fish-wildlife/licenses/fees/","2026-08-27","https://digitalcommons.unl.edu/cgi/viewcontent.cgi?params=%2Fcontext%2Fusfwspubs%2Farticle%2F1360%2F&path_info=MigratoryBirdhuntingactivityandharvestduringthe1999and2000huntingseasons_Final_Report.pdf"
"DE","Tundra Swan Permit","Permit","Waterfowl","Any","False","True","","","Application-based permit for tundra swan; applied for separately through DNREC.","https://dnrec.delaware.gov/fish-wildlife/licenses/fees/","2026-08-27",""
"MA","Wildlands Conservation Stamp","Stamp","Any","Any","False","True","","","$5 stamp added automatically to the first resident licence purchased each year and to all non-resident licences. Fee fixed by statutory mandate.","https://www.mass.gov/info-details/license-types-and-fees","2026-08-27",""
"MA","Antlerless Deer Permit","Permit","Antlerless Deer","Any","False","False","","","Issued when available; permits are allocated by Wildlife Management Zone.","https://www.mass.gov/info-details/license-types-and-fees","2026-08-27",""
"MA","Archery Deer Season Stamp","Stamp","Deer","Archery","False","True","","","Required to hunt deer during the archery season.","https://www.mass.gov/info-details/license-types-and-fees","2026-08-27",""
"MA","Primitive Firearms Deer Season Stamp","Stamp","Deer","Muzzleloader","False","True","","","Required to hunt deer during the primitive firearms season.","https://www.mass.gov/info-details/license-types-and-fees","2026-08-27",""
"MA","Bear Permit","Permit","Bear","Any","False","True","","","Required to hunt black bear in Massachusetts.","https://www.mass.gov/info-details/license-types-and-fees","2026-08-27",""
"MA","Pheasant/Quail Permit","Permit","Pheasant","Any","False","True","","","Required to hunt pheasant or quail. Fee phased upward under the 2022-2026 schedule.","https://www.mass.gov/info-details/license-types-and-fees","2026-08-27",""
"MA","Turkey Permit","Permit","Turkey","Any","False","True","","","Required to hunt wild turkey.","https://www.mass.gov/info-details/license-types-and-fees","2026-08-27",""
"MA","Massachusetts Waterfowl Stamp","Stamp","Waterfowl","Any","False","True","1974","","Required of waterfowl hunters in addition to the Federal Duck Stamp. MA was among the first states to issue a waterfowl stamp, in 1974. Confidence on first year: medium (collector first-of-state gallery).","https://waterfowlstampsandmore.com/galleries/first-of-state-duck-stamp-prints-300-dpi/","2026-08-27","https://waterfowlstampsandmore.com/galleries/first-of-state-duck-stamp-prints-300-dpi/"
"MA","Resident Fur Buyer Permit","Permit","Furbearer","Any","False","False","","","Required to buy furbearers from trappers or hunters. Requires pre-approval.","https://www.mass.gov/info-details/license-types-and-fees","2026-08-27",""
"MA","Non-resident Fur Buyer Permit","Permit","Furbearer","Any","False","False","","","Nonresident fur buyer permit. Requires pre-approval.","https://www.mass.gov/info-details/license-types-and-fees","2026-08-27",""
"CT","Small Game and Deer Archery Permit","Permit","Multiple","Archery","False","True","","","Required for all forms of archery hunting; allows bowhunting for deer on state and private land. Requires proof of the CE/FS bowhunting course (since 1982). Valid for the calendar year.","https://portal.ct.gov/deep/hunting/2026-connecticut-hunting-and-trapping-guide/hunting-and-trapping-licenses","2026-08-27",""
"CT","Resident Game Bird Conservation Stamp","Stamp","Multiple","Any","False","True","","","Required to hunt pheasant, ruffed grouse, quail, partridge and wild turkey. Replaced the former CT turkey permits. Revenue is ring-fenced for game birds and their habitat. Landowners with 10+ contiguous acres may obtain a free version.","https://portal.ct.gov/deep/hunting/2026-connecticut-hunting-and-trapping-guide/hunting-and-trapping-licenses","2026-08-27",""
"CT","Connecticut Migratory Bird Conservation Stamp","Stamp","Migratory Birds","Any","False","True","1993","","Required of anyone hunting waterfowl, rails, snipe, woodcock and crows. Merged with the $4 HIP permit into a single stamp; the state stamp no longer needs to be signed or carried. Physical stamps still available on request. First-of-state CT duck stamp issued 1993. Confidence on first year: medium (collector first-of-state gallery).","https://waterfowlstampsandmore.com/galleries/first-of-state-duck-stamp-prints-300-dpi/","2026-08-27","https://waterfowlstampsandmore.com/galleries/first-of-state-duck-stamp-prints-300-dpi/"
"CT","State Land Lottery A Season Deer Permit","Permit","Deer","Firearm","False","False","","","Lottery-issued firearms deer permit for the A season on state land. Cannot be held together with a State Land No-Lottery permit.","https://portal.ct.gov/deep/hunting/2026-connecticut-hunting-and-trapping-guide/hunting-and-trapping-licenses","2026-08-27",""
"CT","State Land Lottery Regular Season Deer Permit","Permit","Deer","Firearm","False","False","","","Lottery-issued firearms deer permit for the regular season on state land.","https://portal.ct.gov/deep/hunting/2026-connecticut-hunting-and-trapping-guide/hunting-and-trapping-licenses","2026-08-27",""
"CT","State Land No-Lottery Season Deer Permit","Permit","Deer","Firearm","False","False","","","Over-the-counter firearms deer permit for state land. Available to hunters rejected in the lottery.","https://portal.ct.gov/deep/hunting/2026-connecticut-hunting-and-trapping-guide/hunting-and-trapping-licenses","2026-08-27",""
"CT","Private Land Shotgun/Rifle/Revolver Deer Permit","Permit","Deer","Firearm","False","False","","","Firearms deer permit for private land.","https://portal.ct.gov/deep/hunting/2026-connecticut-hunting-and-trapping-guide/hunting-and-trapping-licenses","2026-08-27",""
"CT","Landowner Deer Permit","Permit","Deer","Any","False","False","","","Free. Requires 10 or more contiguous acres; valid on the holder's own property.","https://portal.ct.gov/deep/hunting/2026-connecticut-hunting-and-trapping-guide/hunting-and-trapping-licenses","2026-08-27",""
"CT","State Land Muzzleloader Deer Permit","Permit","Deer","Muzzleloader","False","False","","","Muzzleloader deer permit for state land.","https://portal.ct.gov/deep/hunting/2026-connecticut-hunting-and-trapping-guide/hunting-and-trapping-licenses","2026-08-27",""
"CT","Private Land Muzzleloader Deer Permit","Permit","Deer","Muzzleloader","False","False","","","Muzzleloader deer permit for private land.","https://portal.ct.gov/deep/hunting/2026-connecticut-hunting-and-trapping-guide/hunting-and-trapping-licenses","2026-08-27",""
"CT","Revolver Deer Endorsement","Permit","Deer","Firearm","False","False","","","$5 endorsement allowing a revolver in place of a rifle or shotgun on private land of at least 10 acres, for Free Landowner Permit holders and residents with a Private Land Shotgun/Rifle Permit.","https://portal.ct.gov/deep/hunting/2026-connecticut-hunting-and-trapping-guide/hunting-and-trapping-licenses","2026-08-27",""
"CT","Free Tribal Member Deer Permit","Permit","Deer","Any","False","False","","","One private-land permit per season for Tribal members, valid only on reservations of 250 acres or more, Nov 1 - Dec 31.","https://portal.ct.gov/deep/hunting/2026-connecticut-hunting-and-trapping-guide/hunting-and-trapping-licenses","2026-08-27",""
"CT","Snapping Turtle Trapping Endorsement","Permit","Snapping Turtle","Any","False","True","","","Endorsement required to trap snapping turtles in Connecticut.","https://portal.ct.gov/deep/hunting/2026-connecticut-hunting-and-trapping-guide/hunting-and-trapping-licenses","2026-08-27",""
"RI","Resident All Outdoors Deer Package Permit","Permit","Deer","Any","False","False","","","Package of two antlered and five antlerless deer permits usable in any combination in Zones 1 and 2, subject to zone bag limits. Residents only.","https://www.eregulations.com/rhodeisland/hunting/licenses-fees","2026-08-27",""
"RI","Deer Permit","Permit","Deer","Any","False","True","","","Antler, weapon and zone specific. Each deer harvested requires an individual permit.","https://www.eregulations.com/rhodeisland/hunting/licenses-fees","2026-08-27",""
"RI","Turkey Permit","Permit","Turkey","Any","False","True","","","Each turkey harvested requires an individual permit.","https://www.eregulations.com/rhodeisland/hunting/licenses-fees","2026-08-27",""
"RI","Fall Archery Turkey Permit","Permit","Turkey","Archery","False","True","","","Requires proof of an Archery Safety Education course.","https://www.eregulations.com/rhodeisland/hunting/licenses-fees","2026-08-27",""
"RI","RI Game Bird Permit","Permit","Multiple","Any","False","True","","","Required to hunt pheasant and quail. Nonresidents pay an additional enhanced access fee.","https://www.eregulations.com/rhodeisland/hunting/licenses-fees","2026-08-27",""
"RI","Rhode Island State Waterfowl Stamp","Stamp","Waterfowl","Any","False","True","1989","","Required of waterfowl hunters alongside the Federal Duck Stamp and HIP permit. First-of-state RI duck stamp issued 1989. Confidence on first year: medium (collector first-of-state gallery).","https://waterfowlstampsandmore.com/galleries/first-of-state-duck-stamp-prints-300-dpi/","2026-08-27","https://waterfowlstampsandmore.com/galleries/first-of-state-duck-stamp-prints-300-dpi/"
"RI","Migratory Bird (HIP) Permit","Harvest Record","Migratory Birds","Any","False","True","1998","","No fee. Required of all migratory bird hunters, who must also answer a short survey. Crow hunters are exempt.","https://www.eregulations.com/rhodeisland/hunting/licenses-fees","2026-08-27","https://digitalcommons.unl.edu/cgi/viewcontent.cgi?params=%2Fcontext%2Fusfwspubs%2Farticle%2F1360%2F&path_info=MigratoryBirdhuntingactivityandharvestduringthe1999and2000huntingseasons_Final_Report.pdf"
"SC","Big Game Permit","Permit","Multiple","Any","False","True","","","Required in addition to a hunting licence to hunt bear, deer or turkey. Sold as annual or 3-year.","https://dnr.sc.gov/licenses/pricingresident.html","2026-08-27",""
"SC","Wildlife Management Area Permit","Access Pass","Any","Any","False","True","","","Required to hunt on WMA lands in addition to a hunting licence. Sold as annual or 3-year.","https://dnr.sc.gov/licenses/pricingresident.html","2026-08-27",""
"SC","Deer Tags","Tag","Deer","Any","False","True","","","No cost. Set of 5: two antlerless and three unrestricted antlered (buck) tags. Required in addition to a hunting licence and Big Game Permit.","https://dnr.sc.gov/licenses/pricingresident.html","2026-08-27",""
"SC","Individual Antlerless Deer Tag","Tag","Antlerless Deer","Any","False","False","","","Optional additional antlerless tag; season dates apply.","https://dnr.sc.gov/licenses/pricingresident.html","2026-08-27",""
"SC","Restricted Antlered (Buck) Deer Tag","Tag","Antlered Deer","Any","False","False","","","Optional, maximum 2 per hunter. Size restriction of 4 points on one side or a 12 inch minimum inside spread.","https://dnr.sc.gov/licenses/pricingresident.html","2026-08-27",""
"SC","Turkey Tags","Tag","Turkey","Any","False","True","","","Set of 3 for residents. Youth, Lifetime, Senior, Gratis and Disability licensees receive tags free on annual request.","https://dnr.sc.gov/licenses/pricingresident.html","2026-08-27",""
"SC","Bear Tag","Tag","Bear","Any","False","True","","","Mountains / Game Zone 1 only. Special application required. Youth 15 and under obtain bear tags free from designated SCDNR offices.","https://dnr.sc.gov/licenses/pricingresident.html","2026-08-27",""
"SC","Migratory Waterfowl Permit (State Duck Stamp)","Stamp","Waterfowl","Any","False","True","1981","","Required alongside the Migratory Bird Permit and Federal Duck Stamp. First-of-state SC duck stamp issued 1981. Confidence on first year: medium (collector first-of-state gallery).","https://waterfowlstampsandmore.com/galleries/first-of-state-duck-stamp-prints-300-dpi/","2026-08-27","https://waterfowlstampsandmore.com/galleries/first-of-state-duck-stamp-prints-300-dpi/"
"SC","Migratory Bird Permit (HIP)","Harvest Record","Migratory Birds","Any","False","True","1998","","No cost. Season dates apply; hunting licence required.","https://dnr.sc.gov/licenses/pricingresident.html","2026-08-27","https://digitalcommons.unl.edu/cgi/viewcontent.cgi?params=%2Fcontext%2Fusfwspubs%2Farticle%2F1360%2F&path_info=MigratoryBirdhuntingactivityandharvestduringthe1999and2000huntingseasons_Final_Report.pdf"
"SC","Shooting Preserve Permit","Permit","Small Game","Any","False","False","","","For hunting specified released species on licensed shooting preserves only.","https://dnr.sc.gov/licenses/pricingresident.html","2026-08-27",""
"SC","Trapping and Commercial Fur Harvest License","License","Furbearer","Any","False","True","","","Required to sell or trade furbearers taken during the hunting season, to trap for sport or trade, or to possess six or more furbearers or pelts. Hunting licence required; has reporting requirements.","https://dnr.sc.gov/licenses/pricingresident.html","2026-08-27",""
"AL","Alabama State Duck Stamp","Stamp","Waterfowl","Any","False","True","1979","","State waterfowl stamp required alongside the Federal Duck Stamp. Residents 65 and over are exempt. First-of-state AL duck stamp issued 1979. Confidence on first year: medium (collector first-of-state gallery).","https://waterfowlstampsandmore.com/galleries/first-of-state-duck-stamp-prints-300-dpi/","2026-08-27","https://waterfowlstampsandmore.com/galleries/first-of-state-duck-stamp-prints-300-dpi/"
"AL","Wildlife Management Area License","Access Pass","Any","Any","False","True","","","Required to hunt WFF wildlife management areas. Residents 65 and over are exempt.","https://www.outdooralabama.com/hunting-licenses/hunt-rec-res","2026-08-27",""
"AL","Baiting Privilege License","License","Multiple","Any","False","True","","","Required to hunt deer or feral swine over bait. Required of all ages with no exemption, including residents 65 and over.","https://www.outdooralabama.com/hunting-licenses/hunt-rec-res","2026-08-27",""
"AL","Wildlife Heritage License","Habitat Fee","Any","Any","False","False","","","Included at no charge with resident hunting and freshwater fishing licences; also sold separately and available as a lifetime licence. Covers bank fishing, WFF public fishing lakes, small game on WMAs and WFF shooting ranges.","https://www.outdooralabama.com/hunting-licenses/hunt-rec-res","2026-08-27",""
"AL","Harvest Record (Deer and Turkey)","Harvest Record","Multiple","Any","False","True","","","Paper or electronic harvest record that must be completed for deer and turkey, paired with the Game Check reporting system.","https://www.outdooralabama.com/hunting-licenses/hunt-rec-res","2026-08-27",""
"AL","H.I.P. Certification","Harvest Record","Migratory Birds","Any","False","True","1998","","No charge. Required by federal law of all licensed hunters taking doves, woodcock, rails, snipe, coots, ducks or geese.","https://www.outdooralabama.com/hunting-licenses/hunt-rec-res","2026-08-27","https://digitalcommons.unl.edu/cgi/viewcontent.cgi?params=%2Fcontext%2Fusfwspubs%2Farticle%2F1360%2F&path_info=MigratoryBirdhuntingactivityandharvestduringthe1999and2000huntingseasons_Final_Report.pdf"
"AL","Nighttime Feral Swine and Coyote Hunting License","License","Coyote","Any","False","True","","","Add-on privilege required to hunt feral swine or coyote at night. Required of all ages with no exemption. A separate reduced-fee version exists for 100% disabled licence holders.","https://www.outdooralabama.com/hunting-licenses/hunt-rec-res","2026-08-27",""
"MS","Archery/Primitive Weapon/Crossbow Permit","Permit","Multiple","Archery","False","True","","","Must be bought in addition to the All Game Hunting/Freshwater Fishing licence when hunting during special seasons. Has included crossbow use since July 1 2013. Included in the Sportsman's License.","https://www.mdwfp.com/licenses-permits/hunting-and-fishing-license-prices","2026-08-27",""
"MS","Wildlife Management Area User Permit","Access Pass","Any","Any","False","True","","","Must be purchased prior to any use of a wildlife management area, in addition to any other required licence.","https://www.mdwfp.com/licenses-permits/hunting-and-fishing-license-prices","2026-08-27",""
"MS","Electronic State Waterfowl Stamp","Stamp","Waterfowl","Any","False","True","1976","","Required of persons 16 and over hunting waterfowl. Now issued electronically. First-of-state MS duck stamp issued 1976. Confidence on first year: medium (collector first-of-state gallery).","https://waterfowlstampsandmore.com/galleries/first-of-state-duck-stamp-prints-300-dpi/","2026-08-27","https://waterfowlstampsandmore.com/galleries/first-of-state-duck-stamp-prints-300-dpi/"
"MS","Velvet Season Permit","Permit","Deer","Any","False","False","","","Three consecutive day permit used to hunt velvet deer during the permitted dates.","https://www.mdwfp.com/licenses-permits/hunting-and-fishing-license-prices","2026-08-27",""
"MS","Non-Resident Deer Permit","Permit","Deer","Any","False","True","","","Required for nonresidents hunting deer during all deer seasons, in addition to an All Game, 7-Day All Game or 3-Day All Game licence.","https://www.mdwfp.com/licenses-permits/hunting-and-fishing-license-prices","2026-08-27",""
"MS","Non-Resident Spring Turkey Permit","Permit","Turkey","Any","False","True","","","Required for nonresidents hunting turkey during spring turkey season, in addition to a base All Game licence.","https://www.mdwfp.com/licenses-permits/hunting-and-fishing-license-prices","2026-08-27",""
"MS","North MS NWR Permit","Permit","Any","Any","False","False","","","Permit for hunting on north Mississippi national wildlife refuge lands.","https://www.mdwfp.com/licenses-permits/hunting-and-fishing-license-prices","2026-08-27",""
"MS","Fur Dealer License","License","Furbearer","Any","False","False","","","Required of any person, regardless of age, who buys furbearing animals from trappers or hunters.","https://www.mdwfp.com/licenses-permits/hunting-and-fishing-license-prices","2026-08-27",""
"MS","Spring Turkey Harvest Record","Harvest Record","Turkey","Any","False","True","","","Harvest record that must be carried and completed during the spring turkey season.","https://www.mdwfp.com/licenses-permits/hunting-and-fishing-license-prices","2026-08-27",""
"FL","Management Area Permit","Access Pass","Any","Any","False","True","","","Authorises taking or possessing game on wildlife management areas, wildlife and environmental areas and some public small game hunting areas. Also covers visitor access where a daily use fee applies. Annual or five-year (residents only).","https://myfwc.com/license/recreational/hunting/","2026-08-27",""
"FL","Archery Season Permit","Permit","Multiple","Archery","False","True","","","Required in addition to a hunting licence when hunting during archery season. Annual or five-year (residents only).","https://myfwc.com/license/recreational/hunting/","2026-08-27",""
"FL","Crossbow Season Permit","Permit","Multiple","Crossbow","False","True","","","Required in addition to a hunting licence when hunting during crossbow season. Annual or five-year (residents only).","https://myfwc.com/license/recreational/hunting/","2026-08-27",""
"FL","Muzzleloading Gun Season Permit","Permit","Multiple","Muzzleloader","False","True","","","Required in addition to a hunting licence when hunting during muzzleloading season. Annual or five-year (residents only).","https://myfwc.com/license/recreational/hunting/","2026-08-27",""
"FL","Deer Permit","Permit","Deer","Any","False","True","","","Required in addition to a hunting licence when taking or attempting to take deer. Annual or five-year (residents only).","https://myfwc.com/license/recreational/hunting/","2026-08-27",""
"FL","WMA Deer-Dog Permit","Permit","Deer","Any","False","True","","","No cost. Required to take deer with the aid of dogs on WMA System lands, including deer-dog training seasons. No exemptions.","https://myfwc.com/license/recreational/hunting/","2026-08-27",""
"FL","Turkey Permit","Permit","Turkey","Any","False","True","","","Required in addition to a hunting licence when taking or attempting to take turkeys. Nonresidents must hold a nonresident annual hunting licence to purchase.","https://myfwc.com/license/recreational/hunting/","2026-08-27",""
"FL","Migratory Bird Permit","Permit","Migratory Birds","Any","False","True","","","No cost, valid seasonally Sept 1 - March 31. Required for ducks, geese, coots, moorhens, gallinules, rails, snipes, woodcocks and doves.","https://myfwc.com/license/recreational/hunting/","2026-08-27",""
"FL","Florida Waterfowl Permit","Permit","Waterfowl","Any","False","True","1979","","Required in addition to a hunting licence and migratory bird permit for ducks and geese; Federal Duck Stamp also required. Successor to the Florida state duck stamp, first issued 1979. Confidence on first year: medium (collector first-of-state gallery).","https://waterfowlstampsandmore.com/galleries/first-of-state-duck-stamp-prints-300-dpi/","2026-08-27","https://waterfowlstampsandmore.com/galleries/first-of-state-duck-stamp-prints-300-dpi/"
"FL","Private Lands Antlerless Deer Permit","Permit","Antlerless Deer","Any","False","False","","","Antlerless deer permit issued for private lands, administered separately from the WMA quota system.","https://myfwc.com/license/recreational/hunting/","2026-08-27",""
"FL","Deer Dog Registration","Permit","Deer","Any","False","False","","","Registration required for dogs used in deer hunting, administered alongside the private lands antlerless deer programme.","https://myfwc.com/license/recreational/hunting/","2026-08-27",""
"AR","Arkansas Waterfowl Stamp - Resident (DSR)","Stamp","Waterfowl","Any","False","True","1981","","Entitles licence holders to hunt waterfowl. Youths under 16 and $1,000 Lifetime Sportsman's Permit holders are exempt. A physical stamp is still mailed for collectable purposes but the code on the licence is proof of purchase. AGFC code DSR. First-of-state AR duck stamp issued 1981; confidence on first year: medium (collector first-of-state gallery).","https://waterfowlstampsandmore.com/galleries/first-of-state-duck-stamp-prints-300-dpi/","2026-08-27","https://waterfowlstampsandmore.com/galleries/first-of-state-duck-stamp-prints-300-dpi/"
"AR","Arkansas Waterfowl Stamp - Nonresident (DSN)","Stamp","Waterfowl","Any","False","True","1981","","Nonresident version. A physical stamp is still mailed for collectable purposes. AGFC code DSN. First-of-state AR duck stamp issued 1981; confidence on first year: medium (collector first-of-state gallery).","https://waterfowlstampsandmore.com/galleries/first-of-state-duck-stamp-prints-300-dpi/","2026-08-27","https://waterfowlstampsandmore.com/galleries/first-of-state-duck-stamp-prints-300-dpi/"
"AR","AGFC-Owned WMA/Lake Conservation Permit (WMC)","Access Pass","Any","Any","False","True","2026","","Required of anyone 16 or older using Commission-owned WMAs and lakes who does not hold a valid Arkansas hunting or fishing licence. Effective July 1 2026. AGFC code WMC.","https://www.agfc.com/resources/licensing/hunting-license-descriptions-and-fees/","2026-08-27",""
"AR","Leased Lands Permit (LLP)","Access Pass","Any","Any","False","False","","","Entitles the holder to hunt, trap and camp on all AGFC Leased Lands WMAs. A valid Arkansas hunting licence is also required. Youths under 16 exempt. AGFC code LLP.","https://www.agfc.com/resources/licensing/hunting-license-descriptions-and-fees/","2026-08-27",""
"AR","Resident Youth Game Tags (YGT)","Tag","Multiple","Any","False","False","","","Free product attaching the bag limit of deer, turkey and bear tags to resident youth hunters aged 6 to 15. AGFC code YGT.","https://www.agfc.com/resources/licensing/hunting-license-descriptions-and-fees/","2026-08-27",""
"AR","Nonresident Bear Permit (NRB)","Permit","Bear","Any","False","True","","","Entitles NBG licence holders to take one bear during the open season. Limit one per year. AGFC code NRB.","https://www.agfc.com/resources/licensing/hunting-license-descriptions-and-fees/","2026-08-27",""
"AR","Nonresident Elk Permit (NRE)","Permit","Elk","Any","False","True","","","Entitles NBG licence holders to take one elk during the open private land elk season. Limit one per year. AGFC code NRE.","https://www.agfc.com/resources/licensing/hunting-license-descriptions-and-fees/","2026-08-27",""
"AR","Nonresident Alligator Permit (NRG)","Permit","Alligator","Any","False","True","","","Entitles NBG licence holders to take one alligator during the open private land season. Limit one per year. AGFC code NRG.","https://www.agfc.com/resources/licensing/hunting-license-descriptions-and-fees/","2026-08-27",""
"AR","Nonresident Turkey Tag (NRTT)","Tag","Turkey","Any","False","True","","","Entitles a nonresident annual licence holder to take one turkey. Limit one per year. AGFC code NRTT.","https://www.agfc.com/resources/licensing/hunting-license-descriptions-and-fees/","2026-08-27",""
"AR","Nonresident Youth Deer Tag (YDTN)","Tag","Deer","Any","False","False","","","Free product attaching the bag limit of deer tags to nonresident youth hunters aged 6 to 15. AGFC code YDTN.","https://www.agfc.com/resources/licensing/hunting-license-descriptions-and-fees/","2026-08-27",""
"AR","Harvest Information Program Registration (HIP)","Harvest Record","Migratory Birds","Any","False","True","1998","","Free. Hunters 16 or older must carry proof of Arkansas HIP registration when hunting ducks, geese, doves, coots, woodcocks, snipe, rails, gallinules or moorhens. AGFC code HIP.","https://www.agfc.com/resources/licensing/hunting-license-descriptions-and-fees/","2026-08-27","https://digitalcommons.unl.edu/cgi/viewcontent.cgi?params=%2Fcontext%2Fusfwspubs%2Farticle%2F1360%2F&path_info=MigratoryBirdhuntingactivityandharvestduringthe1999and2000huntingseasons_Final_Report.pdf"
"AR","Deferred Hunter Education License (DHE)","License","Any","Any","False","False","","","Free one-year permit allowing a person without hunter education certification to hunt legally. Renewable each year. AGFC code DHE.","https://www.agfc.com/resources/licensing/hunting-license-descriptions-and-fees/","2026-08-27",""
"AR","Nonresident Fur Trapper's Permit (NFT)","Permit","Furbearer","Any","False","False","","","Entitles a nonresident hunting licence holder to trap furbearers during open seasons. Not required to hunt furbearers. AGFC code NFT.","https://www.agfc.com/resources/licensing/hunting-license-descriptions-and-fees/","2026-08-27",""
"AR","Nonresident Hunting Dog Owner's Permit (NDP)","Permit","Deer","Any","False","True","","","Required to hunt, chase or retrieve deer with a dog or to train a dog for such purposes. AGFC code NDP.","https://www.agfc.com/resources/licensing/hunting-license-descriptions-and-fees/","2026-08-27",""
"AR","Nonresident 3-day WMA Waterfowl Permit (NW3)","Permit","Waterfowl","Any","False","True","","","Required of nonresidents hunting waterfowl in certain WMAs during regular duck season. Limit of ten 3-day permits per season. AGFC code NW3.","https://www.agfc.com/resources/licensing/hunting-license-descriptions-and-fees/","2026-08-27",""
"AR","Nonresident 30-day WMA Waterfowl Permit (NW30)","Permit","Waterfowl","Any","False","True","","","Required of nonresidents hunting waterfowl in certain WMAs during regular duck season. AGFC code NW30.","https://www.agfc.com/resources/licensing/hunting-license-descriptions-and-fees/","2026-08-27",""
"AK","Big Game Locking Tag","Tag","Multiple","Any","False","True","","","Species-specific locking tag, locked on the animal immediately after the kill and kept there until processing or export. Required of nonresidents for big game, and of residents for brown/grizzly bear and muskox.","https://www.adfg.alaska.gov/index.cfm?adfg=huntlicense.main","2026-08-28",""
"AK","Harvest Ticket","Harvest Record","Multiple","Any","False","True","","","No cost, available wherever hunting licences are sold. Required for general-season big game hunts; the harvest report is returned to ADF&G after the hunt.","https://www.adfg.alaska.gov/index.cfm?adfg=huntlicense.main","2026-08-28",""
"AK","Drawing Permit","Permit","Multiple","Any","False","True","","","Lottery-issued permit for limited hunts; acts as the harvest ticket for that hunt.","https://www.adfg.alaska.gov/index.cfm?adfg=huntlicense.main","2026-08-28",""
"AK","Registration Permit","Permit","Multiple","Any","False","True","","","Issued for registration hunts, most of which are open to residents and nonresidents; acts as the harvest ticket.","https://www.adfg.alaska.gov/index.cfm?adfg=huntlicense.main","2026-08-28",""
"AK","Tier I Subsistence Permit","Permit","Multiple","Any","False","True","","","Subsistence hunt permit, Alaska residents 10 and older only.","https://www.adfg.alaska.gov/index.cfm?adfg=huntlicense.main","2026-08-28",""
"AK","Tier II Subsistence Permit","Permit","Multiple","Any","False","True","","","Subsistence hunt permit issued where game is insufficient for a general season, Alaska residents only.","https://www.adfg.alaska.gov/index.cfm?adfg=huntlicense.main","2026-08-28",""
"AK","Alaska State Waterfowl Stamp","Stamp","Waterfowl","Any","False","True","1985","","Required for migratory bird hunting alongside the Federal Duck Stamp and HIP. First-of-state AK duck stamp issued 1985; confidence on first year medium (collector first-of-state gallery).","https://waterfowlstampsandmore.com/galleries/first-of-state-duck-stamp-prints-300-dpi/","2026-08-28","https://waterfowlstampsandmore.com/galleries/first-of-state-duck-stamp-prints-300-dpi/"
"AZ","Big Game Hunt Permit-Tag","Tag","Multiple","Any","False","True","","","Required in addition to a hunting licence for big game. Mostly issued through three annual draw cycles; fall bear, archery turkey, archery deer and mountain lion are available as non-permit tags.","https://www.azgfd.com/hunting/hunt-draw-and-licenses/","2026-08-28",""
"AZ","Arizona Migratory Bird Stamp","Stamp","Migratory Birds","Any","False","True","1987","","State waterfowl/migratory bird stamp. First-of-state AZ duck stamp issued 1987; confidence on first year medium (collector first-of-state gallery).","https://waterfowlstampsandmore.com/galleries/first-of-state-duck-stamp-prints-300-dpi/","2026-08-28","https://waterfowlstampsandmore.com/galleries/first-of-state-duck-stamp-prints-300-dpi/"
"AZ","Special Use Stamp","Stamp","Any","Any","False","False","","","Special use stamps are sold by AZGFD alongside licences and non-permit hunt tags.","https://www.azgfd.com/hunting/hunt-draw-and-licenses/","2026-08-28",""
"CA","Upland Game Bird Validation","Stamp","Multiple","Any","False","True","","","Required for dove, turkey, quail, pheasant and chukar; includes one turkey tag. Junior licence holders are exempt. Carries a $10 AB 614 habitat surcharge.","https://nrm.dfg.ca.gov/FileHandler.ashx?DocumentID=46104","2026-08-28",""
"CA","California Duck Validation","Stamp","Waterfowl","Any","False","True","1971","","California's state duck stamp equivalent, required of anyone taking waterfowl except Junior Hunting Licence holders. Carries a $10 AB 614 habitat surcharge.","https://nrm.dfg.ca.gov/FileHandler.ashx?DocumentID=46104","2026-08-28","https://wildlife.ca.gov/Grants/Duck-Stamp"
"CA","Collector Duck Stamp","Stamp","Waterfowl","Any","False","False","1971","","Non-hunting collector version of the California duck stamp, sold alongside the validation.","https://nrm.dfg.ca.gov/FileHandler.ashx?DocumentID=178043","2026-08-28","https://wildlife.ca.gov/Grants/Duck-Stamp"
"CA","Collector Upland Game Bird Stamp","Stamp","Multiple","Any","False","False","","","Non-hunting collector version of the upland game bird stamp.","https://nrm.dfg.ca.gov/FileHandler.ashx?DocumentID=178043","2026-08-28",""
"CA","Wild Pig Validation","Stamp","Wild Pig","Any","False","True","","","Required to take wild pig; holder must be at least 12 years of age.","https://nrm.dfg.ca.gov/FileHandler.ashx?DocumentID=46104","2026-08-28",""
"CA","First Deer Tag","Tag","Deer","Any","False","True","","","Deer tag or drawing application; holder must be at least 12. California uses a lettered zone system (A, B, C, D, X) with general, restricted and premium categories.","https://nrm.dfg.ca.gov/FileHandler.ashx?DocumentID=46104","2026-08-28",""
"CA","Second Deer Tag","Tag","Deer","Any","False","False","","","Second deer tag or drawing application.","https://nrm.dfg.ca.gov/FileHandler.ashx?DocumentID=46104","2026-08-28",""
"CA","Type A Wildlife Area Season Pass","Access Pass","Any","Any","False","False","","","Season pass for Type A wildlife areas; 1-day and 2-day versions also sold.","https://nrm.dfg.ca.gov/FileHandler.ashx?DocumentID=178043","2026-08-28",""
"CA","Waterfowl Reservation Application","Permit","Waterfowl","Any","False","False","","","Application for reserved waterfowl hunting on state wildlife areas.","https://nrm.dfg.ca.gov/FileHandler.ashx?DocumentID=178043","2026-08-28",""
"ID","Deer Tag","Tag","Deer","Any","False","True","","","Required in addition to a hunting licence. Regular or white-tailed deer tags; nonresident tags are subject to quotas and, from 2026, a draw.","https://idfg.idaho.gov/licenses/fees-resident","2026-08-28",""
"ID","Elk Tag","Tag","Elk","Any","False","True","","","Zone-specific; capped and uncapped elk zones have different rules. Second tags are available from returned or surplus quota.","https://idfg.idaho.gov/licenses/fees-resident","2026-08-28",""
"ID","Archery Permit","Permit","Multiple","Archery","False","True","","","Weapon permit; validated on the licence for Sportsman's Package holders.","https://idfg.idaho.gov/licenses/fees-resident","2026-08-28",""
"ID","Muzzleloader Permit","Permit","Multiple","Muzzleloader","False","True","","","Weapon permit; validated on the licence for Sportsman's Package holders.","https://idfg.idaho.gov/licenses/fees-resident","2026-08-28",""
"ID","Controlled Hunt Application","Permit","Multiple","Any","False","False","","","Nonrefundable application for controlled hunts; moose, bighorn sheep and mountain goat use a separate application fee.","https://idfg.idaho.gov/licenses/fees-resident","2026-08-28",""
"ID","Idaho Waterfowl Stamp","Stamp","Waterfowl","Any","False","True","1987","","State waterfowl stamp. First-of-state ID duck stamp issued 1987; confidence on first year medium (collector first-of-state gallery).","https://waterfowlstampsandmore.com/galleries/first-of-state-duck-stamp-prints-300-dpi/","2026-08-28","https://waterfowlstampsandmore.com/galleries/first-of-state-duck-stamp-prints-300-dpi/"
"LA","Louisiana Deer Hunting License","License","Deer","Any","False","True","","","Big Game licence required in addition to the Basic Hunting Licence to take deer.","https://www.wlf.louisiana.gov/page/hunting-licenses-permits-tags","2026-08-28",""
"LA","Louisiana Wild Turkey License","License","Turkey","Any","False","True","","","Required in addition to the Basic and Big Game hunting licences to take turkey.","https://www.wlf.louisiana.gov/page/hunting-licenses-permits-tags","2026-08-28",""
"LA","Louisiana Duck (Waterfowl) License","License","Waterfowl","Any","False","True","1989","","State waterfowl licence, required in addition to the Basic Hunting Licence and the Federal Duck Stamp. First-of-state LA duck stamp issued 1989; confidence on first year medium (collector first-of-state gallery).","https://waterfowlstampsandmore.com/galleries/first-of-state-duck-stamp-prints-300-dpi/","2026-08-28","https://waterfowlstampsandmore.com/galleries/first-of-state-duck-stamp-prints-300-dpi/"
"LA","Bow Hunting License","License","Multiple","Archery","False","True","","","Required for the bow hunting season.","https://www.wlf.louisiana.gov/page/hunting-licenses-permits-tags","2026-08-28",""
"LA","Primitive Firearm License","License","Deer","Muzzleloader","False","True","","","Required for the special primitive firearms deer season.","https://www.wlf.louisiana.gov/page/hunting-licenses-permits-tags","2026-08-28",""
"LA","WMA Access Permit","Access Pass","Any","Any","False","True","","","Required to use any LDWF-administered land - WMAs, refuges and conservation areas - for any activity. Ages 17 and under exempt. Included with the Sportsman's Paradise, Senior and Lifetime licences.","https://www.wlf.louisiana.gov/page/license-and-permit-fee-list","2026-08-28",""
"LA","WMA Camping Permit","Access Pass","Any","Any","False","True","","","Required to camp on a WMA where camping is permitted. Ages 17 and under exempt.","https://www.wlf.louisiana.gov/page/license-and-permit-fee-list","2026-08-28",""
"LA","Louisiana HIP Certification","Harvest Record","Migratory Birds","Any","False","True","1998","","Free. Required in addition to other licences for mourning dove, ducks, geese, woodcock, rails, snipe, coots and gallinules.","https://www.wlf.louisiana.gov/page/hunting-licenses-permits-tags","2026-08-28","https://digitalcommons.unl.edu/cgi/viewcontent.cgi?params=%2Fcontext%2Fusfwspubs%2Farticle%2F1360%2F&path_info=MigratoryBirdhuntingactivityandharvestduringthe1999and2000huntingseasons_Final_Report.pdf"
"OK","Oklahoma Deer License","License","Deer","Any","False","True","","","Species licence required in addition to the annual hunting licence. Valid on DMAP-enrolled properties.","https://www.wildlifedepartment.com/licensing/regs/license-fees","2026-08-28",""
"OK","Oklahoma Turkey License","License","Turkey","Any","False","True","","","Covers both spring and fall turkey seasons.","https://www.wildlifedepartment.com/licensing/regs/license-fees","2026-08-28",""
"OK","Oklahoma Elk License","License","Elk","Any","False","True","","","Limited lottery draw, primarily in the Wichita Mountains area.","https://www.wildlifedepartment.com/licensing/regs/license-fees","2026-08-28",""
"OK","Oklahoma Antelope License","License","Pronghorn","Any","False","True","","","Species licence required in addition to the hunting licence.","https://www.wildlifedepartment.com/licensing/regs/license-fees","2026-08-28",""
"OK","Oklahoma Bear License","License","Bear","Any","False","True","","","Not covered by the lifetime hunting licence exemption.","https://www.wildlifedepartment.com/licensing/regs/license-fees","2026-08-28",""
"OK","Oklahoma Waterfowl License","License","Waterfowl","Any","False","True","1980","","State waterfowl stamp/licence. First-of-state OK duck stamp issued 1980; confidence on first year medium (collector first-of-state gallery).","https://waterfowlstampsandmore.com/galleries/first-of-state-duck-stamp-prints-300-dpi/","2026-08-28","https://waterfowlstampsandmore.com/galleries/first-of-state-duck-stamp-prints-300-dpi/"
"OK","Harvest Information Permit (HIP)","Harvest Record","Migratory Birds","Any","False","True","1998","","Required of all migratory bird and waterfowl hunters 63 and under, including lifetime licence holders. Valid July 1 - June 30.","https://www.wildlifedepartment.com/licensing/regs/specialty-licenses","2026-08-28","https://digitalcommons.unl.edu/cgi/viewcontent.cgi?params=%2Fcontext%2Fusfwspubs%2Farticle%2F1360%2F&path_info=MigratoryBirdhuntingactivityandharvestduringthe1999and2000huntingseasons_Final_Report.pdf"
"OK","Land Access Permit","Access Pass","Any","Any","False","True","","","Required for Honobia Creek, Three Rivers and Herron Family WMAs and OLAP properties. Nonresidents must buy annually with no exemptions; lifetime licence holders are NOT exempt. Residents 17 and under or 64 and over are exempt.","https://www.wildlifedepartment.com/licensing/regs/specialty-licenses","2026-08-28",""
"OK","Wildlife Conservation Passport","Access Pass","Any","Any","False","True","","","Required for non-hunting, non-fishing use of Department-owned areas such as birdwatching or photography, unless the holder has a current hunting or fishing licence.","https://www.wildlifedepartment.com/licensing/regs/specialty-licenses","2026-08-28",""
"OK","Sandhill Crane Permit","Permit","Sandhill Crane","Any","False","True","","","Required in addition to HIP to hunt sandhill cranes.","https://www.eregulations.com/oklahoma/hunting/special-licenses-permits","2026-08-28",""
"OR","Deer Tag","Tag","Deer","Any","False","True","","","Required in addition to a hunting licence; included in the Sports Pac.","https://www.eregulations.com/oregon/hunting/license-tag-permit-fees","2026-08-28",""
"OR","Elk Tag","Tag","Elk","Any","False","True","","","Required in addition to a hunting licence; included in the Sports Pac.","https://www.eregulations.com/oregon/hunting/license-tag-permit-fees","2026-08-28",""
"OR","Bear Tag","Tag","Bear","Any","False","True","","","General or controlled bear tag; included in the Sports Pac.","https://www.eregulations.com/oregon/hunting/license-tag-permit-fees","2026-08-28",""
"OR","Cougar Tag","Tag","Mountain Lion","Any","False","True","","","Included in the Sports Pac.","https://www.eregulations.com/oregon/hunting/license-tag-permit-fees","2026-08-28",""
"OR","Upland Game Bird Validation","Stamp","Multiple","Any","False","True","","","Required for upland game birds; a youth version exists for ages 12-17.","https://www.eregulations.com/oregon/hunting/license-tag-permit-fees","2026-08-28",""
"OR","Waterfowl Validation","Stamp","Waterfowl","Any","False","True","1984","","Oregon's state waterfowl validation. First-of-state OR duck stamp issued 1984; confidence on first year medium (collector first-of-state gallery).","https://waterfowlstampsandmore.com/galleries/first-of-state-duck-stamp-prints-300-dpi/","2026-08-28","https://waterfowlstampsandmore.com/galleries/first-of-state-duck-stamp-prints-300-dpi/"
"OR","Western Oregon Fee Pheasant Permit","Permit","Pheasant","Any","False","True","","","Fee pheasant permit for western Oregon release sites.","https://www.eregulations.com/oregon/hunting/license-tag-permit-fees","2026-08-28",""
"OR","Columbia River Basin Endorsement","Stamp","Any","Any","False","True","","","Endorsement bundled with combination, Pioneer and youth licences; also sold per day.","https://www.eregulations.com/oregon/hunting/license-tag-permit-fees","2026-08-28",""
"OR","Controlled Hunt Application","Permit","Multiple","Any","False","False","","","Application for Oregon controlled hunts; the first application change per hunt series is free.","https://www.eregulations.com/oregon/hunting/license-tag-permit-fees","2026-08-28",""
"UT","General Season Buck Deer Permit","Permit","Deer","Any","False","True","","","Allocated through the application system using preference points; remaining permits are sold first-come afterwards.","https://wildlife.utah.gov/fees","2026-08-28",""
"UT","Limited Entry Buck Deer Permit","Permit","Deer","Any","False","True","","","Premium units; 50 percent of tags go to highest point holders and 50 percent to a weighted random draw.","https://wildlife.utah.gov/fees","2026-08-28",""
"UT","General Season Bull Elk Permit","Permit","Elk","Any","False","True","","","Several remaining or over-the-counter elk permits are listed each year, including unlimited archery and late any-bull categories.","https://wildlife.utah.gov/fees","2026-08-28",""
"UT","Limited Entry Bull Elk Permit","Permit","Elk","Any","False","True","","","Premium limited-entry units including Book Cliffs, Henry Mountains and Wasatch.","https://wildlife.utah.gov/fees","2026-08-28",""
"UT","Sportsman Permit","Permit","Multiple","Any","False","False","","","Utah residents only. Covers buck deer, buck pronghorn, bull elk, bull moose, desert bighorn ram, Rocky Mountain bighorn ram, bison, mountain goat, black bear and wild turkey.","https://wildlife.utah.gov/index.php?option=com_content&view=article&id=464&catid=14","2026-08-28",""
"UT","Big Game Drawing Application","Permit","Multiple","Any","False","False","","","Nonrefundable per-species application fee; hunters may apply for multiple species in the same year.","https://wildlife.utah.gov/fees","2026-08-28",""
"UT","Utah Waterfowl Stamp","Stamp","Waterfowl","Any","False","True","1986","","State waterfowl stamp. First-of-state UT duck stamp issued 1986; confidence on first year medium (collector first-of-state gallery).","https://waterfowlstampsandmore.com/galleries/first-of-state-duck-stamp-prints-300-dpi/","2026-08-28","https://waterfowlstampsandmore.com/galleries/first-of-state-duck-stamp-prints-300-dpi/"
"WA","Deer Transport Tag","Tag","Deer","Any","False","True","","","Transport tag issued with the big game licence package; multi-season deer tags are also sold.","https://wdfw.wa.gov/licenses/hunting","2026-08-28",""
"WA","Elk Transport Tag","Tag","Elk","Any","False","True","","","Transport tag issued with the big game licence package; multi-season elk tags are also sold.","https://wdfw.wa.gov/licenses/hunting","2026-08-28",""
"WA","Turkey Transport Tag","Tag","Turkey","Any","False","True","","","Turkey requires a transport tag and cannot be hunted on an authorisation number alone.","https://www.eregulations.com/washington/hunting/game-bird/license-fees-information","2026-08-28",""
"WA","Migratory Bird Permit","Permit","Migratory Birds","Any","False","True","","","Required for migratory bird hunting; included in the Guard free licensing package.","https://wdfw.wa.gov/licenses/hunting","2026-08-28",""
"WA","Migratory Bird Authorization and Harvest Record Card","Harvest Record","Migratory Birds","Any","False","True","","","Migratory birds cannot be hunted on an authorisation number alone - the Authorization and Harvest Record Card is required.","https://www.eregulations.com/washington/hunting/game-bird/license-fees-information","2026-08-28",""
"WA","Western Washington Pheasant Permit","Permit","Pheasant","Any","False","True","","","Required for released pheasant sites in western Washington; a 3-day version bundled with small game also exists.","https://wdfw.wa.gov/licenses/hunting","2026-08-28",""
"WA","Special Hunt Permit Application","Permit","Multiple","Any","False","False","","","Application for Washington special hunt permits and raffles (deer, elk, moose, goat).","https://wdfw.wa.gov/licenses/hunting","2026-08-28",""
"WA","Washington Waterfowl Stamp","Stamp","Waterfowl","Any","False","True","1986","","State waterfowl stamp. First-of-state WA duck stamp issued 1986; confidence on first year medium (collector first-of-state gallery).","https://waterfowlstampsandmore.com/galleries/first-of-state-duck-stamp-prints-300-dpi/","2026-08-28","https://waterfowlstampsandmore.com/galleries/first-of-state-duck-stamp-prints-300-dpi/"
"WA","Vehicle Access Pass","Access Pass","Any","Any","False","True","","","Included with WDFW licence purchases for access to WDFW-managed lands. Does not replace the Discover Pass on other state-managed lands.","https://wdfw.wa.gov/licenses/hunting","2026-08-28",""
"HI","Hawaii State Waterfowl Stamp","Stamp","Waterfowl","Any","False","True","1996","","First-of-state HI duck stamp issued 1996, the last state to issue one. Confidence medium (collector first-of-state gallery). Other Hawaii licence and permit products were not researched in this pass.","https://waterfowlstampsandmore.com/galleries/first-of-state-duck-stamp-prints-300-dpi/","2026-08-28","https://waterfowlstampsandmore.com/galleries/first-of-state-duck-stamp-prints-300-dpi/"
"NE","Nebraska State Waterfowl Stamp","Stamp","Waterfowl","Any","False","True","1991","","First-of-state NE duck stamp issued 1991. Confidence medium (collector first-of-state gallery). Other Nebraska licence and permit products were not researched in this pass.","https://waterfowlstampsandmore.com/galleries/first-of-state-duck-stamp-prints-300-dpi/","2026-08-28","https://waterfowlstampsandmore.com/galleries/first-of-state-duck-stamp-prints-300-dpi/"
"NV","Nevada State Waterfowl Stamp","Stamp","Waterfowl","Any","False","True","1979","","First-of-state NV duck stamp issued 1979. Confidence medium (collector first-of-state gallery). Other Nevada licence and permit products were not researched in this pass.","https://waterfowlstampsandmore.com/galleries/first-of-state-duck-stamp-prints-300-dpi/","2026-08-28","https://waterfowlstampsandmore.com/galleries/first-of-state-duck-stamp-prints-300-dpi/"
"NM","New Mexico State Waterfowl Stamp","Stamp","Waterfowl","Any","False","True","1991","","First-of-state NM duck stamp issued 1991. Confidence medium (collector first-of-state gallery). Other New Mexico licence and permit products were not researched in this pass.","https://waterfowlstampsandmore.com/galleries/first-of-state-duck-stamp-prints-300-dpi/","2026-08-28","https://waterfowlstampsandmore.com/galleries/first-of-state-duck-stamp-prints-300-dpi/"
"ND","North Dakota State Waterfowl Stamp","Stamp","Waterfowl","Any","False","True","1982","","First-of-state ND duck stamp issued 1982; the first 20,000 were sold with a print to collectors and numbers 20,001-150,000 were sold to hunters. Confidence medium (collector first-of-state gallery). Other North Dakota licence and permit products were not researched in this pass.","https://waterfowlstampsandmore.com/galleries/first-of-state-duck-stamp-prints-300-dpi/","2026-08-28","https://waterfowlstampsandmore.com/galleries/first-of-state-duck-stamp-prints-300-dpi/"
"SD","South Dakota State Waterfowl Stamp","Stamp","Waterfowl","Any","False","True","1976","","First-of-state SD duck stamp issued 1976. Confidence medium (collector first-of-state gallery). Other South Dakota licence and permit products were not researched in this pass.","https://waterfowlstampsandmore.com/galleries/first-of-state-duck-stamp-prints-300-dpi/","2026-08-28","https://waterfowlstampsandmore.com/galleries/first-of-state-duck-stamp-prints-300-dpi/"
"HI","Hawaii Wildlife Conservation Stamp","Stamp","Multiple","Any","False","True","","","Required for game mammal hunting and bundled automatically into every Hawaii hunting licence. Printed as a colour image on the electronic licence; historically endorsed across the front and affixed to the paper licence.","https://outdoor.hawaii.gov/hunting/licensing/","2026-08-28",""
"HI","Game Bird Stamp","Stamp","Multiple","Any","False","True","","","Required of anyone hunting game birds in the established season - pheasant, chukar, francolin, quail, dove and turkey. Purchased alongside the annual licence.","https://outdoor.hawaii.gov/hunting/licensing/","2026-08-28",""
"HI","Axis Deer Tag","Tag","Deer","Any","False","True","","","Required for axis deer; Lanai axis deer are lottery-permit only. Axis deer were introduced to Molokai in 1868 and later to Maui and Lanai.","https://outdoor.hawaii.gov/hunting/licensing/","2026-08-28",""
"HI","Non-resident Letter of Exemption","Permit","Any","Any","False","True","","","Free with an out-of-state hunter education card or a Hawaii hunting licence issued before 1 July 1990. Required before a first-time nonresident may buy a licence.","https://outdoor.hawaii.gov/hunting/licensing/","2026-08-28",""
"ND","Waterfowl Habitat Restoration Stamp","Stamp","Waterfowl","Any","False","True","1982","","Required of all hunters to hunt waterfowl; not required during the spring light goose conservation season. Now issued electronically. First-of-state ND duck stamp issued 1982.","https://waterfowlstampsandmore.com/galleries/first-of-state-duck-stamp-prints-300-dpi/","2026-08-28",""
"ND","Deer Gun License (Lottery)","License","Deer","Firearm","False","True","","","Issued by lottery. Residents in the armed forces stationed outside ND may receive a regular deer gun licence without entering the lottery.","https://gf.nd.gov/licensing/resident","2026-08-28",""
"ND","Any-Deer Bow License","License","Deer","Archery","False","True","","","Lottery-issued. Bow tags must be printed and mailed from the main NDGF office.","https://gf.nd.gov/licensing/resident","2026-08-28",""
"ND","Tundra Swan License","License","Waterfowl","Any","False","True","","","Lottery-allocated.","https://gf.nd.gov/licensing/resident","2026-08-28",""
"ND","Statewide Any-Deer License","License","Deer","Any","False","False","","","Once-in-a-lifetime licence; remains available to armed forces licence holders.","https://gf.nd.gov/licensing/resident","2026-08-28",""
"NE","Nebraska Habitat Stamp","Habitat Fee","Any","Any","False","True","","","Required of all hunters pursuing small game and, with exceptions, big game. Landowners on limited landowner permits for antelope, deer, elk or turkey are exempt, as are 64-and-older veteran and 69-and-older senior permit holders.","https://outdoornebraska.gov/permits/permit-pricing/","2026-08-28",""
"NE","Nebraska Waterfowl Stamp","Stamp","Waterfowl","Any","False","True","1991","","Second stamp required in addition to the Habitat Stamp for waterfowl hunters. First-of-state NE duck stamp issued 1991.","https://waterfowlstampsandmore.com/galleries/first-of-state-duck-stamp-prints-300-dpi/","2026-08-28",""
"NE","Deer Permit","Permit","Deer","Any","False","True","","","Species-specific permit; a small game hunt permit is NOT required for big game. Landowner and youth rates apply. Some units are draw-allocated with a $7 application fee.","https://outdoornebraska.gov/permits/permit-pricing/","2026-08-28",""
"NE","Turkey Permit","Permit","Turkey","Any","False","True","","","Resident, nonresident, youth and landowner rates. Nonresidents may buy up to 2 fall and 3 spring permits.","https://outdoornebraska.gov/permits/permit-pricing/","2026-08-28",""
"NE","Antelope Permit","Permit","Pronghorn","Any","False","True","","","Draw application fee applies.","https://outdoornebraska.gov/permits/permit-pricing/","2026-08-28",""
"NE","Elk Permit","Permit","Elk","Any","False","True","","","Standard nonresident elk permits are not sold; nonresidents qualify only as landowners within a designated elk management zone.","https://outdoornebraska.gov/permits/permit-pricing/","2026-08-28",""
"NE","Bighorn Sheep Permit","Permit","Bighorn Sheep","Any","False","True","","","Species-specific big game permit.","https://outdoornebraska.gov/permits/permit-pricing/","2026-08-28",""
"NE","Super Tag Lottery Entry","Permit","Multiple","Any","False","False","","","Lottery entry sold as single-entry and multiple-entry; a Combo lottery entry is also offered.","https://outdoornebraska.gov/permits/permit-pricing/","2026-08-28",""
"NM","Habitat Management and Access Validation (HMAV)","Access Pass","Any","Any","False","True","","","Required of all hunters, anglers and trappers 18 and older. Funds habitat protection and public land access. You cannot legally hunt without it.","https://www.eregulations.com/newmexico/hunting/hunting-licenses-and-fees","2026-08-28",""
"NM","Habitat Stamp","Habitat Fee","Any","Any","False","True","","","Required for hunting on US Forest Service or Bureau of Land Management land. Free resident licences for those 70 and older do not require it.","https://www.eregulations.com/newmexico/hunting/hunting-licenses-and-fees","2026-08-28",""
"NM","Deer License","License","Deer","Any","False","True","","","Species licence bought on top of the base game-hunting licence; standard and draw paths exist. Junior deer licences are reduced fee.","https://www.eregulations.com/newmexico/hunting/hunting-licenses-and-fees","2026-08-28",""
"NM","Elk License","License","Elk","Any","False","True","","","Draw-allocated; junior elk licences are reduced fee.","https://www.eregulations.com/newmexico/hunting/hunting-licenses-and-fees","2026-08-28",""
"NM","Oryx License","License","Multiple","Any","False","True","","","Draw hunt. An off-range senior hunt requires applicants to be 70 or older on the opening day.","https://www.eregulations.com/newmexico/hunting/hunting-licenses-and-fees","2026-08-28",""
"NM","Mobility-Impaired (MI) Certification","Permit","Any","Any","False","True","","","NMDGF certification required before applying for MI-only pronghorn, oryx, elk or deer draw hunts.","https://www.eregulations.com/newmexico/hunting/hunting-licenses-and-fees","2026-08-28",""
"NV","Big Game Tag","Tag","Multiple","Any","False","True","","","Deer, elk, pronghorn and bighorn sheep are all draw-only. Mountain lion is available over the counter. A hunting licence alone does not confer big game privileges.","https://www.eregulations.com/nevada/hunting/small-game/licenses-tags-stamp-fees","2026-08-28",""
"NV","Nevada Duck Stamp","Stamp","Waterfowl","Any","False","True","1979","","Required under NRS 502.300, which makes it unlawful to hunt certain migratory game birds without the stamp. First-of-state NV duck stamp issued 1979.","https://waterfowlstampsandmore.com/galleries/first-of-state-duck-stamp-prints-300-dpi/","2026-08-28",""
"NV","Upland Game Bird Fee","Habitat Fee","Multiple","Any","False","True","","","Fee to hunt certain upland game birds under NRS 502.292, with documentation-of-payment requirements. A percentage funds upland game bird protection and propagation projects.","https://www.leg.state.nv.us/nrs/NRS-502.html","2026-08-28",""
"NV","Landowner Compensation Tag","Tag","Multiple","Any","False","False","","","Allows private landowners to sell big game tags for their property, typically antlered elk, deer and pronghorn.","https://www.eregulations.com/nevada/hunting/small-game/licenses-tags-stamp-fees","2026-08-28",""
"NV","Predator Management Fee","Habitat Fee","Any","Any","False","False","","","Non-refundable $5 fee on each tag application, directable to predator management or to non-predatory wildlife habitat and research.","https://www.eregulations.com/nevada/hunting/small-game/licenses-tags-stamp-fees","2026-08-28",""
"SD","South Dakota Habitat Stamp","Habitat Fee","Any","Any","False","True","","","Required of anyone 18 or over applying for or buying a hunting, fishing or trapping licence. One per licence year. Not required for 1-day small game, youth, landowner, reduced-fee disabled licences or preference points.","https://gfp.sd.gov/resident-license/","2026-08-28",""
"SD","State Migratory Bird Certificate","Harvest Record","Migratory Birds","Any","False","True","","","Required separately - combination licences grant fishing and small game privileges but do NOT include this certificate. Exempt from the $6 legislative surcharge.","https://gfp.sd.gov/resident-license/","2026-08-28",""
"SD","South Dakota Waterfowl Restoration Stamp","Stamp","Waterfowl","Any","False","True","1976","","First-of-state SD duck stamp issued 1976.","https://waterfowlstampsandmore.com/galleries/first-of-state-duck-stamp-prints-300-dpi/","2026-08-28",""
"SD","Preference Point","Permit","Multiple","Any","False","False","","","Purchased or awarded per species per season. Elk, mountain goat and bighorn sheep award one point per unsuccessful application and carry a $10 nonrefundable application fee. Free for limited access permits and youth 15 or under.","https://gfp.sd.gov/license-types/","2026-08-28",""
"SD","Big Game License","License","Multiple","Any","False","True","","","Also authorises unprotected species through 31 Jan, provided the licensee retains the top portion of the licence.","https://gfp.sd.gov/resident-license/","2026-08-28",""
