"state_abbrev","unit_name","unit_type","unit_number","fips_code","is_statewide","geo_data_complete","sort_order","notes","added_date"
"PA","Statewide","Statewide","","","True","True","1","Licenses not tied to a specific sub-unit",""
"PA","Adams","County","1","42001","False","True","2","",""
"PA","Allegheny","County","2","42003","False","True","3","",""
"PA","Armstrong","County","3","42005","False","True","4","",""
"PA","Beaver","County","4","42007","False","True","5","",""
"PA","Bedford","County","5","42009","False","True","6","",""
"PA","Berks","County","6","42011","False","True","7","",""
"PA","Blair","County","7","42013","False","True","8","",""
"PA","Bradford","County","8","42015","False","True","9","",""
"PA","Bucks","County","9","42017","False","True","10","",""
"PA","Butler","County","10","42019","False","True","11","",""
"PA","Cambria","County","11","42021","False","True","12","",""
"PA","Cameron","County","12","42023","False","True","13","",""
"PA","Carbon","County","13","42025","False","True","14","",""
"PA","Centre","County","14","42027","False","True","15","",""
"PA","Chester","County","15","42029","False","True","16","",""
"PA","Clarion","County","16","42031","False","True","17","",""
"PA","Clearfield","County","17","42033","False","True","18","",""
"PA","Clinton","County","18","42035","False","True","19","",""
"PA","Columbia","County","19","42037","False","True","20","",""
"PA","Crawford","County","20","42039","False","True","21","",""
"PA","Cumberland","County","21","42041","False","True","22","",""
"PA","Dauphin","County","22","42043","False","True","23","",""
"PA","Delaware","County","23","42045","False","True","24","",""
"PA","Elk","County","24","42047","False","True","25","",""
"PA","Erie","County","25","42049","False","True","26","",""
"PA","Fayette","County","26","42051","False","True","27","",""
"PA","Forest","County","27","42053","False","True","28","",""
"PA","Franklin","County","28","42055","False","True","29","",""
"PA","Fulton","County","29","42057","False","True","30","",""
"PA","Greene","County","30","42059","False","True","31","",""
"PA","Huntingdon","County","31","42061","False","True","32","",""
"PA","Indiana","County","32","42063","False","True","33","",""
"PA","Jefferson","County","33","42065","False","True","34","",""
"PA","Juniata","County","34","42067","False","True","35","",""
"PA","Lackawanna","County","35","42069","False","True","36","",""
"PA","Lancaster","County","36","42071","False","True","37","",""
"PA","Lawrence","County","37","42073","False","True","38","",""
"PA","Lebanon","County","38","42075","False","True","39","",""
"PA","Lehigh","County","39","42077","False","True","40","",""
"PA","Luzerne","County","40","42079","False","True","41","",""
"PA","Lycoming","County","41","42081","False","True","42","",""
"PA","McKean","County","42","42083","False","True","43","",""
"PA","Mercer","County","43","42085","False","True","44","",""
"PA","Mifflin","County","44","42087","False","True","45","",""
"PA","Monroe","County","45","42089","False","True","46","",""
"PA","Montgomery","County","46","42091","False","True","47","",""
"PA","Montour","County","47","42093","False","True","48","",""
"PA","Northampton","County","48","42095","False","True","49","",""
"PA","Northumberland","County","49","42097","False","True","50","",""
"PA","Perry","County","50","42099","False","True","51","",""
"PA","Philadelphia","County","51","42101","False","True","52","",""
"PA","Pike","County","52","42103","False","True","53","",""
"PA","Potter","County","53","42105","False","True","54","",""
"PA","Schuylkill","County","54","42107","False","True","55","",""
"PA","Snyder","County","55","42109","False","True","56","",""
"PA","Somerset","County","56","42111","False","True","57","",""
"PA","Sullivan","County","57","42113","False","True","58","",""
"PA","Susquehanna","County","58","42115","False","True","59","",""
"PA","Tioga","County","59","42117","False","True","60","",""
"PA","Union","County","60","42119","False","True","61","",""
"PA","Venango","County","61","42121","False","True","62","",""
"PA","Warren","County","62","42123","False","True","63","",""
"PA","Washington","County","63","42125","False","True","64","",""
"PA","Wayne","County","64","42127","False","True","65","",""
"PA","Westmoreland","County","65","42129","False","True","66","",""
"PA","Wyoming","County","66","42131","False","True","67","",""
"PA","York","County","67","42133","False","True","68","",""
"PA","Out-of-State","County","68","","False","True","69","Modern administrative code for non-resident/out-of-state; appears on PA county-code map PDF. NOT verified as printed on 1913-1937 nonresident metal tags (those used statewide serial numbers, e.g. 1935 NR license #8251).",""
"OH","Statewide","Statewide","","","True","True","1","Licenses not tied to a specific sub-unit",""
"OH","Adams","County","","39001","False","True","2","",""
"OH","Allen","County","","39003","False","True","3","",""
"OH","Ashland","County","","39005","False","True","4","",""
"OH","Ashtabula","County","","39007","False","True","5","",""
"OH","Athens","County","","39009","False","True","6","",""
"OH","Auglaize","County","","39011","False","True","7","",""
"OH","Belmont","County","","39013","False","True","8","",""
"OH","Brown","County","","39015","False","True","9","",""
"OH","Butler","County","","39017","False","True","10","",""
"OH","Carroll","County","","39019","False","True","11","",""
"OH","Champaign","County","","39021","False","True","12","",""
"OH","Clark","County","","39023","False","True","13","",""
"OH","Clermont","County","","39025","False","True","14","",""
"OH","Clinton","County","","39027","False","True","15","",""
"OH","Columbiana","County","","39029","False","True","16","",""
"OH","Coshocton","County","","39031","False","True","17","",""
"OH","Crawford","County","","39033","False","True","18","",""
"OH","Cuyahoga","County","","39035","False","True","19","",""
"OH","Darke","County","","39037","False","True","20","",""
"OH","Defiance","County","","39039","False","True","21","",""
"OH","Delaware","County","","39041","False","True","22","",""
"OH","Erie","County","","39043","False","True","23","",""
"OH","Fairfield","County","","39045","False","True","24","",""
"OH","Fayette","County","","39047","False","True","25","",""
"OH","Franklin","County","","39049","False","True","26","",""
"OH","Fulton","County","","39051","False","True","27","",""
"OH","Gallia","County","","39053","False","True","28","",""
"OH","Geauga","County","","39055","False","True","29","",""
"OH","Greene","County","","39057","False","True","30","",""
"OH","Guernsey","County","","39059","False","True","31","",""
"OH","Hamilton","County","","39061","False","True","32","",""
"OH","Hancock","County","","39063","False","True","33","",""
"OH","Hardin","County","","39065","False","True","34","",""
"OH","Harrison","County","","39067","False","True","35","",""
"OH","Henry","County","","39069","False","True","36","",""
"OH","Highland","County","","39071","False","True","37","",""
"OH","Hocking","County","","39073","False","True","38","",""
"OH","Holmes","County","","39075","False","True","39","",""
"OH","Huron","County","","39077","False","True","40","",""
"OH","Jackson","County","","39079","False","True","41","",""
"OH","Jefferson","County","","39081","False","True","42","",""
"OH","Knox","County","","39083","False","True","43","",""
"OH","Lake","County","","39085","False","True","44","",""
"OH","Lawrence","County","","39087","False","True","45","",""
"OH","Licking","County","","39089","False","True","46","",""
"OH","Logan","County","","39091","False","True","47","",""
"OH","Lorain","County","","39093","False","True","48","",""
"OH","Lucas","County","","39095","False","True","49","",""
"OH","Madison","County","","39097","False","True","50","",""
"OH","Mahoning","County","","39099","False","True","51","",""
"OH","Marion","County","","39101","False","True","52","",""
"OH","Medina","County","","39103","False","True","53","",""
"OH","Meigs","County","","39105","False","True","54","",""
"OH","Mercer","County","","39107","False","True","55","",""
"OH","Miami","County","","39109","False","True","56","",""
"OH","Monroe","County","","39111","False","True","57","",""
"OH","Montgomery","County","","39113","False","True","58","",""
"OH","Morgan","County","","39115","False","True","59","",""
"OH","Morrow","County","","39117","False","True","60","",""
"OH","Muskingum","County","","39119","False","True","61","",""
"OH","Noble","County","","39121","False","True","62","",""
"OH","Ottawa","County","","39123","False","True","63","",""
"OH","Paulding","County","","39125","False","True","64","",""
"OH","Perry","County","","39127","False","True","65","",""
"OH","Pickaway","County","","39129","False","True","66","",""
"OH","Pike","County","","39131","False","True","67","",""
"OH","Portage","County","","39133","False","True","68","",""
"OH","Preble","County","","39135","False","True","69","",""
"OH","Putnam","County","","39137","False","True","70","",""
"OH","Richland","County","","39139","False","True","71","",""
"OH","Ross","County","","39141","False","True","72","",""
"OH","Sandusky","County","","39143","False","True","73","",""
"OH","Scioto","County","","39145","False","True","74","",""
"OH","Seneca","County","","39147","False","True","75","",""
"OH","Shelby","County","","39149","False","True","76","",""
"OH","Stark","County","","39151","False","True","77","",""
"OH","Summit","County","","39153","False","True","78","",""
"OH","Trumbull","County","","39155","False","True","79","",""
"OH","Tuscarawas","County","","39157","False","True","80","",""
"OH","Union","County","","39159","False","True","81","",""
"OH","Van Wert","County","","39161","False","True","82","",""
"OH","Vinton","County","","39163","False","True","83","",""
"OH","Warren","County","","39165","False","True","84","",""
"OH","Washington","County","","39167","False","True","85","",""
"OH","Wayne","County","","39169","False","True","86","",""
"OH","Williams","County","","39171","False","True","87","",""
"OH","Wood","County","","39173","False","True","88","",""
"OH","Wyandot","County","","39175","False","True","89","",""
"GA","Statewide","Statewide","","","True","True","1","Licenses not tied to a specific sub-unit",""
"GA","Appling","County","","13001","False","True","2","",""
"GA","Atkinson","County","","13003","False","True","3","",""
"GA","Bacon","County","","13005","False","True","4","",""
"GA","Baker","County","","13007","False","True","5","",""
"GA","Baldwin","County","","13009","False","True","6","",""
"GA","Banks","County","","13011","False","True","7","",""
"GA","Barrow","County","","13013","False","True","8","",""
"GA","Bartow","County","","13015","False","True","9","",""
"GA","Ben Hill","County","","13017","False","True","10","",""
"GA","Berrien","County","","13019","False","True","11","",""
"GA","Bibb","County","","13021","False","True","12","",""
"GA","Bleckley","County","","13023","False","True","13","",""
"GA","Brantley","County","","13025","False","True","14","",""
"GA","Brooks","County","","13027","False","True","15","",""
"GA","Bryan","County","","13029","False","True","16","",""
"GA","Bulloch","County","","13031","False","True","17","",""
"GA","Burke","County","","13033","False","True","18","",""
"GA","Butts","County","","13035","False","True","19","",""
"GA","Calhoun","County","","13037","False","True","20","",""
"GA","Camden","County","","13039","False","True","21","",""
"GA","Candler","County","","13043","False","True","22","",""
"GA","Carroll","County","","13045","False","True","23","",""
"GA","Catoosa","County","","13047","False","True","24","",""
"GA","Charlton","County","","13049","False","True","25","",""
"GA","Chatham","County","","13051","False","True","26","",""
"GA","Chattahoochee","County","","13053","False","True","27","",""
"GA","Chattooga","County","","13055","False","True","28","",""
"GA","Cherokee","County","","13057","False","True","29","",""
"GA","Clarke","County","","13059","False","True","30","",""
"GA","Clay","County","","13061","False","True","31","",""
"GA","Clayton","County","","13063","False","True","32","",""
"GA","Clinch","County","","13065","False","True","33","",""
"GA","Cobb","County","","13067","False","True","34","",""
"GA","Coffee","County","","13069","False","True","35","",""
"GA","Colquitt","County","","13071","False","True","36","",""
"GA","Columbia","County","","13073","False","True","37","",""
"GA","Cook","County","","13075","False","True","38","",""
"GA","Coweta","County","","13077","False","True","39","",""
"GA","Crawford","County","","13079","False","True","40","",""
"GA","Crisp","County","","13081","False","True","41","",""
"GA","Dade","County","","13083","False","True","42","",""
"GA","Dawson","County","","13085","False","True","43","",""
"GA","Decatur","County","","13087","False","True","44","",""
"GA","DeKalb","County","","13089","False","True","45","",""
"GA","Dodge","County","","13091","False","True","46","",""
"GA","Dooly","County","","13093","False","True","47","",""
"GA","Dougherty","County","","13095","False","True","48","",""
"GA","Douglas","County","","13097","False","True","49","",""
"GA","Early","County","","13099","False","True","50","",""
"GA","Echols","County","","13101","False","True","51","",""
"GA","Effingham","County","","13103","False","True","52","",""
"GA","Elbert","County","","13105","False","True","53","",""
"GA","Emanuel","County","","13107","False","True","54","",""
"GA","Evans","County","","13109","False","True","55","",""
"GA","Fannin","County","","13111","False","True","56","",""
"GA","Fayette","County","","13113","False","True","57","",""
"GA","Floyd","County","","13115","False","True","58","",""
"GA","Forsyth","County","","13117","False","True","59","",""
"GA","Franklin","County","","13119","False","True","60","",""
"GA","Fulton","County","","13121","False","True","61","",""
"GA","Gilmer","County","","13123","False","True","62","",""
"GA","Glascock","County","","13125","False","True","63","",""
"GA","Glynn","County","","13127","False","True","64","",""
"GA","Gordon","County","","13129","False","True","65","",""
"GA","Grady","County","","13131","False","True","66","",""
"GA","Greene","County","","13133","False","True","67","",""
"GA","Gwinnett","County","","13135","False","True","68","",""
"GA","Habersham","County","","13137","False","True","69","",""
"GA","Hall","County","","13139","False","True","70","",""
"GA","Hancock","County","","13141","False","True","71","",""
"GA","Haralson","County","","13143","False","True","72","",""
"GA","Harris","County","","13145","False","True","73","",""
"GA","Hart","County","","13147","False","True","74","",""
"GA","Heard","County","","13149","False","True","75","",""
"GA","Henry","County","","13151","False","True","76","",""
"GA","Houston","County","","13153","False","True","77","",""
"GA","Irwin","County","","13155","False","True","78","",""
"GA","Jackson","County","","13157","False","True","79","",""
"GA","Jasper","County","","13159","False","True","80","",""
"GA","Jeff Davis","County","","13161","False","True","81","",""
"GA","Jefferson","County","","13163","False","True","82","",""
"GA","Jenkins","County","","13165","False","True","83","",""
"GA","Johnson","County","","13167","False","True","84","",""
"GA","Jones","County","","13169","False","True","85","",""
"GA","Lamar","County","","13171","False","True","86","",""
"GA","Lanier","County","","13173","False","True","87","",""
"GA","Laurens","County","","13175","False","True","88","",""
"GA","Lee","County","","13177","False","True","89","",""
"GA","Liberty","County","","13179","False","True","90","",""
"GA","Lincoln","County","","13181","False","True","91","",""
"GA","Long","County","","13183","False","True","92","",""
"GA","Lowndes","County","","13185","False","True","93","",""
"GA","Lumpkin","County","","13187","False","True","94","",""
"GA","McDuffie","County","","13189","False","True","95","",""
"GA","McIntosh","County","","13191","False","True","96","",""
"GA","Macon","County","","13193","False","True","97","",""
"GA","Madison","County","","13195","False","True","98","",""
"GA","Marion","County","","13197","False","True","99","",""
"GA","Meriwether","County","","13199","False","True","100","",""
"GA","Miller","County","","13201","False","True","101","",""
"GA","Mitchell","County","","13205","False","True","102","",""
"GA","Monroe","County","","13207","False","True","103","",""
"GA","Montgomery","County","","13209","False","True","104","",""
"GA","Morgan","County","","13211","False","True","105","",""
"GA","Murray","County","","13213","False","True","106","",""
"GA","Muscogee","County","","13215","False","True","107","",""
"GA","Newton","County","","13217","False","True","108","",""
"GA","Oconee","County","","13219","False","True","109","",""
"GA","Oglethorpe","County","","13221","False","True","110","",""
"GA","Paulding","County","","13223","False","True","111","",""
"GA","Peach","County","","13225","False","True","112","",""
"GA","Pickens","County","","13227","False","True","113","",""
"GA","Pierce","County","","13229","False","True","114","",""
"GA","Pike","County","","13231","False","True","115","",""
"GA","Polk","County","","13233","False","True","116","",""
"GA","Pulaski","County","","13235","False","True","117","",""
"GA","Putnam","County","","13237","False","True","118","",""
"GA","Quitman","County","","13239","False","True","119","",""
"GA","Rabun","County","","13241","False","True","120","",""
"GA","Randolph","County","","13243","False","True","121","",""
"GA","Richmond","County","","13245","False","True","122","",""
"GA","Rockdale","County","","13247","False","True","123","",""
"GA","Schley","County","","13249","False","True","124","",""
"GA","Screven","County","","13251","False","True","125","",""
"GA","Seminole","County","","13253","False","True","126","",""
"GA","Spalding","County","","13255","False","True","127","",""
"GA","Stephens","County","","13257","False","True","128","",""
"GA","Stewart","County","","13259","False","True","129","",""
"GA","Sumter","County","","13261","False","True","130","",""
"GA","Talbot","County","","13263","False","True","131","",""
"GA","Taliaferro","County","","13265","False","True","132","",""
"GA","Tattnall","County","","13267","False","True","133","",""
"GA","Taylor","County","","13269","False","True","134","",""
"GA","Telfair","County","","13271","False","True","135","",""
"GA","Terrell","County","","13273","False","True","136","",""
"GA","Thomas","County","","13275","False","True","137","",""
"GA","Tift","County","","13277","False","True","138","",""
"GA","Toombs","County","","13279","False","True","139","",""
"GA","Towns","County","","13281","False","True","140","",""
"GA","Treutlen","County","","13283","False","True","141","",""
"GA","Troup","County","","13285","False","True","142","",""
"GA","Turner","County","","13287","False","True","143","",""
"GA","Twiggs","County","","13289","False","True","144","",""
"GA","Union","County","","13291","False","True","145","",""
"GA","Upson","County","","13293","False","True","146","",""
"GA","Walker","County","","13295","False","True","147","",""
"GA","Walton","County","","13297","False","True","148","",""
"GA","Ware","County","","13299","False","True","149","",""
"GA","Warren","County","","13301","False","True","150","",""
"GA","Washington","County","","13303","False","True","151","",""
"GA","Wayne","County","","13305","False","True","152","",""
"GA","Webster","County","","13307","False","True","153","",""
"GA","Wheeler","County","","13309","False","True","154","",""
"GA","White","County","","13311","False","True","155","",""
"GA","Whitfield","County","","13313","False","True","156","",""
"GA","Wilcox","County","","13315","False","True","157","",""
"GA","Wilkes","County","","13317","False","True","158","",""
"GA","Wilkinson","County","","13319","False","True","159","",""
"GA","Worth","County","","13321","False","True","160","",""
"IL","Statewide","Statewide","","","True","True","1","Licenses not tied to a specific sub-unit",""
"IL","Adams","County","","17001","False","True","2","",""
"IL","Alexander","County","","17003","False","True","3","",""
"IL","Bond","County","","17005","False","True","4","",""
"IL","Boone","County","","17007","False","True","5","",""
"IL","Brown","County","","17009","False","True","6","",""
"IL","Bureau","County","","17011","False","True","7","",""
"IL","Calhoun","County","","17013","False","True","8","",""
"IL","Carroll","County","","17015","False","True","9","",""
"IL","Cass","County","","17017","False","True","10","",""
"IL","Champaign","County","","17019","False","True","11","",""
"IL","Christian","County","","17021","False","True","12","",""
"IL","Clark","County","","17023","False","True","13","",""
"IL","Clay","County","","17025","False","True","14","",""
"IL","Clinton","County","","17027","False","True","15","",""
"IL","Coles","County","","17029","False","True","16","",""
"IL","Cook","County","","17031","False","True","17","",""
"IL","Crawford","County","","17033","False","True","18","",""
"IL","Cumberland","County","","17035","False","True","19","",""
"IL","DeKalb","County","","17037","False","True","20","",""
"IL","De Witt","County","","17039","False","True","21","",""
"IL","Douglas","County","","17041","False","True","22","",""
"IL","DuPage","County","","17043","False","True","23","",""
"IL","Edgar","County","","17045","False","True","24","",""
"IL","Edwards","County","","17047","False","True","25","",""
"IL","Effingham","County","","17049","False","True","26","",""
"IL","Fayette","County","","17051","False","True","27","",""
"IL","Ford","County","","17053","False","True","28","",""
"IL","Franklin","County","","17055","False","True","29","",""
"IL","Fulton","County","","17057","False","True","30","",""
"IL","Gallatin","County","","17059","False","True","31","",""
"IL","Greene","County","","17061","False","True","32","",""
"IL","Grundy","County","","17063","False","True","33","",""
"IL","Hamilton","County","","17065","False","True","34","",""
"IL","Hancock","County","","17067","False","True","35","",""
"IL","Hardin","County","","17069","False","True","36","",""
"IL","Henderson","County","","17071","False","True","37","",""
"IL","Henry","County","","17073","False","True","38","",""
"IL","Iroquois","County","","17075","False","True","39","",""
"IL","Jackson","County","","17077","False","True","40","",""
"IL","Jasper","County","","17079","False","True","41","",""
"IL","Jefferson","County","","17081","False","True","42","",""
"IL","Jersey","County","","17083","False","True","43","",""
"IL","Jo Daviess","County","","17085","False","True","44","",""
"IL","Johnson","County","","17087","False","True","45","",""
"IL","Kane","County","","17089","False","True","46","",""
"IL","Kankakee","County","","17091","False","True","47","",""
"IL","Kendall","County","","17093","False","True","48","",""
"IL","Knox","County","","17095","False","True","49","",""
"IL","Lake","County","","17097","False","True","50","",""
"IL","LaSalle","County","","17099","False","True","51","",""
"IL","Lawrence","County","","17101","False","True","52","",""
"IL","Lee","County","","17103","False","True","53","",""
"IL","Livingston","County","","17105","False","True","54","",""
"IL","Logan","County","","17107","False","True","55","",""
"IL","McDonough","County","","17109","False","True","56","",""
"IL","McHenry","County","","17111","False","True","57","",""
"IL","McLean","County","","17113","False","True","58","",""
"IL","Macon","County","","17115","False","True","59","",""
"IL","Macoupin","County","","17117","False","True","60","",""
"IL","Madison","County","","17119","False","True","61","",""
"IL","Marion","County","","17121","False","True","62","",""
"IL","Marshall","County","","17123","False","True","63","",""
"IL","Mason","County","","17125","False","True","64","",""
"IL","Massac","County","","17127","False","True","65","",""
"IL","Menard","County","","17129","False","True","66","",""
"IL","Mercer","County","","17131","False","True","67","",""
"IL","Monroe","County","","17133","False","True","68","",""
"IL","Montgomery","County","","17135","False","True","69","",""
"IL","Morgan","County","","17137","False","True","70","",""
"IL","Moultrie","County","","17139","False","True","71","",""
"IL","Ogle","County","","17141","False","True","72","",""
"IL","Peoria","County","","17143","False","True","73","",""
"IL","Perry","County","","17145","False","True","74","",""
"IL","Piatt","County","","17147","False","True","75","",""
"IL","Pike","County","","17149","False","True","76","",""
"IL","Pope","County","","17151","False","True","77","",""
"IL","Pulaski","County","","17153","False","True","78","",""
"IL","Putnam","County","","17155","False","True","79","",""
"IL","Randolph","County","","17157","False","True","80","",""
"IL","Richland","County","","17159","False","True","81","",""
"IL","Rock Island","County","","17161","False","True","82","",""
"IL","St. Clair","County","","17163","False","True","83","",""
"IL","Saline","County","","17165","False","True","84","",""
"IL","Sangamon","County","","17167","False","True","85","",""
"IL","Schuyler","County","","17169","False","True","86","",""
"IL","Scott","County","","17171","False","True","87","",""
"IL","Shelby","County","","17173","False","True","88","",""
"IL","Stark","County","","17175","False","True","89","",""
"IL","Stephenson","County","","17177","False","True","90","",""
"IL","Tazewell","County","","17179","False","True","91","",""
"IL","Union","County","","17181","False","True","92","",""
"IL","Vermilion","County","","17183","False","True","93","",""
"IL","Wabash","County","","17185","False","True","94","",""
"IL","Warren","County","","17187","False","True","95","",""
"IL","Washington","County","","17189","False","True","96","",""
"IL","Wayne","County","","17191","False","True","97","",""
"IL","White","County","","17193","False","True","98","",""
"IL","Whiteside","County","","17195","False","True","99","",""
"IL","Will","County","","17197","False","True","100","",""
"IL","Williamson","County","","17199","False","True","101","",""
"IL","Winnebago","County","","17201","False","True","102","",""
"IL","Woodford","County","","17203","False","True","103","",""
"IN","Statewide","Statewide","","","True","True","1","Licenses not tied to a specific sub-unit",""
"IN","Adams","County","","18001","False","True","2","",""
"IN","Allen","County","","18003","False","True","3","",""
"IN","Bartholomew","County","","18005","False","True","4","",""
"IN","Benton","County","","18007","False","True","5","",""
"IN","Blackford","County","","18009","False","True","6","",""
"IN","Boone","County","","18011","False","True","7","",""
"IN","Brown","County","","18013","False","True","8","",""
"IN","Carroll","County","","18015","False","True","9","",""
"IN","Cass","County","","18017","False","True","10","",""
"IN","Clark","County","","18019","False","True","11","",""
"IN","Clay","County","","18021","False","True","12","",""
"IN","Clinton","County","","18023","False","True","13","",""
"IN","Crawford","County","","18025","False","True","14","",""
"IN","Daviess","County","","18027","False","True","15","",""
"IN","Dearborn","County","","18029","False","True","16","",""
"IN","Decatur","County","","18031","False","True","17","",""
"IN","DeKalb","County","","18033","False","True","18","",""
"IN","Delaware","County","","18035","False","True","19","",""
"IN","Dubois","County","","18037","False","True","20","",""
"IN","Elkhart","County","","18039","False","True","21","",""
"IN","Fayette","County","","18041","False","True","22","",""
"IN","Floyd","County","","18043","False","True","23","",""
"IN","Fountain","County","","18045","False","True","24","",""
"IN","Franklin","County","","18047","False","True","25","",""
"IN","Fulton","County","","18049","False","True","26","",""
"IN","Gibson","County","","18051","False","True","27","",""
"IN","Grant","County","","18053","False","True","28","",""
"IN","Greene","County","","18055","False","True","29","",""
"IN","Hamilton","County","","18057","False","True","30","",""
"IN","Hancock","County","","18059","False","True","31","",""
"IN","Harrison","County","","18061","False","True","32","",""
"IN","Hendricks","County","","18063","False","True","33","",""
"IN","Henry","County","","18065","False","True","34","",""
"IN","Howard","County","","18067","False","True","35","",""
"IN","Huntington","County","","18069","False","True","36","",""
"IN","Jackson","County","","18071","False","True","37","",""
"IN","Jasper","County","","18073","False","True","38","",""
"IN","Jay","County","","18075","False","True","39","",""
"IN","Jefferson","County","","18077","False","True","40","",""
"IN","Jennings","County","","18079","False","True","41","",""
"IN","Johnson","County","","18081","False","True","42","",""
"IN","Knox","County","","18083","False","True","43","",""
"IN","Kosciusko","County","","18085","False","True","44","",""
"IN","LaGrange","County","","18087","False","True","45","",""
"IN","Lake","County","","18089","False","True","46","",""
"IN","LaPorte","County","","18091","False","True","47","",""
"IN","Lawrence","County","","18093","False","True","48","",""
"IN","Madison","County","","18095","False","True","49","",""
"IN","Marion","County","","18097","False","True","50","",""
"IN","Marshall","County","","18099","False","True","51","",""
"IN","Martin","County","","18101","False","True","52","",""
"IN","Miami","County","","18103","False","True","53","",""
"IN","Monroe","County","","18105","False","True","54","",""
"IN","Montgomery","County","","18107","False","True","55","",""
"IN","Morgan","County","","18109","False","True","56","",""
"IN","Newton","County","","18111","False","True","57","",""
"IN","Noble","County","","18113","False","True","58","",""
"IN","Ohio","County","","18115","False","True","59","",""
"IN","Orange","County","","18117","False","True","60","",""
"IN","Owen","County","","18119","False","True","61","",""
"IN","Parke","County","","18121","False","True","62","",""
"IN","Perry","County","","18123","False","True","63","",""
"IN","Pike","County","","18125","False","True","64","",""
"IN","Porter","County","","18127","False","True","65","",""
"IN","Posey","County","","18129","False","True","66","",""
"IN","Pulaski","County","","18131","False","True","67","",""
"IN","Putnam","County","","18133","False","True","68","",""
"IN","Randolph","County","","18135","False","True","69","",""
"IN","Ripley","County","","18137","False","True","70","",""
"IN","Rush","County","","18139","False","True","71","",""
"IN","St. Joseph","County","","18141","False","True","72","",""
"IN","Scott","County","","18143","False","True","73","",""
"IN","Shelby","County","","18145","False","True","74","",""
"IN","Spencer","County","","18147","False","True","75","",""
"IN","Starke","County","","18149","False","True","76","",""
"IN","Steuben","County","","18151","False","True","77","",""
"IN","Sullivan","County","","18153","False","True","78","",""
"IN","Switzerland","County","","18155","False","True","79","",""
"IN","Tippecanoe","County","","18157","False","True","80","",""
"IN","Tipton","County","","18159","False","True","81","",""
"IN","Union","County","","18161","False","True","82","",""
"IN","Vanderburgh","County","","18163","False","True","83","",""
"IN","Vermillion","County","","18165","False","True","84","",""
"IN","Vigo","County","","18167","False","True","85","",""
"IN","Wabash","County","","18169","False","True","86","",""
"IN","Warren","County","","18171","False","True","87","",""
"IN","Warrick","County","","18173","False","True","88","",""
"IN","Washington","County","","18175","False","True","89","",""
"IN","Wayne","County","","18177","False","True","90","",""
"IN","Wells","County","","18179","False","True","91","",""
"IN","White","County","","18181","False","True","92","",""
"IN","Whitley","County","","18183","False","True","93","",""
"IA","Statewide","Statewide","","","True","True","1","Licenses not tied to a specific sub-unit",""
"IA","Adair","County","","19001","False","True","2","",""
"IA","Adams","County","","19003","False","True","3","",""
"IA","Allamakee","County","","19005","False","True","4","",""
"IA","Appanoose","County","","19007","False","True","5","",""
"IA","Audubon","County","","19009","False","True","6","",""
"IA","Benton","County","","19011","False","True","7","",""
"IA","Black Hawk","County","","19013","False","True","8","",""
"IA","Boone","County","","19015","False","True","9","",""
"IA","Bremer","County","","19017","False","True","10","",""
"IA","Buchanan","County","","19019","False","True","11","",""
"IA","Buena Vista","County","","19021","False","True","12","",""
"IA","Butler","County","","19023","False","True","13","",""
"IA","Calhoun","County","","19025","False","True","14","",""
"IA","Carroll","County","","19027","False","True","15","",""
"IA","Cass","County","","19029","False","True","16","",""
"IA","Cedar","County","","19031","False","True","17","",""
"IA","Cerro Gordo","County","","19033","False","True","18","",""
"IA","Cherokee","County","","19035","False","True","19","",""
"IA","Chickasaw","County","","19037","False","True","20","",""
"IA","Clarke","County","","19039","False","True","21","",""
"IA","Clay","County","","19041","False","True","22","",""
"IA","Clayton","County","","19043","False","True","23","",""
"IA","Clinton","County","","19045","False","True","24","",""
"IA","Crawford","County","","19047","False","True","25","",""
"IA","Dallas","County","","19049","False","True","26","",""
"IA","Davis","County","","19051","False","True","27","",""
"IA","Decatur","County","","19053","False","True","28","",""
"IA","Delaware","County","","19055","False","True","29","",""
"IA","Des Moines","County","","19057","False","True","30","",""
"IA","Dickinson","County","","19059","False","True","31","",""
"IA","Dubuque","County","","19061","False","True","32","",""
"IA","Emmet","County","","19063","False","True","33","",""
"IA","Fayette","County","","19065","False","True","34","",""
"IA","Floyd","County","","19067","False","True","35","",""
"IA","Franklin","County","","19069","False","True","36","",""
"IA","Fremont","County","","19071","False","True","37","",""
"IA","Greene","County","","19073","False","True","38","",""
"IA","Grundy","County","","19075","False","True","39","",""
"IA","Guthrie","County","","19077","False","True","40","",""
"IA","Hamilton","County","","19079","False","True","41","",""
"IA","Hancock","County","","19081","False","True","42","",""
"IA","Hardin","County","","19083","False","True","43","",""
"IA","Harrison","County","","19085","False","True","44","",""
"IA","Henry","County","","19087","False","True","45","",""
"IA","Howard","County","","19089","False","True","46","",""
"IA","Humboldt","County","","19091","False","True","47","",""
"IA","Ida","County","","19093","False","True","48","",""
"IA","Iowa","County","","19095","False","True","49","",""
"IA","Jackson","County","","19097","False","True","50","",""
"IA","Jasper","County","","19099","False","True","51","",""
"IA","Jefferson","County","","19101","False","True","52","",""
"IA","Johnson","County","","19103","False","True","53","",""
"IA","Jones","County","","19105","False","True","54","",""
"IA","Keokuk","County","","19107","False","True","55","",""
"IA","Kossuth","County","","19109","False","True","56","",""
"IA","Lee","County","","19111","False","True","57","",""
"IA","Linn","County","","19113","False","True","58","",""
"IA","Louisa","County","","19115","False","True","59","",""
"IA","Lucas","County","","19117","False","True","60","",""
"IA","Lyon","County","","19119","False","True","61","",""
"IA","Madison","County","","19121","False","True","62","",""
"IA","Mahaska","County","","19123","False","True","63","",""
"IA","Marion","County","","19125","False","True","64","",""
"IA","Marshall","County","","19127","False","True","65","",""
"IA","Mills","County","","19129","False","True","66","",""
"IA","Mitchell","County","","19131","False","True","67","",""
"IA","Monona","County","","19133","False","True","68","",""
"IA","Monroe","County","","19135","False","True","69","",""
"IA","Montgomery","County","","19137","False","True","70","",""
"IA","Muscatine","County","","19139","False","True","71","",""
"IA","O'Brien","County","","19141","False","True","72","",""
"IA","Osceola","County","","19143","False","True","73","",""
"IA","Page","County","","19145","False","True","74","",""
"IA","Palo Alto","County","","19147","False","True","75","",""
"IA","Plymouth","County","","19149","False","True","76","",""
"IA","Pocahontas","County","","19151","False","True","77","",""
"IA","Polk","County","","19153","False","True","78","",""
"IA","Pottawattamie","County","","19155","False","True","79","",""
"IA","Poweshiek","County","","19157","False","True","80","",""
"IA","Ringgold","County","","19159","False","True","81","",""
"IA","Sac","County","","19161","False","True","82","",""
"IA","Scott","County","","19163","False","True","83","",""
"IA","Shelby","County","","19165","False","True","84","",""
"IA","Sioux","County","","19167","False","True","85","",""
"IA","Story","County","","19169","False","True","86","",""
"IA","Tama","County","","19171","False","True","87","",""
"IA","Taylor","County","","19173","False","True","88","",""
"IA","Union","County","","19175","False","True","89","",""
"IA","Van Buren","County","","19177","False","True","90","",""
"IA","Wapello","County","","19179","False","True","91","",""
"IA","Warren","County","","19181","False","True","92","",""
"IA","Washington","County","","19183","False","True","93","",""
"IA","Wayne","County","","19185","False","True","94","",""
"IA","Webster","County","","19187","False","True","95","",""
"IA","Winnebago","County","","19189","False","True","96","",""
"IA","Winneshiek","County","","19191","False","True","97","",""
"IA","Woodbury","County","","19193","False","True","98","",""
"IA","Worth","County","","19195","False","True","99","",""
"IA","Wright","County","","19197","False","True","100","",""
"KS","Statewide","Statewide","","","True","True","0","Licenses not tied to a specific sub-unit",""
"KS","DMU 1","Deer Management Unit","1","","False","True","106","",""
"KS","DMU 2","Deer Management Unit","2","","False","True","107","",""
"KS","DMU 3","Deer Management Unit","3","","False","True","108","",""
"KS","DMU 4","Deer Management Unit","4","","False","True","109","",""
"KS","DMU 5","Deer Management Unit","5","","False","True","110","",""
"KS","DMU 6","Deer Management Unit","6","","False","True","111","",""
"KS","DMU 7","Deer Management Unit","7","","False","True","112","",""
"KS","DMU 8","Deer Management Unit","8","","False","True","113","",""
"KS","DMU 8A","Deer Management Unit","","","False","True","114","Fort Riley military installation",""
"KS","DMU 9","Deer Management Unit","9","","False","True","115","",""
"KS","DMU 10","Deer Management Unit","10","","False","True","116","",""
"KS","DMU 10A","Deer Management Unit","","","False","True","117","Fort Leavenworth military installation",""
"KS","DMU 11","Deer Management Unit","11","","False","True","118","",""
"KS","DMU 12","Deer Management Unit","12","","False","True","119","",""
"KS","DMU 13","Deer Management Unit","13","","False","True","120","",""
"KS","DMU 14","Deer Management Unit","14","","False","True","121","",""
"KS","DMU 15","Deer Management Unit","15","","False","True","122","",""
"KS","DMU 16","Deer Management Unit","16","","False","True","123","",""
"KS","DMU 17","Deer Management Unit","17","","False","True","124","",""
"KS","DMU 18","Deer Management Unit","18","","False","True","125","",""
"KS","DMU 19","Deer Management Unit","19","","False","True","126","",""
"KY","Statewide","Statewide","","","True","True","1","Licenses not tied to a specific sub-unit",""
"KY","Adair","County","","21001","False","True","2","",""
"KY","Allen","County","","21003","False","True","3","",""
"KY","Anderson","County","","21005","False","True","4","",""
"KY","Ballard","County","","21007","False","True","5","",""
"KY","Barren","County","","21009","False","True","6","",""
"KY","Bath","County","","21011","False","True","7","",""
"KY","Bell","County","","21013","False","True","8","",""
"KY","Boone","County","","21015","False","True","9","",""
"KY","Bourbon","County","","21017","False","True","10","",""
"KY","Boyd","County","","21019","False","True","11","",""
"KY","Boyle","County","","21021","False","True","12","",""
"KY","Bracken","County","","21023","False","True","13","",""
"KY","Breathitt","County","","21025","False","True","14","",""
"KY","Breckinridge","County","","21027","False","True","15","",""
"KY","Bullitt","County","","21029","False","True","16","",""
"KY","Butler","County","","21031","False","True","17","",""
"KY","Caldwell","County","","21033","False","True","18","",""
"KY","Calloway","County","","21035","False","True","19","",""
"KY","Campbell","County","","21037","False","True","20","",""
"KY","Carlisle","County","","21039","False","True","21","",""
"KY","Carroll","County","","21041","False","True","22","",""
"KY","Carter","County","","21043","False","True","23","",""
"KY","Casey","County","","21045","False","True","24","",""
"KY","Christian","County","","21047","False","True","25","",""
"KY","Clark","County","","21049","False","True","26","",""
"KY","Clay","County","","21051","False","True","27","",""
"KY","Clinton","County","","21053","False","True","28","",""
"KY","Crittenden","County","","21055","False","True","29","",""
"KY","Cumberland","County","","21057","False","True","30","",""
"KY","Daviess","County","","21059","False","True","31","",""
"KY","Edmonson","County","","21061","False","True","32","",""
"KY","Elliott","County","","21063","False","True","33","",""
"KY","Estill","County","","21065","False","True","34","",""
"KY","Fayette","County","","21067","False","True","35","",""
"KY","Fleming","County","","21069","False","True","36","",""
"KY","Floyd","County","","21071","False","True","37","",""
"KY","Franklin","County","","21073","False","True","38","",""
"KY","Fulton","County","","21075","False","True","39","",""
"KY","Gallatin","County","","21077","False","True","40","",""
"KY","Garrard","County","","21079","False","True","41","",""
"KY","Grant","County","","21081","False","True","42","",""
"KY","Graves","County","","21083","False","True","43","",""
"KY","Grayson","County","","21085","False","True","44","",""
"KY","Green","County","","21087","False","True","45","",""
"KY","Greenup","County","","21089","False","True","46","",""
"KY","Hancock","County","","21091","False","True","47","",""
"KY","Hardin","County","","21093","False","True","48","",""
"KY","Harlan","County","","21095","False","True","49","",""
"KY","Harrison","County","","21097","False","True","50","",""
"KY","Hart","County","","21099","False","True","51","",""
"KY","Henderson","County","","21101","False","True","52","",""
"KY","Henry","County","","21103","False","True","53","",""
"KY","Hickman","County","","21105","False","True","54","",""
"KY","Hopkins","County","","21107","False","True","55","",""
"KY","Jackson","County","","21109","False","True","56","",""
"KY","Jefferson","County","","21111","False","True","57","",""
"KY","Jessamine","County","","21113","False","True","58","",""
"KY","Johnson","County","","21115","False","True","59","",""
"KY","Kenton","County","","21117","False","True","60","",""
"KY","Knott","County","","21119","False","True","61","",""
"KY","Knox","County","","21121","False","True","62","",""
"KY","LaRue","County","","21123","False","True","63","",""
"KY","Laurel","County","","21125","False","True","64","",""
"KY","Lawrence","County","","21127","False","True","65","",""
"KY","Lee","County","","21129","False","True","66","",""
"KY","Leslie","County","","21131","False","True","67","",""
"KY","Letcher","County","","21133","False","True","68","",""
"KY","Lewis","County","","21135","False","True","69","",""
"KY","Lincoln","County","","21137","False","True","70","",""
"KY","Livingston","County","","21139","False","True","71","",""
"KY","Logan","County","","21141","False","True","72","",""
"KY","Lyon","County","","21143","False","True","73","",""
"KY","McCracken","County","","21145","False","True","74","",""
"KY","McCreary","County","","21147","False","True","75","",""
"KY","McLean","County","","21149","False","True","76","",""
"KY","Madison","County","","21151","False","True","77","",""
"KY","Magoffin","County","","21153","False","True","78","",""
"KY","Marion","County","","21155","False","True","79","",""
"KY","Marshall","County","","21157","False","True","80","",""
"KY","Martin","County","","21159","False","True","81","",""
"KY","Mason","County","","21161","False","True","82","",""
"KY","Meade","County","","21163","False","True","83","",""
"KY","Menifee","County","","21165","False","True","84","",""
"KY","Mercer","County","","21167","False","True","85","",""
"KY","Metcalfe","County","","21169","False","True","86","",""
"KY","Monroe","County","","21171","False","True","87","",""
"KY","Montgomery","County","","21173","False","True","88","",""
"KY","Morgan","County","","21175","False","True","89","",""
"KY","Muhlenberg","County","","21177","False","True","90","",""
"KY","Nelson","County","","21179","False","True","91","",""
"KY","Nicholas","County","","21181","False","True","92","",""
"KY","Ohio","County","","21183","False","True","93","",""
"KY","Oldham","County","","21185","False","True","94","",""
"KY","Owen","County","","21187","False","True","95","",""
"KY","Owsley","County","","21189","False","True","96","",""
"KY","Pendleton","County","","21191","False","True","97","",""
"KY","Perry","County","","21193","False","True","98","",""
"KY","Pike","County","","21195","False","True","99","",""
"KY","Powell","County","","21197","False","True","100","",""
"KY","Pulaski","County","","21199","False","True","101","",""
"KY","Robertson","County","","21201","False","True","102","",""
"KY","Rockcastle","County","","21203","False","True","103","",""
"KY","Rowan","County","","21205","False","True","104","",""
"KY","Russell","County","","21207","False","True","105","",""
"KY","Scott","County","","21209","False","True","106","",""
"KY","Shelby","County","","21211","False","True","107","",""
"KY","Simpson","County","","21213","False","True","108","",""
"KY","Spencer","County","","21215","False","True","109","",""
"KY","Taylor","County","","21217","False","True","110","",""
"KY","Todd","County","","21219","False","True","111","",""
"KY","Trigg","County","","21221","False","True","112","",""
"KY","Trimble","County","","21223","False","True","113","",""
"KY","Union","County","","21225","False","True","114","",""
"KY","Warren","County","","21227","False","True","115","",""
"KY","Washington","County","","21229","False","True","116","",""
"KY","Wayne","County","","21231","False","True","117","",""
"KY","Webster","County","","21233","False","True","118","",""
"KY","Whitley","County","","21235","False","True","119","",""
"KY","Wolfe","County","","21237","False","True","120","",""
"KY","Woodford","County","","21239","False","True","121","",""
"ME","Statewide","Statewide","","","True","True","0","Licenses not tied to a specific sub-unit",""
"ME","WMD 1","Wildlife Management District","1","","False","True","17","WMDs established ~2000; reduced from 30 to 29 in 2006",""
"ME","WMD 2","Wildlife Management District","2","","False","True","18","WMDs established ~2000; reduced from 30 to 29 in 2006",""
"ME","WMD 3","Wildlife Management District","3","","False","True","19","WMDs established ~2000; reduced from 30 to 29 in 2006",""
"ME","WMD 4","Wildlife Management District","4","","False","True","20","WMDs established ~2000; reduced from 30 to 29 in 2006",""
"ME","WMD 5","Wildlife Management District","5","","False","True","21","WMDs established ~2000; reduced from 30 to 29 in 2006",""
"ME","WMD 6","Wildlife Management District","6","","False","True","22","WMDs established ~2000; reduced from 30 to 29 in 2006",""
"ME","WMD 7","Wildlife Management District","7","","False","True","23","WMDs established ~2000; reduced from 30 to 29 in 2006",""
"ME","WMD 8","Wildlife Management District","8","","False","True","24","WMDs established ~2000; reduced from 30 to 29 in 2006",""
"ME","WMD 9","Wildlife Management District","9","","False","True","25","WMDs established ~2000; reduced from 30 to 29 in 2006",""
"ME","WMD 10","Wildlife Management District","10","","False","True","26","WMDs established ~2000; reduced from 30 to 29 in 2006",""
"ME","WMD 11","Wildlife Management District","11","","False","True","27","WMDs established ~2000; reduced from 30 to 29 in 2006",""
"ME","WMD 12","Wildlife Management District","12","","False","True","28","WMDs established ~2000; reduced from 30 to 29 in 2006",""
"ME","WMD 13","Wildlife Management District","13","","False","True","29","WMDs established ~2000; reduced from 30 to 29 in 2006",""
"ME","WMD 14","Wildlife Management District","14","","False","True","30","WMDs established ~2000; reduced from 30 to 29 in 2006",""
"ME","WMD 15","Wildlife Management District","15","","False","True","31","WMDs established ~2000; reduced from 30 to 29 in 2006",""
"ME","WMD 16","Wildlife Management District","16","","False","True","32","WMDs established ~2000; reduced from 30 to 29 in 2006",""
"ME","WMD 17","Wildlife Management District","17","","False","True","33","WMDs established ~2000; reduced from 30 to 29 in 2006",""
"ME","WMD 18","Wildlife Management District","18","","False","True","34","WMDs established ~2000; reduced from 30 to 29 in 2006",""
"ME","WMD 19","Wildlife Management District","19","","False","True","35","WMDs established ~2000; reduced from 30 to 29 in 2006",""
"ME","WMD 20","Wildlife Management District","20","","False","True","36","WMDs established ~2000; reduced from 30 to 29 in 2006",""
"ME","WMD 21","Wildlife Management District","21","","False","True","37","WMDs established ~2000; reduced from 30 to 29 in 2006",""
"ME","WMD 22","Wildlife Management District","22","","False","True","38","WMDs established ~2000; reduced from 30 to 29 in 2006",""
"ME","WMD 23","Wildlife Management District","23","","False","True","39","WMDs established ~2000; reduced from 30 to 29 in 2006",""
"ME","WMD 24","Wildlife Management District","24","","False","True","40","WMDs established ~2000; reduced from 30 to 29 in 2006",""
"ME","WMD 25","Wildlife Management District","25","","False","True","41","WMDs established ~2000; reduced from 30 to 29 in 2006",""
"ME","WMD 26","Wildlife Management District","26","","False","True","42","WMDs established ~2000; reduced from 30 to 29 in 2006",""
"ME","WMD 27","Wildlife Management District","27","","False","True","43","WMDs established ~2000; reduced from 30 to 29 in 2006",""
"ME","WMD 28","Wildlife Management District","28","","False","True","44","WMDs established ~2000; reduced from 30 to 29 in 2006",""
"ME","WMD 29","Wildlife Management District","29","","False","True","45","WMDs established ~2000; reduced from 30 to 29 in 2006",""
"MD","Statewide","Statewide","","","True","True","1","Licenses not tied to a specific sub-unit",""
"MD","Allegany","County","","24001","False","True","2","",""
"MD","Anne Arundel","County","","24003","False","True","3","",""
"MD","Baltimore County","County","","24005","False","True","4","",""
"MD","Calvert","County","","24009","False","True","5","",""
"MD","Caroline","County","","24011","False","True","6","",""
"MD","Carroll","County","","24013","False","True","7","",""
"MD","Cecil","County","","24015","False","True","8","",""
"MD","Charles","County","","24017","False","True","9","",""
"MD","Dorchester","County","","24019","False","True","10","",""
"MD","Frederick","County","","24021","False","True","11","",""
"MD","Garrett","County","","24023","False","True","12","",""
"MD","Harford","County","","24025","False","True","13","",""
"MD","Howard","County","","24027","False","True","14","",""
"MD","Kent","County","","24029","False","True","15","",""
"MD","Montgomery","County","","24031","False","True","16","",""
"MD","Prince George's","County","","24033","False","True","17","",""
"MD","Queen Anne's","County","","24035","False","True","18","",""
"MD","St. Mary's","County","","24037","False","True","19","",""
"MD","Somerset","County","","24039","False","True","20","",""
"MD","Talbot","County","","24041","False","True","21","",""
"MD","Washington","County","","24043","False","True","22","",""
"MD","Wicomico","County","","24045","False","True","23","",""
"MD","Worcester","County","","24047","False","True","24","",""
"MD","Baltimore City","Independent City","","24510","False","True","25","",""
"MI","Statewide","Statewide","","","True","True","0","Licenses not tied to a specific sub-unit",""
"MI","DMU 001","Deer Management Unit","1","","False","True","84","Non-contiguous numbering; many Lower Peninsula DMUs correspond to single counties",""
"MI","DMU 002","Deer Management Unit","2","","False","True","85","Non-contiguous numbering; many Lower Peninsula DMUs correspond to single counties",""
"MI","DMU 003","Deer Management Unit","3","","False","True","86","Non-contiguous numbering; many Lower Peninsula DMUs correspond to single counties",""
"MI","DMU 004","Deer Management Unit","4","","False","True","87","Non-contiguous numbering; many Lower Peninsula DMUs correspond to single counties",""
"MI","DMU 005","Deer Management Unit","5","","False","True","88","Non-contiguous numbering; many Lower Peninsula DMUs correspond to single counties",""
"MI","DMU 006","Deer Management Unit","6","","False","True","89","Non-contiguous numbering; many Lower Peninsula DMUs correspond to single counties",""
"MI","DMU 007","Deer Management Unit","7","","False","True","90","Non-contiguous numbering; many Lower Peninsula DMUs correspond to single counties",""
"MI","DMU 008","Deer Management Unit","8","","False","True","91","Non-contiguous numbering; many Lower Peninsula DMUs correspond to single counties",""
"MI","DMU 009","Deer Management Unit","9","","False","True","92","Non-contiguous numbering; many Lower Peninsula DMUs correspond to single counties",""
"MI","DMU 010","Deer Management Unit","10","","False","True","93","Non-contiguous numbering; many Lower Peninsula DMUs correspond to single counties",""
"MI","DMU 011","Deer Management Unit","11","","False","True","94","Non-contiguous numbering; many Lower Peninsula DMUs correspond to single counties",""
"MI","DMU 012","Deer Management Unit","12","","False","True","95","Non-contiguous numbering; many Lower Peninsula DMUs correspond to single counties",""
"MI","DMU 013","Deer Management Unit","13","","False","True","96","Non-contiguous numbering; many Lower Peninsula DMUs correspond to single counties",""
"MI","DMU 014","Deer Management Unit","14","","False","True","97","Non-contiguous numbering; many Lower Peninsula DMUs correspond to single counties",""
"MI","DMU 015","Deer Management Unit","15","","False","True","98","Non-contiguous numbering; many Lower Peninsula DMUs correspond to single counties",""
"MI","DMU 016","Deer Management Unit","16","","False","True","99","Non-contiguous numbering; many Lower Peninsula DMUs correspond to single counties",""
"MI","DMU 017","Deer Management Unit","17","","False","True","100","Non-contiguous numbering; many Lower Peninsula DMUs correspond to single counties",""
"MI","DMU 018","Deer Management Unit","18","","False","True","101","Non-contiguous numbering; many Lower Peninsula DMUs correspond to single counties",""
"MI","DMU 019","Deer Management Unit","19","","False","True","102","Non-contiguous numbering; many Lower Peninsula DMUs correspond to single counties",""
"MI","DMU 020","Deer Management Unit","20","","False","True","103","Non-contiguous numbering; many Lower Peninsula DMUs correspond to single counties",""
"MI","DMU 021","Deer Management Unit","21","","False","True","104","Non-contiguous numbering; many Lower Peninsula DMUs correspond to single counties",""
"MI","DMU 022","Deer Management Unit","22","","False","True","105","Non-contiguous numbering; many Lower Peninsula DMUs correspond to single counties",""
"MI","DMU 023","Deer Management Unit","23","","False","True","106","Non-contiguous numbering; many Lower Peninsula DMUs correspond to single counties",""
"MI","DMU 024","Deer Management Unit","24","","False","True","107","Non-contiguous numbering; many Lower Peninsula DMUs correspond to single counties",""
"MI","DMU 025","Deer Management Unit","25","","False","True","108","Non-contiguous numbering; many Lower Peninsula DMUs correspond to single counties",""
"MI","DMU 026","Deer Management Unit","26","","False","True","109","Non-contiguous numbering; many Lower Peninsula DMUs correspond to single counties",""
"MI","DMU 027","Deer Management Unit","27","","False","True","110","Non-contiguous numbering; many Lower Peninsula DMUs correspond to single counties",""
"MI","DMU 028","Deer Management Unit","28","","False","True","111","Non-contiguous numbering; many Lower Peninsula DMUs correspond to single counties",""
"MI","DMU 029","Deer Management Unit","29","","False","True","112","Non-contiguous numbering; many Lower Peninsula DMUs correspond to single counties",""
"MI","DMU 030","Deer Management Unit","30","","False","True","113","Non-contiguous numbering; many Lower Peninsula DMUs correspond to single counties",""
"MI","DMU 031","Deer Management Unit","31","","False","True","114","Non-contiguous numbering; many Lower Peninsula DMUs correspond to single counties",""
"MI","DMU 032","Deer Management Unit","32","","False","True","115","Non-contiguous numbering; many Lower Peninsula DMUs correspond to single counties",""
"MI","DMU 033","Deer Management Unit","33","","False","True","116","Non-contiguous numbering; many Lower Peninsula DMUs correspond to single counties",""
"MI","DMU 034","Deer Management Unit","34","","False","True","117","Non-contiguous numbering; many Lower Peninsula DMUs correspond to single counties",""
"MI","DMU 035","Deer Management Unit","35","","False","True","118","Non-contiguous numbering; many Lower Peninsula DMUs correspond to single counties",""
"MI","DMU 036","Deer Management Unit","36","","False","True","119","Non-contiguous numbering; many Lower Peninsula DMUs correspond to single counties",""
"MI","DMU 037","Deer Management Unit","37","","False","True","120","Non-contiguous numbering; many Lower Peninsula DMUs correspond to single counties",""
"MI","DMU 038","Deer Management Unit","38","","False","True","121","Non-contiguous numbering; many Lower Peninsula DMUs correspond to single counties",""
"MI","DMU 039","Deer Management Unit","39","","False","True","122","Non-contiguous numbering; many Lower Peninsula DMUs correspond to single counties",""
"MI","DMU 040","Deer Management Unit","40","","False","True","123","Non-contiguous numbering; many Lower Peninsula DMUs correspond to single counties",""
"MI","DMU 041","Deer Management Unit","41","","False","True","124","Non-contiguous numbering; many Lower Peninsula DMUs correspond to single counties",""
"MI","DMU 042","Deer Management Unit","42","","False","True","125","Non-contiguous numbering; many Lower Peninsula DMUs correspond to single counties",""
"MI","DMU 043","Deer Management Unit","43","","False","True","126","Non-contiguous numbering; many Lower Peninsula DMUs correspond to single counties",""
"MI","DMU 044","Deer Management Unit","44","","False","True","127","Non-contiguous numbering; many Lower Peninsula DMUs correspond to single counties",""
"MI","DMU 045","Deer Management Unit","45","","False","True","128","Non-contiguous numbering; many Lower Peninsula DMUs correspond to single counties",""
"MI","DMU 046","Deer Management Unit","46","","False","True","129","Non-contiguous numbering; many Lower Peninsula DMUs correspond to single counties",""
"MI","DMU 047","Deer Management Unit","47","","False","True","130","Non-contiguous numbering; many Lower Peninsula DMUs correspond to single counties",""
"MI","DMU 048","Deer Management Unit","48","","False","True","131","Non-contiguous numbering; many Lower Peninsula DMUs correspond to single counties",""
"MI","DMU 049","Deer Management Unit","49","","False","True","132","Non-contiguous numbering; many Lower Peninsula DMUs correspond to single counties",""
"MI","DMU 050","Deer Management Unit","50","","False","True","133","Non-contiguous numbering; many Lower Peninsula DMUs correspond to single counties",""
"MI","DMU 051","Deer Management Unit","51","","False","True","134","Non-contiguous numbering; many Lower Peninsula DMUs correspond to single counties",""
"MI","DMU 052","Deer Management Unit","52","","False","True","135","Non-contiguous numbering; many Lower Peninsula DMUs correspond to single counties",""
"MI","DMU 053","Deer Management Unit","53","","False","True","136","Non-contiguous numbering; many Lower Peninsula DMUs correspond to single counties",""
"MI","DMU 054","Deer Management Unit","54","","False","True","137","Non-contiguous numbering; many Lower Peninsula DMUs correspond to single counties",""
"MI","DMU 055","Deer Management Unit","55","","False","True","138","Non-contiguous numbering; many Lower Peninsula DMUs correspond to single counties",""
"MI","DMU 056","Deer Management Unit","56","","False","True","139","Non-contiguous numbering; many Lower Peninsula DMUs correspond to single counties",""
"MI","DMU 057","Deer Management Unit","57","","False","True","140","Non-contiguous numbering; many Lower Peninsula DMUs correspond to single counties",""
"MI","DMU 058","Deer Management Unit","58","","False","True","141","Non-contiguous numbering; many Lower Peninsula DMUs correspond to single counties",""
"MI","DMU 059","Deer Management Unit","59","","False","True","142","Non-contiguous numbering; many Lower Peninsula DMUs correspond to single counties",""
"MI","DMU 060","Deer Management Unit","60","","False","True","143","Non-contiguous numbering; many Lower Peninsula DMUs correspond to single counties",""
"MI","DMU 061","Deer Management Unit","61","","False","True","144","Non-contiguous numbering; many Lower Peninsula DMUs correspond to single counties",""
"MI","DMU 062","Deer Management Unit","62","","False","True","145","Non-contiguous numbering; many Lower Peninsula DMUs correspond to single counties",""
"MI","DMU 063","Deer Management Unit","63","","False","True","146","Non-contiguous numbering; many Lower Peninsula DMUs correspond to single counties",""
"MI","DMU 064","Deer Management Unit","64","","False","True","147","Non-contiguous numbering; many Lower Peninsula DMUs correspond to single counties",""
"MI","DMU 065","Deer Management Unit","65","","False","True","148","Non-contiguous numbering; many Lower Peninsula DMUs correspond to single counties",""
"MI","DMU 066","Deer Management Unit","66","","False","True","149","Non-contiguous numbering; many Lower Peninsula DMUs correspond to single counties",""
"MI","DMU 067","Deer Management Unit","67","","False","True","150","Non-contiguous numbering; many Lower Peninsula DMUs correspond to single counties",""
"MI","DMU 068","Deer Management Unit","68","","False","True","151","Non-contiguous numbering; many Lower Peninsula DMUs correspond to single counties",""
"MI","DMU 069","Deer Management Unit","69","","False","True","152","Non-contiguous numbering; many Lower Peninsula DMUs correspond to single counties",""
"MI","DMU 070","Deer Management Unit","70","","False","True","153","Non-contiguous numbering; many Lower Peninsula DMUs correspond to single counties",""
"MI","DMU 071","Deer Management Unit","71","","False","True","154","Non-contiguous numbering; many Lower Peninsula DMUs correspond to single counties",""
"MI","DMU 072","Deer Management Unit","72","","False","True","155","Non-contiguous numbering; many Lower Peninsula DMUs correspond to single counties",""
"MI","DMU 073","Deer Management Unit","73","","False","True","156","Non-contiguous numbering; many Lower Peninsula DMUs correspond to single counties",""
"MI","DMU 074","Deer Management Unit","74","","False","True","157","Non-contiguous numbering; many Lower Peninsula DMUs correspond to single counties",""
"MI","DMU 075","Deer Management Unit","75","","False","True","158","Non-contiguous numbering; many Lower Peninsula DMUs correspond to single counties",""
"MI","DMU 076","Deer Management Unit","76","","False","True","159","Non-contiguous numbering; many Lower Peninsula DMUs correspond to single counties",""
"MI","DMU 077","Deer Management Unit","77","","False","True","160","Non-contiguous numbering; many Lower Peninsula DMUs correspond to single counties",""
"MI","DMU 078","Deer Management Unit","78","","False","True","161","Non-contiguous numbering; many Lower Peninsula DMUs correspond to single counties",""
"MI","DMU 079","Deer Management Unit","79","","False","True","162","Non-contiguous numbering; many Lower Peninsula DMUs correspond to single counties",""
"MI","DMU 080","Deer Management Unit","80","","False","True","163","Non-contiguous numbering; many Lower Peninsula DMUs correspond to single counties",""
"MI","DMU 081","Deer Management Unit","81","","False","True","164","Non-contiguous numbering; many Lower Peninsula DMUs correspond to single counties",""
"MI","DMU 082","Deer Management Unit","82","","False","True","165","Non-contiguous numbering; many Lower Peninsula DMUs correspond to single counties",""
"MI","DMU 083","Deer Management Unit","83","","False","True","166","Non-contiguous numbering; many Lower Peninsula DMUs correspond to single counties",""
"MI","DMU 084","Deer Management Unit","84","","False","True","167","Non-contiguous numbering; many Lower Peninsula DMUs correspond to single counties",""
"MI","DMU 085","Deer Management Unit","85","","False","True","168","Non-contiguous numbering; many Lower Peninsula DMUs correspond to single counties",""
"MI","DMU 086","Deer Management Unit","86","","False","True","169","Non-contiguous numbering; many Lower Peninsula DMUs correspond to single counties",""
"MI","DMU 087","Deer Management Unit","87","","False","True","170","Non-contiguous numbering; many Lower Peninsula DMUs correspond to single counties",""
"MI","DMU 088","Deer Management Unit","88","","False","True","171","Non-contiguous numbering; many Lower Peninsula DMUs correspond to single counties",""
"MI","DMU 089","Deer Management Unit","89","","False","True","172","Non-contiguous numbering; many Lower Peninsula DMUs correspond to single counties",""
"MI","DMU 090","Deer Management Unit","90","","False","True","173","Non-contiguous numbering; many Lower Peninsula DMUs correspond to single counties",""
"MI","DMU 091","Deer Management Unit","91","","False","True","174","Non-contiguous numbering; many Lower Peninsula DMUs correspond to single counties",""
"MI","DMU 092","Deer Management Unit","92","","False","True","175","Non-contiguous numbering; many Lower Peninsula DMUs correspond to single counties",""
"MI","DMU 093","Deer Management Unit","93","","False","True","176","Non-contiguous numbering; many Lower Peninsula DMUs correspond to single counties",""
"MI","DMU 094","Deer Management Unit","94","","False","True","177","Non-contiguous numbering; many Lower Peninsula DMUs correspond to single counties",""
"MI","DMU 095","Deer Management Unit","95","","False","True","178","Non-contiguous numbering; many Lower Peninsula DMUs correspond to single counties",""
"MI","DMU 096","Deer Management Unit","96","","False","True","179","Non-contiguous numbering; many Lower Peninsula DMUs correspond to single counties",""
"MI","DMU 097","Deer Management Unit","97","","False","True","180","Non-contiguous numbering; many Lower Peninsula DMUs correspond to single counties",""
"MI","DMU 098","Deer Management Unit","98","","False","True","181","Non-contiguous numbering; many Lower Peninsula DMUs correspond to single counties",""
"MI","DMU 099","Deer Management Unit","99","","False","True","182","Non-contiguous numbering; many Lower Peninsula DMUs correspond to single counties",""
"MI","DMU 100","Deer Management Unit","100","","False","True","183","Non-contiguous numbering; many Lower Peninsula DMUs correspond to single counties",""
"MI","DMU 111","Deer Management Unit","111","","False","True","184","Non-contiguous numbering; many Lower Peninsula DMUs correspond to single counties",""
"MI","DMU 121","Deer Management Unit","121","","False","True","185","Non-contiguous numbering; many Lower Peninsula DMUs correspond to single counties",""
"MI","DMU 122","Deer Management Unit","122","","False","True","186","Non-contiguous numbering; many Lower Peninsula DMUs correspond to single counties",""
"MI","DMU 123","Deer Management Unit","123","","False","True","187","Non-contiguous numbering; many Lower Peninsula DMUs correspond to single counties",""
"MI","DMU 124","Deer Management Unit","124","","False","True","188","Non-contiguous numbering; many Lower Peninsula DMUs correspond to single counties",""
"MI","DMU 125","Deer Management Unit","125","","False","True","189","Non-contiguous numbering; many Lower Peninsula DMUs correspond to single counties",""
"MI","DMU 126","Deer Management Unit","126","","False","True","190","Non-contiguous numbering; many Lower Peninsula DMUs correspond to single counties",""
"MI","DMU 127","Deer Management Unit","127","","False","True","191","Non-contiguous numbering; many Lower Peninsula DMUs correspond to single counties",""
"MI","DMU 245","Deer Management Unit","245","","False","True","192","Non-contiguous numbering; many Lower Peninsula DMUs correspond to single counties",""
"MI","DMU 246","Deer Management Unit","246","","False","True","193","Non-contiguous numbering; many Lower Peninsula DMUs correspond to single counties",""
"MI","DMU 273","Deer Management Unit","273","","False","True","194","Non-contiguous numbering; many Lower Peninsula DMUs correspond to single counties",""
"MI","DMU 274","Deer Management Unit","274","","False","True","195","Non-contiguous numbering; many Lower Peninsula DMUs correspond to single counties",""
"MI","DMU 275","Deer Management Unit","275","","False","True","196","Non-contiguous numbering; many Lower Peninsula DMUs correspond to single counties",""
"MI","DMU 310","Deer Management Unit","310","","False","True","197","Non-contiguous numbering; many Lower Peninsula DMUs correspond to single counties",""
"MI","DMU 311","Deer Management Unit","311","","False","True","198","Non-contiguous numbering; many Lower Peninsula DMUs correspond to single counties",""
"MI","DMU 312","Deer Management Unit","312","","False","True","199","Non-contiguous numbering; many Lower Peninsula DMUs correspond to single counties",""
"MI","DMU 313","Deer Management Unit","313","","False","True","200","Non-contiguous numbering; many Lower Peninsula DMUs correspond to single counties",""
"MI","DMU 314","Deer Management Unit","314","","False","True","201","Non-contiguous numbering; many Lower Peninsula DMUs correspond to single counties",""
"MI","DMU 315","Deer Management Unit","315","","False","True","202","Non-contiguous numbering; many Lower Peninsula DMUs correspond to single counties",""
"MI","DMU 316","Deer Management Unit","316","","False","True","203","Non-contiguous numbering; many Lower Peninsula DMUs correspond to single counties",""
"MI","DMU 317","Deer Management Unit","317","","False","True","204","Non-contiguous numbering; many Lower Peninsula DMUs correspond to single counties",""
"MI","DMU 318","Deer Management Unit","318","","False","True","205","Non-contiguous numbering; many Lower Peninsula DMUs correspond to single counties",""
"MI","DMU 319","Deer Management Unit","319","","False","True","206","Non-contiguous numbering; many Lower Peninsula DMUs correspond to single counties",""
"MI","DMU 320","Deer Management Unit","320","","False","True","207","Non-contiguous numbering; many Lower Peninsula DMUs correspond to single counties",""
"MI","DMU 444","Deer Management Unit","444","","False","True","208","Non-contiguous numbering; many Lower Peninsula DMUs correspond to single counties",""
"MI","DMU 445","Deer Management Unit","445","","False","True","209","Non-contiguous numbering; many Lower Peninsula DMUs correspond to single counties",""
"MI","DMU 446","Deer Management Unit","446","","False","True","210","Non-contiguous numbering; many Lower Peninsula DMUs correspond to single counties",""
"MI","DMU 447","Deer Management Unit","447","","False","True","211","Non-contiguous numbering; many Lower Peninsula DMUs correspond to single counties",""
"MI","DMU 461","Deer Management Unit","461","","False","True","212","Non-contiguous numbering; many Lower Peninsula DMUs correspond to single counties",""
"MI","DMU 462","Deer Management Unit","462","","False","True","213","Non-contiguous numbering; many Lower Peninsula DMUs correspond to single counties",""
"MI","DMU 463","Deer Management Unit","463","","False","True","214","Non-contiguous numbering; many Lower Peninsula DMUs correspond to single counties",""
"MI","DMU 486","Deer Management Unit","486","","False","True","215","Non-contiguous numbering; many Lower Peninsula DMUs correspond to single counties",""
"MN","Statewide","Statewide","","","True","True","0","Licenses not tied to a specific sub-unit",""
"MN","DPA 101","Deer Permit Area","101","","False","True","88","Northern DPA",""
"MN","DPA 102","Deer Permit Area","102","","False","True","89","Northern DPA",""
"MN","DPA 103","Deer Permit Area","103","","False","True","90","Northern DPA",""
"MN","DPA 104","Deer Permit Area","104","","False","True","91","Northern DPA",""
"MN","DPA 105","Deer Permit Area","105","","False","True","92","Northern DPA",""
"MN","DPA 106","Deer Permit Area","106","","False","True","93","Northern DPA",""
"MN","DPA 107","Deer Permit Area","107","","False","True","94","Northern DPA",""
"MN","DPA 108","Deer Permit Area","108","","False","True","95","Northern DPA",""
"MN","DPA 109","Deer Permit Area","109","","False","True","96","Northern DPA",""
"MN","DPA 110","Deer Permit Area","110","","False","True","97","Northern DPA",""
"MN","DPA 111","Deer Permit Area","111","","False","True","98","Northern DPA",""
"MN","DPA 112","Deer Permit Area","112","","False","True","99","Northern DPA",""
"MN","DPA 113","Deer Permit Area","113","","False","True","100","Northern DPA",""
"MN","DPA 114","Deer Permit Area","114","","False","True","101","Northern DPA",""
"MN","DPA 115","Deer Permit Area","115","","False","True","102","Northern DPA",""
"MN","DPA 116","Deer Permit Area","116","","False","True","103","Northern DPA",""
"MN","DPA 117","Deer Permit Area","117","","False","True","104","Northern DPA",""
"MN","DPA 118","Deer Permit Area","118","","False","True","105","Northern DPA",""
"MN","DPA 119","Deer Permit Area","119","","False","True","106","Northern DPA",""
"MN","DPA 120","Deer Permit Area","120","","False","True","107","Northern DPA",""
"MN","DPA 121","Deer Permit Area","121","","False","True","108","Northern DPA",""
"MN","DPA 122","Deer Permit Area","122","","False","True","109","Northern DPA",""
"MN","DPA 123","Deer Permit Area","123","","False","True","110","Northern DPA",""
"MN","DPA 124","Deer Permit Area","124","","False","True","111","Northern DPA",""
"MN","DPA 125","Deer Permit Area","125","","False","True","112","Northern DPA",""
"MN","DPA 126","Deer Permit Area","126","","False","True","113","Northern DPA",""
"MN","DPA 127","Deer Permit Area","127","","False","True","114","Northern DPA",""
"MN","DPA 128","Deer Permit Area","128","","False","True","115","Northern DPA",""
"MN","DPA 129","Deer Permit Area","129","","False","True","116","Northern DPA",""
"MN","DPA 130","Deer Permit Area","130","","False","True","117","Northern DPA",""
"MN","DPA 131","Deer Permit Area","131","","False","True","118","Northern DPA",""
"MN","DPA 132","Deer Permit Area","132","","False","True","119","Northern DPA",""
"MN","DPA 133","Deer Permit Area","133","","False","True","120","Northern DPA",""
"MN","DPA 134","Deer Permit Area","134","","False","True","121","Northern DPA",""
"MN","DPA 135","Deer Permit Area","135","","False","True","122","Northern DPA",""
"MN","DPA 136","Deer Permit Area","136","","False","True","123","Northern DPA",""
"MN","DPA 137","Deer Permit Area","137","","False","True","124","Northern DPA",""
"MN","DPA 138","Deer Permit Area","138","","False","True","125","Northern DPA",""
"MN","DPA 139","Deer Permit Area","139","","False","True","126","Northern DPA",""
"MN","DPA 140","Deer Permit Area","140","","False","True","127","Northern DPA",""
"MN","DPA 141","Deer Permit Area","141","","False","True","128","Northern DPA",""
"MN","DPA 142","Deer Permit Area","142","","False","True","129","Northern DPA",""
"MN","DPA 143","Deer Permit Area","143","","False","True","130","Northern DPA",""
"MN","DPA 144","Deer Permit Area","144","","False","True","131","Northern DPA",""
"MN","DPA 145","Deer Permit Area","145","","False","True","132","Northern DPA",""
"MN","DPA 146","Deer Permit Area","146","","False","True","133","Northern DPA",""
"MN","DPA 147","Deer Permit Area","147","","False","True","134","Northern DPA",""
"MN","DPA 148","Deer Permit Area","148","","False","True","135","Northern DPA",""
"MN","DPA 149","Deer Permit Area","149","","False","True","136","Northern DPA",""
"MN","DPA 150","Deer Permit Area","150","","False","True","137","Northern DPA",""
"MN","DPA 151","Deer Permit Area","151","","False","True","138","Northern DPA",""
"MN","DPA 152","Deer Permit Area","152","","False","True","139","Northern DPA",""
"MN","DPA 153","Deer Permit Area","153","","False","True","140","Northern DPA",""
"MN","DPA 154","Deer Permit Area","154","","False","True","141","Northern DPA",""
"MN","DPA 155","Deer Permit Area","155","","False","True","142","Northern DPA",""
"MN","DPA 156","Deer Permit Area","156","","False","True","143","Northern DPA",""
"MN","DPA 157","Deer Permit Area","157","","False","True","144","Northern DPA",""
"MN","DPA 158","Deer Permit Area","158","","False","True","145","Northern DPA",""
"MN","DPA 159","Deer Permit Area","159","","False","True","146","Northern DPA",""
"MN","DPA 160","Deer Permit Area","160","","False","True","147","Northern DPA",""
"MN","DPA 161","Deer Permit Area","161","","False","True","148","Northern DPA",""
"MN","DPA 162","Deer Permit Area","162","","False","True","149","Northern DPA",""
"MN","DPA 163","Deer Permit Area","163","","False","True","150","Northern DPA",""
"MN","DPA 164","Deer Permit Area","164","","False","True","151","Northern DPA",""
"MN","DPA 165","Deer Permit Area","165","","False","True","152","Northern DPA",""
"MN","DPA 166","Deer Permit Area","166","","False","True","153","Northern DPA",""
"MN","DPA 167","Deer Permit Area","167","","False","True","154","Northern DPA",""
"MN","DPA 168","Deer Permit Area","168","","False","True","155","Northern DPA",""
"MN","DPA 169","Deer Permit Area","169","","False","True","156","Northern DPA",""
"MN","DPA 170","Deer Permit Area","170","","False","True","157","Northern DPA",""
"MN","DPA 171","Deer Permit Area","171","","False","True","158","Northern DPA",""
"MN","DPA 172","Deer Permit Area","172","","False","True","159","Northern DPA",""
"MN","DPA 173","Deer Permit Area","173","","False","True","160","Northern DPA",""
"MN","DPA 174","Deer Permit Area","174","","False","True","161","Northern DPA",""
"MN","DPA 175","Deer Permit Area","175","","False","True","162","Northern DPA",""
"MN","DPA 176","Deer Permit Area","176","","False","True","163","Northern DPA",""
"MN","DPA 177","Deer Permit Area","177","","False","True","164","Northern DPA",""
"MN","DPA 178","Deer Permit Area","178","","False","True","165","Northern DPA",""
"MN","DPA 179","Deer Permit Area","179","","False","True","166","Northern DPA",""
"MN","DPA 180","Deer Permit Area","180","","False","True","167","Northern DPA",""
"MN","DPA 181","Deer Permit Area","181","","False","True","168","Northern DPA",""
"MN","DPA 182","Deer Permit Area","182","","False","True","169","Northern DPA",""
"MN","DPA 183","Deer Permit Area","183","","False","True","170","Northern DPA",""
"MN","DPA 184","Deer Permit Area","184","","False","True","171","Northern DPA",""
"MN","DPA 185","Deer Permit Area","185","","False","True","172","Northern DPA",""
"MN","DPA 186","Deer Permit Area","186","","False","True","173","Northern DPA",""
"MN","DPA 187","Deer Permit Area","187","","False","True","174","Northern DPA",""
"MN","DPA 188","Deer Permit Area","188","","False","True","175","Northern DPA",""
"MN","DPA 189","Deer Permit Area","189","","False","True","176","Northern DPA",""
"MN","DPA 190","Deer Permit Area","190","","False","True","177","Northern DPA",""
"MN","DPA 191","Deer Permit Area","191","","False","True","178","Northern DPA",""
"MN","DPA 192","Deer Permit Area","192","","False","True","179","Northern DPA",""
"MN","DPA 193","Deer Permit Area","193","","False","True","180","Northern DPA",""
"MN","DPA 194","Deer Permit Area","194","","False","True","181","Northern DPA",""
"MN","DPA 195","Deer Permit Area","195","","False","True","182","Northern DPA",""
"MN","DPA 196","Deer Permit Area","196","","False","True","183","Northern DPA",""
"MN","DPA 197","Deer Permit Area","197","","False","True","184","Northern DPA",""
"MN","DPA 198","Deer Permit Area","198","","False","True","185","Northern DPA",""
"MN","DPA 199","Deer Permit Area","199","","False","True","186","Northern DPA",""
"MN","DPA 200","Deer Permit Area","200","","False","True","187","Central/Western DPA",""
"MN","DPA 201","Deer Permit Area","201","","False","True","188","Central/Western DPA",""
"MN","DPA 202","Deer Permit Area","202","","False","True","189","Central/Western DPA",""
"MN","DPA 203","Deer Permit Area","203","","False","True","190","Central/Western DPA",""
"MN","DPA 204","Deer Permit Area","204","","False","True","191","Central/Western DPA",""
"MN","DPA 205","Deer Permit Area","205","","False","True","192","Central/Western DPA",""
"MN","DPA 206","Deer Permit Area","206","","False","True","193","Central/Western DPA",""
"MN","DPA 207","Deer Permit Area","207","","False","True","194","Central/Western DPA",""
"MN","DPA 208","Deer Permit Area","208","","False","True","195","Central/Western DPA",""
"MN","DPA 209","Deer Permit Area","209","","False","True","196","Central/Western DPA",""
"MN","DPA 210","Deer Permit Area","210","","False","True","197","Central/Western DPA",""
"MN","DPA 211","Deer Permit Area","211","","False","True","198","Central/Western DPA",""
"MN","DPA 212","Deer Permit Area","212","","False","True","199","Central/Western DPA",""
"MN","DPA 213","Deer Permit Area","213","","False","True","200","Central/Western DPA",""
"MN","DPA 214","Deer Permit Area","214","","False","True","201","Central/Western DPA",""
"MN","DPA 215","Deer Permit Area","215","","False","True","202","Central/Western DPA",""
"MN","DPA 216","Deer Permit Area","216","","False","True","203","Central/Western DPA",""
"MN","DPA 217","Deer Permit Area","217","","False","True","204","Central/Western DPA",""
"MN","DPA 218","Deer Permit Area","218","","False","True","205","Central/Western DPA",""
"MN","DPA 219","Deer Permit Area","219","","False","True","206","Central/Western DPA",""
"MN","DPA 220","Deer Permit Area","220","","False","True","207","Central/Western DPA",""
"MN","DPA 221","Deer Permit Area","221","","False","True","208","Central/Western DPA",""
"MN","DPA 222","Deer Permit Area","222","","False","True","209","Central/Western DPA",""
"MN","DPA 223","Deer Permit Area","223","","False","True","210","Central/Western DPA",""
"MN","DPA 224","Deer Permit Area","224","","False","True","211","Central/Western DPA",""
"MN","DPA 225","Deer Permit Area","225","","False","True","212","Central/Western DPA",""
"MN","DPA 226","Deer Permit Area","226","","False","True","213","Central/Western DPA",""
"MN","DPA 227","Deer Permit Area","227","","False","True","214","Central/Western DPA",""
"MN","DPA 228","Deer Permit Area","228","","False","True","215","Central/Western DPA",""
"MN","DPA 229","Deer Permit Area","229","","False","True","216","Central/Western DPA",""
"MN","DPA 230","Deer Permit Area","230","","False","True","217","Central/Western DPA",""
"MN","DPA 231","Deer Permit Area","231","","False","True","218","Central/Western DPA",""
"MN","DPA 232","Deer Permit Area","232","","False","True","219","Central/Western DPA",""
"MN","DPA 233","Deer Permit Area","233","","False","True","220","Central/Western DPA",""
"MN","DPA 234","Deer Permit Area","234","","False","True","221","Central/Western DPA",""
"MN","DPA 235","Deer Permit Area","235","","False","True","222","Central/Western DPA",""
"MN","DPA 236","Deer Permit Area","236","","False","True","223","Central/Western DPA",""
"MN","DPA 237","Deer Permit Area","237","","False","True","224","Central/Western DPA",""
"MN","DPA 238","Deer Permit Area","238","","False","True","225","Central/Western DPA",""
"MN","DPA 239","Deer Permit Area","239","","False","True","226","Central/Western DPA",""
"MN","DPA 240","Deer Permit Area","240","","False","True","227","Central/Western DPA",""
"MN","DPA 241","Deer Permit Area","241","","False","True","228","Central/Western DPA",""
"MN","DPA 242","Deer Permit Area","242","","False","True","229","Central/Western DPA",""
"MN","DPA 243","Deer Permit Area","243","","False","True","230","Central/Western DPA",""
"MN","DPA 244","Deer Permit Area","244","","False","True","231","Central/Western DPA",""
"MN","DPA 245","Deer Permit Area","245","","False","True","232","Central/Western DPA",""
"MN","DPA 246","Deer Permit Area","246","","False","True","233","Central/Western DPA",""
"MN","DPA 247","Deer Permit Area","247","","False","True","234","Central/Western DPA",""
"MN","DPA 248","Deer Permit Area","248","","False","True","235","Central/Western DPA",""
"MN","DPA 249","Deer Permit Area","249","","False","True","236","Central/Western DPA",""
"MN","DPA 250","Deer Permit Area","250","","False","True","237","Central/Western DPA",""
"MN","DPA 251","Deer Permit Area","251","","False","True","238","Central/Western DPA",""
"MN","DPA 252","Deer Permit Area","252","","False","True","239","Central/Western DPA",""
"MN","DPA 253","Deer Permit Area","253","","False","True","240","Central/Western DPA",""
"MN","DPA 254","Deer Permit Area","254","","False","True","241","Central/Western DPA",""
"MN","DPA 255","Deer Permit Area","255","","False","True","242","Central/Western DPA",""
"MN","DPA 256","Deer Permit Area","256","","False","True","243","Central/Western DPA",""
"MN","DPA 257","Deer Permit Area","257","","False","True","244","Central/Western DPA",""
"MN","DPA 258","Deer Permit Area","258","","False","True","245","Central/Western DPA",""
"MN","DPA 259","Deer Permit Area","259","","False","True","246","Central/Western DPA",""
"MN","DPA 260","Deer Permit Area","260","","False","True","247","Central/Western DPA",""
"MN","DPA 261","Deer Permit Area","261","","False","True","248","Central/Western DPA",""
"MN","DPA 262","Deer Permit Area","262","","False","True","249","Central/Western DPA",""
"MN","DPA 263","Deer Permit Area","263","","False","True","250","Central/Western DPA",""
"MN","DPA 264","Deer Permit Area","264","","False","True","251","Central/Western DPA",""
"MN","DPA 265","Deer Permit Area","265","","False","True","252","Central/Western DPA",""
"MN","DPA 266","Deer Permit Area","266","","False","True","253","Central/Western DPA",""
"MN","DPA 267","Deer Permit Area","267","","False","True","254","Central/Western DPA",""
"MN","DPA 268","Deer Permit Area","268","","False","True","255","Central/Western DPA",""
"MN","DPA 269","Deer Permit Area","269","","False","True","256","Central/Western DPA",""
"MN","DPA 270","Deer Permit Area","270","","False","True","257","Central/Western DPA",""
"MN","DPA 271","Deer Permit Area","271","","False","True","258","Central/Western DPA",""
"MN","DPA 272","Deer Permit Area","272","","False","True","259","Central/Western DPA",""
"MN","DPA 273","Deer Permit Area","273","","False","True","260","Central/Western DPA",""
"MN","DPA 274","Deer Permit Area","274","","False","True","261","Central/Western DPA",""
"MN","DPA 275","Deer Permit Area","275","","False","True","262","Central/Western DPA",""
"MN","DPA 276","Deer Permit Area","276","","False","True","263","Central/Western DPA",""
"MN","DPA 277","Deer Permit Area","277","","False","True","264","Central/Western DPA",""
"MN","DPA 278","Deer Permit Area","278","","False","True","265","Central/Western DPA",""
"MN","DPA 279","Deer Permit Area","279","","False","True","266","Central/Western DPA",""
"MN","DPA 300","Deer Permit Area","300","","False","True","267","Southeast DPA",""
"MN","DPA 301","Deer Permit Area","301","","False","True","268","Southeast DPA",""
"MN","DPA 302","Deer Permit Area","302","","False","True","269","Southeast DPA",""
"MN","DPA 303","Deer Permit Area","303","","False","True","270","Southeast DPA",""
"MN","DPA 304","Deer Permit Area","304","","False","True","271","Southeast DPA",""
"MN","DPA 305","Deer Permit Area","305","","False","True","272","Southeast DPA",""
"MN","DPA 306","Deer Permit Area","306","","False","True","273","Southeast DPA",""
"MN","DPA 307","Deer Permit Area","307","","False","True","274","Southeast DPA",""
"MN","DPA 308","Deer Permit Area","308","","False","True","275","Southeast DPA",""
"MN","DPA 309","Deer Permit Area","309","","False","True","276","Southeast DPA",""
"MN","DPA 310","Deer Permit Area","310","","False","True","277","Southeast DPA",""
"MN","DPA 311","Deer Permit Area","311","","False","True","278","Southeast DPA",""
"MN","DPA 312","Deer Permit Area","312","","False","True","279","Southeast DPA",""
"MN","DPA 313","Deer Permit Area","313","","False","True","280","Southeast DPA",""
"MN","DPA 314","Deer Permit Area","314","","False","True","281","Southeast DPA",""
"MN","DPA 315","Deer Permit Area","315","","False","True","282","Southeast DPA",""
"MN","DPA 316","Deer Permit Area","316","","False","True","283","Southeast DPA",""
"MN","DPA 317","Deer Permit Area","317","","False","True","284","Southeast DPA",""
"MN","DPA 318","Deer Permit Area","318","","False","True","285","Southeast DPA",""
"MN","DPA 319","Deer Permit Area","319","","False","True","286","Southeast DPA",""
"MN","DPA 320","Deer Permit Area","320","","False","True","287","Southeast DPA",""
"MN","DPA 321","Deer Permit Area","321","","False","True","288","Southeast DPA",""
"MN","DPA 322","Deer Permit Area","322","","False","True","289","Southeast DPA",""
"MN","DPA 323","Deer Permit Area","323","","False","True","290","Southeast DPA",""
"MN","DPA 324","Deer Permit Area","324","","False","True","291","Southeast DPA",""
"MN","DPA 325","Deer Permit Area","325","","False","True","292","Southeast DPA",""
"MN","DPA 326","Deer Permit Area","326","","False","True","293","Southeast DPA",""
"MN","DPA 327","Deer Permit Area","327","","False","True","294","Southeast DPA",""
"MN","DPA 328","Deer Permit Area","328","","False","True","295","Southeast DPA",""
"MN","DPA 329","Deer Permit Area","329","","False","True","296","Southeast DPA",""
"MN","DPA 330","Deer Permit Area","330","","False","True","297","Southeast DPA",""
"MN","DPA 331","Deer Permit Area","331","","False","True","298","Southeast DPA",""
"MN","DPA 332","Deer Permit Area","332","","False","True","299","Southeast DPA",""
"MN","DPA 333","Deer Permit Area","333","","False","True","300","Southeast DPA",""
"MN","DPA 334","Deer Permit Area","334","","False","True","301","Southeast DPA",""
"MN","DPA 335","Deer Permit Area","335","","False","True","302","Southeast DPA",""
"MN","DPA 336","Deer Permit Area","336","","False","True","303","Southeast DPA",""
"MN","DPA 337","Deer Permit Area","337","","False","True","304","Southeast DPA",""
"MN","DPA 338","Deer Permit Area","338","","False","True","305","Southeast DPA",""
"MN","DPA 339","Deer Permit Area","339","","False","True","306","Southeast DPA",""
"MN","DPA 340","Deer Permit Area","340","","False","True","307","Southeast DPA",""
"MN","DPA 341","Deer Permit Area","341","","False","True","308","Southeast DPA",""
"MN","DPA 342","Deer Permit Area","342","","False","True","309","Southeast DPA",""
"MN","DPA 343","Deer Permit Area","343","","False","True","310","Southeast DPA",""
"MN","DPA 344","Deer Permit Area","344","","False","True","311","Southeast DPA",""
"MN","DPA 345","Deer Permit Area","345","","False","True","312","Southeast DPA",""
"MN","DPA 601","Deer Permit Area","601","","False","True","313","CWD Management Zone",""
"MN","DPA 604","Deer Permit Area","604","","False","True","314","CWD Management Zone",""
"MN","DPA 605","Deer Permit Area","605","","False","True","315","CWD Management Zone",""
"MN","DPA 642","Deer Permit Area","642","","False","True","316","CWD Management Zone",""
"MN","DPA 643","Deer Permit Area","643","","False","True","317","CWD Management Zone",""
"MN","DPA 644","Deer Permit Area","644","","False","True","318","CWD Management Zone",""
"MN","DPA 645","Deer Permit Area","645","","False","True","319","CWD Management Zone",""
"MN","DPA 646","Deer Permit Area","646","","False","True","320","CWD Management Zone",""
"MN","DPA 647","Deer Permit Area","647","","False","True","321","CWD Management Zone",""
"MN","DPA 648","Deer Permit Area","648","","False","True","322","CWD Management Zone",""
"MN","DPA 649","Deer Permit Area","649","","False","True","323","CWD Management Zone",""
"MN","DPA 655","Deer Permit Area","655","","False","True","324","CWD Management Zone",""
"MN","DPA 661","Deer Permit Area","661","","False","True","325","CWD Management Zone",""
"MN","DPA 666","Deer Permit Area","666","","False","True","326","CWD Management Zone",""
"MN","DPA 671","Deer Permit Area","671","","False","True","327","CWD Management Zone",""
"MN","DPA 679","Deer Permit Area","679","","False","True","328","CWD Management Zone",""
"MN","DPA 684","Deer Permit Area","684","","False","True","329","CWD Management Zone",""
"MN","DPA 701","Deer Permit Area","701","","False","True","330","Special management DPA",""
"MO","Statewide","Statewide","","","True","True","1","Licenses not tied to a specific sub-unit",""
"MO","Adair","County","","29001","False","True","2","",""
"MO","Andrew","County","","29003","False","True","3","",""
"MO","Atchison","County","","29005","False","True","4","",""
"MO","Audrain","County","","29007","False","True","5","",""
"MO","Barry","County","","29009","False","True","6","",""
"MO","Barton","County","","29011","False","True","7","",""
"MO","Bates","County","","29013","False","True","8","",""
"MO","Benton","County","","29015","False","True","9","",""
"MO","Bollinger","County","","29017","False","True","10","",""
"MO","Boone","County","","29019","False","True","11","",""
"MO","Buchanan","County","","29021","False","True","12","",""
"MO","Butler","County","","29023","False","True","13","",""
"MO","Caldwell","County","","29025","False","True","14","",""
"MO","Callaway","County","","29027","False","True","15","",""
"MO","Camden","County","","29029","False","True","16","",""
"MO","Cape Girardeau","County","","29031","False","True","17","",""
"MO","Carroll","County","","29033","False","True","18","",""
"MO","Carter","County","","29035","False","True","19","",""
"MO","Cass","County","","29037","False","True","20","",""
"MO","Cedar","County","","29039","False","True","21","",""
"MO","Chariton","County","","29041","False","True","22","",""
"MO","Christian","County","","29043","False","True","23","",""
"MO","Clark","County","","29045","False","True","24","",""
"MO","Clay","County","","29047","False","True","25","",""
"MO","Clinton","County","","29049","False","True","26","",""
"MO","Cole","County","","29051","False","True","27","",""
"MO","Cooper","County","","29053","False","True","28","",""
"MO","Crawford","County","","29055","False","True","29","",""
"MO","Dade","County","","29057","False","True","30","",""
"MO","Dallas","County","","29059","False","True","31","",""
"MO","Daviess","County","","29061","False","True","32","",""
"MO","DeKalb","County","","29063","False","True","33","",""
"MO","Dent","County","","29065","False","True","34","",""
"MO","Douglas","County","","29067","False","True","35","",""
"MO","Dunklin","County","","29069","False","True","36","",""
"MO","Franklin","County","","29071","False","True","37","",""
"MO","Gasconade","County","","29073","False","True","38","",""
"MO","Gentry","County","","29075","False","True","39","",""
"MO","Greene","County","","29077","False","True","40","",""
"MO","Grundy","County","","29079","False","True","41","",""
"MO","Harrison","County","","29081","False","True","42","",""
"MO","Henry","County","","29083","False","True","43","",""
"MO","Hickory","County","","29085","False","True","44","",""
"MO","Holt","County","","29087","False","True","45","",""
"MO","Howard","County","","29089","False","True","46","",""
"MO","Howell","County","","29091","False","True","47","",""
"MO","Iron","County","","29093","False","True","48","",""
"MO","Jackson","County","","29095","False","True","49","",""
"MO","Jasper","County","","29097","False","True","50","",""
"MO","Jefferson","County","","29099","False","True","51","",""
"MO","Johnson","County","","29101","False","True","52","",""
"MO","Knox","County","","29103","False","True","53","",""
"MO","Laclede","County","","29105","False","True","54","",""
"MO","Lafayette","County","","29107","False","True","55","",""
"MO","Lawrence","County","","29109","False","True","56","",""
"MO","Lewis","County","","29111","False","True","57","",""
"MO","Lincoln","County","","29113","False","True","58","",""
"MO","Linn","County","","29115","False","True","59","",""
"MO","Livingston","County","","29117","False","True","60","",""
"MO","McDonald","County","","29119","False","True","61","",""
"MO","Macon","County","","29121","False","True","62","",""
"MO","Madison","County","","29123","False","True","63","",""
"MO","Maries","County","","29125","False","True","64","",""
"MO","Marion","County","","29127","False","True","65","",""
"MO","Mercer","County","","29129","False","True","66","",""
"MO","Miller","County","","29131","False","True","67","",""
"MO","Mississippi","County","","29133","False","True","68","",""
"MO","Moniteau","County","","29135","False","True","69","",""
"MO","Monroe","County","","29137","False","True","70","",""
"MO","Montgomery","County","","29139","False","True","71","",""
"MO","Morgan","County","","29141","False","True","72","",""
"MO","New Madrid","County","","29143","False","True","73","",""
"MO","Newton","County","","29145","False","True","74","",""
"MO","Nodaway","County","","29147","False","True","75","",""
"MO","Oregon","County","","29149","False","True","76","",""
"MO","Osage","County","","29151","False","True","77","",""
"MO","Ozark","County","","29153","False","True","78","",""
"MO","Pemiscot","County","","29155","False","True","79","",""
"MO","Perry","County","","29157","False","True","80","",""
"MO","Pettis","County","","29159","False","True","81","",""
"MO","Phelps","County","","29161","False","True","82","",""
"MO","Pike","County","","29163","False","True","83","",""
"MO","Platte","County","","29165","False","True","84","",""
"MO","Polk","County","","29167","False","True","85","",""
"MO","Pulaski","County","","29169","False","True","86","",""
"MO","Putnam","County","","29171","False","True","87","",""
"MO","Ralls","County","","29173","False","True","88","",""
"MO","Randolph","County","","29175","False","True","89","",""
"MO","Ray","County","","29177","False","True","90","",""
"MO","Reynolds","County","","29179","False","True","91","",""
"MO","Ripley","County","","29181","False","True","92","",""
"MO","St. Charles","County","","29183","False","True","93","",""
"MO","St. Clair","County","","29185","False","True","94","",""
"MO","Ste. Genevieve","County","","29186","False","True","95","",""
"MO","St. Francois","County","","29187","False","True","96","",""
"MO","St. Louis County","County","","29189","False","True","97","",""
"MO","Saline","County","","29195","False","True","98","",""
"MO","Schuyler","County","","29197","False","True","99","",""
"MO","Scotland","County","","29199","False","True","100","",""
"MO","Scott","County","","29201","False","True","101","",""
"MO","Shannon","County","","29203","False","True","102","",""
"MO","Shelby","County","","29205","False","True","103","",""
"MO","Stoddard","County","","29207","False","True","104","",""
"MO","Stone","County","","29209","False","True","105","",""
"MO","Sullivan","County","","29211","False","True","106","",""
"MO","Taney","County","","29213","False","True","107","",""
"MO","Texas","County","","29215","False","True","108","",""
"MO","Vernon","County","","29217","False","True","109","",""
"MO","Warren","County","","29219","False","True","110","",""
"MO","Washington","County","","29221","False","True","111","",""
"MO","Wayne","County","","29223","False","True","112","",""
"MO","Webster","County","","29225","False","True","113","",""
"MO","Worth","County","","29227","False","True","114","",""
"MO","Wright","County","","29229","False","True","115","",""
"MO","St. Louis City","Independent City","","29510","False","True","116","",""
"MT","Statewide","Statewide","","","True","True","0","Licenses not tied to a specific sub-unit",""
"MT","HD 100","Hunting District","100","","False","False","57","District boundaries adopted by FW Commission; count and boundaries vary by species",""
"MT","HD 101","Hunting District","101","","False","False","58","District boundaries adopted by FW Commission; count and boundaries vary by species",""
"MT","HD 102","Hunting District","102","","False","False","59","District boundaries adopted by FW Commission; count and boundaries vary by species",""
"MT","HD 103","Hunting District","103","","False","False","60","District boundaries adopted by FW Commission; count and boundaries vary by species",""
"MT","HD 104","Hunting District","104","","False","False","61","District boundaries adopted by FW Commission; count and boundaries vary by species",""
"MT","HD 105","Hunting District","105","","False","False","62","District boundaries adopted by FW Commission; count and boundaries vary by species",""
"MT","HD 106","Hunting District","106","","False","False","63","District boundaries adopted by FW Commission; count and boundaries vary by species",""
"MT","HD 107","Hunting District","107","","False","False","64","District boundaries adopted by FW Commission; count and boundaries vary by species",""
"MT","HD 108","Hunting District","108","","False","False","65","District boundaries adopted by FW Commission; count and boundaries vary by species",""
"MT","HD 109","Hunting District","109","","False","False","66","District boundaries adopted by FW Commission; count and boundaries vary by species",""
"MT","HD 110","Hunting District","110","","False","False","67","District boundaries adopted by FW Commission; count and boundaries vary by species",""
"MT","HD 111","Hunting District","111","","False","False","68","District boundaries adopted by FW Commission; count and boundaries vary by species",""
"MT","HD 112","Hunting District","112","","False","False","69","District boundaries adopted by FW Commission; count and boundaries vary by species",""
"MT","HD 113","Hunting District","113","","False","False","70","District boundaries adopted by FW Commission; count and boundaries vary by species",""
"MT","HD 114","Hunting District","114","","False","False","71","District boundaries adopted by FW Commission; count and boundaries vary by species",""
"MT","HD 115","Hunting District","115","","False","False","72","District boundaries adopted by FW Commission; count and boundaries vary by species",""
"MT","HD 116","Hunting District","116","","False","False","73","District boundaries adopted by FW Commission; count and boundaries vary by species",""
"MT","HD 117","Hunting District","117","","False","False","74","District boundaries adopted by FW Commission; count and boundaries vary by species",""
"MT","HD 118","Hunting District","118","","False","False","75","District boundaries adopted by FW Commission; count and boundaries vary by species",""
"MT","HD 119","Hunting District","119","","False","False","76","District boundaries adopted by FW Commission; count and boundaries vary by species",""
"MT","HD 120","Hunting District","120","","False","False","77","District boundaries adopted by FW Commission; count and boundaries vary by species",""
"MT","HD 121","Hunting District","121","","False","False","78","District boundaries adopted by FW Commission; count and boundaries vary by species",""
"MT","HD 122","Hunting District","122","","False","False","79","District boundaries adopted by FW Commission; count and boundaries vary by species",""
"MT","HD 123","Hunting District","123","","False","False","80","District boundaries adopted by FW Commission; count and boundaries vary by species",""
"MT","HD 124","Hunting District","124","","False","False","81","District boundaries adopted by FW Commission; count and boundaries vary by species",""
"MT","HD 125","Hunting District","125","","False","False","82","District boundaries adopted by FW Commission; count and boundaries vary by species",""
"MT","HD 126","Hunting District","126","","False","False","83","District boundaries adopted by FW Commission; count and boundaries vary by species",""
"MT","HD 127","Hunting District","127","","False","False","84","District boundaries adopted by FW Commission; count and boundaries vary by species",""
"MT","HD 128","Hunting District","128","","False","False","85","District boundaries adopted by FW Commission; count and boundaries vary by species",""
"MT","HD 129","Hunting District","129","","False","False","86","District boundaries adopted by FW Commission; count and boundaries vary by species",""
"MT","HD 130","Hunting District","130","","False","False","87","District boundaries adopted by FW Commission; count and boundaries vary by species",""
"MT","HD 131","Hunting District","131","","False","False","88","District boundaries adopted by FW Commission; count and boundaries vary by species",""
"MT","HD 132","Hunting District","132","","False","False","89","District boundaries adopted by FW Commission; count and boundaries vary by species",""
"MT","HD 133","Hunting District","133","","False","False","90","District boundaries adopted by FW Commission; count and boundaries vary by species",""
"MT","HD 134","Hunting District","134","","False","False","91","District boundaries adopted by FW Commission; count and boundaries vary by species",""
"MT","HD 135","Hunting District","135","","False","False","92","District boundaries adopted by FW Commission; count and boundaries vary by species",""
"MT","HD 136","Hunting District","136","","False","False","93","District boundaries adopted by FW Commission; count and boundaries vary by species",""
"MT","HD 137","Hunting District","137","","False","False","94","District boundaries adopted by FW Commission; count and boundaries vary by species",""
"MT","HD 138","Hunting District","138","","False","False","95","District boundaries adopted by FW Commission; count and boundaries vary by species",""
"MT","HD 139","Hunting District","139","","False","False","96","District boundaries adopted by FW Commission; count and boundaries vary by species",""
"MT","HD 140","Hunting District","140","","False","False","97","District boundaries adopted by FW Commission; count and boundaries vary by species",""
"MT","HD 141","Hunting District","141","","False","False","98","District boundaries adopted by FW Commission; count and boundaries vary by species",""
"MT","HD 142","Hunting District","142","","False","False","99","District boundaries adopted by FW Commission; count and boundaries vary by species",""
"MT","HD 143","Hunting District","143","","False","False","100","District boundaries adopted by FW Commission; count and boundaries vary by species",""
"MT","HD 144","Hunting District","144","","False","False","101","District boundaries adopted by FW Commission; count and boundaries vary by species",""
"MT","HD 145","Hunting District","145","","False","False","102","District boundaries adopted by FW Commission; count and boundaries vary by species",""
"MT","HD 146","Hunting District","146","","False","False","103","District boundaries adopted by FW Commission; count and boundaries vary by species",""
"MT","HD 147","Hunting District","147","","False","False","104","District boundaries adopted by FW Commission; count and boundaries vary by species",""
"MT","HD 148","Hunting District","148","","False","False","105","District boundaries adopted by FW Commission; count and boundaries vary by species",""
"MT","HD 149","Hunting District","149","","False","False","106","District boundaries adopted by FW Commission; count and boundaries vary by species",""
"MT","HD 150","Hunting District","150","","False","False","107","District boundaries adopted by FW Commission; count and boundaries vary by species",""
"MT","HD 151","Hunting District","151","","False","False","108","District boundaries adopted by FW Commission; count and boundaries vary by species",""
"MT","HD 152","Hunting District","152","","False","False","109","District boundaries adopted by FW Commission; count and boundaries vary by species",""
"MT","HD 153","Hunting District","153","","False","False","110","District boundaries adopted by FW Commission; count and boundaries vary by species",""
"MT","HD 154","Hunting District","154","","False","False","111","District boundaries adopted by FW Commission; count and boundaries vary by species",""
"MT","HD 155","Hunting District","155","","False","False","112","District boundaries adopted by FW Commission; count and boundaries vary by species",""
"MT","HD 156","Hunting District","156","","False","False","113","District boundaries adopted by FW Commission; count and boundaries vary by species",""
"MT","HD 157","Hunting District","157","","False","False","114","District boundaries adopted by FW Commission; count and boundaries vary by species",""
"MT","HD 158","Hunting District","158","","False","False","115","District boundaries adopted by FW Commission; count and boundaries vary by species",""
"MT","HD 159","Hunting District","159","","False","False","116","District boundaries adopted by FW Commission; count and boundaries vary by species",""
"MT","HD 160","Hunting District","160","","False","False","117","District boundaries adopted by FW Commission; count and boundaries vary by species",""
"MT","HD 161","Hunting District","161","","False","False","118","District boundaries adopted by FW Commission; count and boundaries vary by species",""
"MT","HD 162","Hunting District","162","","False","False","119","District boundaries adopted by FW Commission; count and boundaries vary by species",""
"MT","HD 163","Hunting District","163","","False","False","120","District boundaries adopted by FW Commission; count and boundaries vary by species",""
"MT","HD 164","Hunting District","164","","False","False","121","District boundaries adopted by FW Commission; count and boundaries vary by species",""
"MT","HD 165","Hunting District","165","","False","False","122","District boundaries adopted by FW Commission; count and boundaries vary by species",""
"MT","HD 166","Hunting District","166","","False","False","123","District boundaries adopted by FW Commission; count and boundaries vary by species",""
"MT","HD 167","Hunting District","167","","False","False","124","District boundaries adopted by FW Commission; count and boundaries vary by species",""
"MT","HD 168","Hunting District","168","","False","False","125","District boundaries adopted by FW Commission; count and boundaries vary by species",""
"MT","HD 169","Hunting District","169","","False","False","126","District boundaries adopted by FW Commission; count and boundaries vary by species",""
"MT","HD 170","Hunting District","170","","False","False","127","District boundaries adopted by FW Commission; count and boundaries vary by species",""
"MT","HD 171","Hunting District","171","","False","False","128","District boundaries adopted by FW Commission; count and boundaries vary by species",""
"MT","HD 172","Hunting District","172","","False","False","129","District boundaries adopted by FW Commission; count and boundaries vary by species",""
"MT","HD 173","Hunting District","173","","False","False","130","District boundaries adopted by FW Commission; count and boundaries vary by species",""
"MT","HD 174","Hunting District","174","","False","False","131","District boundaries adopted by FW Commission; count and boundaries vary by species",""
"MT","HD 175","Hunting District","175","","False","False","132","District boundaries adopted by FW Commission; count and boundaries vary by species",""
"MT","HD 176","Hunting District","176","","False","False","133","District boundaries adopted by FW Commission; count and boundaries vary by species",""
"MT","HD 177","Hunting District","177","","False","False","134","District boundaries adopted by FW Commission; count and boundaries vary by species",""
"MT","HD 178","Hunting District","178","","False","False","135","District boundaries adopted by FW Commission; count and boundaries vary by species",""
"MT","HD 179","Hunting District","179","","False","False","136","District boundaries adopted by FW Commission; count and boundaries vary by species",""
"MT","HD 180","Hunting District","180","","False","False","137","District boundaries adopted by FW Commission; count and boundaries vary by species",""
"MT","HD 181","Hunting District","181","","False","False","138","District boundaries adopted by FW Commission; count and boundaries vary by species",""
"MT","HD 182","Hunting District","182","","False","False","139","District boundaries adopted by FW Commission; count and boundaries vary by species",""
"MT","HD 183","Hunting District","183","","False","False","140","District boundaries adopted by FW Commission; count and boundaries vary by species",""
"MT","HD 184","Hunting District","184","","False","False","141","District boundaries adopted by FW Commission; count and boundaries vary by species",""
"MT","HD 185","Hunting District","185","","False","False","142","District boundaries adopted by FW Commission; count and boundaries vary by species",""
"MT","HD 186","Hunting District","186","","False","False","143","District boundaries adopted by FW Commission; count and boundaries vary by species",""
"MT","HD 187","Hunting District","187","","False","False","144","District boundaries adopted by FW Commission; count and boundaries vary by species",""
"MT","HD 188","Hunting District","188","","False","False","145","District boundaries adopted by FW Commission; count and boundaries vary by species",""
"MT","HD 189","Hunting District","189","","False","False","146","District boundaries adopted by FW Commission; count and boundaries vary by species",""
"MT","HD 190","Hunting District","190","","False","False","147","District boundaries adopted by FW Commission; count and boundaries vary by species",""
"MT","HD 191","Hunting District","191","","False","False","148","District boundaries adopted by FW Commission; count and boundaries vary by species",""
"MT","HD 192","Hunting District","192","","False","False","149","District boundaries adopted by FW Commission; count and boundaries vary by species",""
"MT","HD 193","Hunting District","193","","False","False","150","District boundaries adopted by FW Commission; count and boundaries vary by species",""
"MT","HD 194","Hunting District","194","","False","False","151","District boundaries adopted by FW Commission; count and boundaries vary by species",""
"MT","HD 195","Hunting District","195","","False","False","152","District boundaries adopted by FW Commission; count and boundaries vary by species",""
"MT","HD 196","Hunting District","196","","False","False","153","District boundaries adopted by FW Commission; count and boundaries vary by species",""
"MT","HD 197","Hunting District","197","","False","False","154","District boundaries adopted by FW Commission; count and boundaries vary by species",""
"MT","HD 198","Hunting District","198","","False","False","155","District boundaries adopted by FW Commission; count and boundaries vary by species",""
"MT","HD 199","Hunting District","199","","False","False","156","District boundaries adopted by FW Commission; count and boundaries vary by species",""
"MT","HD 200","Hunting District","200","","False","False","157","District boundaries adopted by FW Commission; count and boundaries vary by species",""
"MT","HD 201","Hunting District","201","","False","False","158","District boundaries adopted by FW Commission; count and boundaries vary by species",""
"MT","HD 202","Hunting District","202","","False","False","159","District boundaries adopted by FW Commission; count and boundaries vary by species",""
"MT","HD 203","Hunting District","203","","False","False","160","District boundaries adopted by FW Commission; count and boundaries vary by species",""
"MT","HD 204","Hunting District","204","","False","False","161","District boundaries adopted by FW Commission; count and boundaries vary by species",""
"MT","HD 205","Hunting District","205","","False","False","162","District boundaries adopted by FW Commission; count and boundaries vary by species",""
"MT","HD 206","Hunting District","206","","False","False","163","District boundaries adopted by FW Commission; count and boundaries vary by species",""
"MT","HD 207","Hunting District","207","","False","False","164","District boundaries adopted by FW Commission; count and boundaries vary by species",""
"MT","HD 208","Hunting District","208","","False","False","165","District boundaries adopted by FW Commission; count and boundaries vary by species",""
"MT","HD 209","Hunting District","209","","False","False","166","District boundaries adopted by FW Commission; count and boundaries vary by species",""
"MT","HD 210","Hunting District","210","","False","False","167","District boundaries adopted by FW Commission; count and boundaries vary by species",""
"MT","HD 211","Hunting District","211","","False","False","168","District boundaries adopted by FW Commission; count and boundaries vary by species",""
"MT","HD 212","Hunting District","212","","False","False","169","District boundaries adopted by FW Commission; count and boundaries vary by species",""
"MT","HD 213","Hunting District","213","","False","False","170","District boundaries adopted by FW Commission; count and boundaries vary by species",""
"MT","HD 214","Hunting District","214","","False","False","171","District boundaries adopted by FW Commission; count and boundaries vary by species",""
"MT","HD 215","Hunting District","215","","False","False","172","District boundaries adopted by FW Commission; count and boundaries vary by species",""
"MT","HD 216","Hunting District","216","","False","False","173","District boundaries adopted by FW Commission; count and boundaries vary by species",""
"MT","HD 217","Hunting District","217","","False","False","174","District boundaries adopted by FW Commission; count and boundaries vary by species",""
"MT","HD 218","Hunting District","218","","False","False","175","District boundaries adopted by FW Commission; count and boundaries vary by species",""
"MT","HD 219","Hunting District","219","","False","False","176","District boundaries adopted by FW Commission; count and boundaries vary by species",""
"MT","HD 220","Hunting District","220","","False","False","177","District boundaries adopted by FW Commission; count and boundaries vary by species",""
"MT","HD 221","Hunting District","221","","False","False","178","District boundaries adopted by FW Commission; count and boundaries vary by species",""
"MT","HD 222","Hunting District","222","","False","False","179","District boundaries adopted by FW Commission; count and boundaries vary by species",""
"MT","HD 223","Hunting District","223","","False","False","180","District boundaries adopted by FW Commission; count and boundaries vary by species",""
"MT","HD 224","Hunting District","224","","False","False","181","District boundaries adopted by FW Commission; count and boundaries vary by species",""
"MT","HD 225","Hunting District","225","","False","False","182","District boundaries adopted by FW Commission; count and boundaries vary by species",""
"MT","HD 226","Hunting District","226","","False","False","183","District boundaries adopted by FW Commission; count and boundaries vary by species",""
"MT","HD 227","Hunting District","227","","False","False","184","District boundaries adopted by FW Commission; count and boundaries vary by species",""
"MT","HD 228","Hunting District","228","","False","False","185","District boundaries adopted by FW Commission; count and boundaries vary by species",""
"MT","HD 229","Hunting District","229","","False","False","186","District boundaries adopted by FW Commission; count and boundaries vary by species",""
"MT","HD 230","Hunting District","230","","False","False","187","District boundaries adopted by FW Commission; count and boundaries vary by species",""
"MT","HD 231","Hunting District","231","","False","False","188","District boundaries adopted by FW Commission; count and boundaries vary by species",""
"MT","HD 232","Hunting District","232","","False","False","189","District boundaries adopted by FW Commission; count and boundaries vary by species",""
"MT","HD 233","Hunting District","233","","False","False","190","District boundaries adopted by FW Commission; count and boundaries vary by species",""
"MT","HD 234","Hunting District","234","","False","False","191","District boundaries adopted by FW Commission; count and boundaries vary by species",""
"MT","HD 235","Hunting District","235","","False","False","192","District boundaries adopted by FW Commission; count and boundaries vary by species",""
"MT","HD 236","Hunting District","236","","False","False","193","District boundaries adopted by FW Commission; count and boundaries vary by species",""
"MT","HD 237","Hunting District","237","","False","False","194","District boundaries adopted by FW Commission; count and boundaries vary by species",""
"MT","HD 238","Hunting District","238","","False","False","195","District boundaries adopted by FW Commission; count and boundaries vary by species",""
"MT","HD 239","Hunting District","239","","False","False","196","District boundaries adopted by FW Commission; count and boundaries vary by species",""
"MT","HD 240","Hunting District","240","","False","False","197","District boundaries adopted by FW Commission; count and boundaries vary by species",""
"MT","HD 241","Hunting District","241","","False","False","198","District boundaries adopted by FW Commission; count and boundaries vary by species",""
"MT","HD 242","Hunting District","242","","False","False","199","District boundaries adopted by FW Commission; count and boundaries vary by species",""
"MT","HD 243","Hunting District","243","","False","False","200","District boundaries adopted by FW Commission; count and boundaries vary by species",""
"MT","HD 244","Hunting District","244","","False","False","201","District boundaries adopted by FW Commission; count and boundaries vary by species",""
"MT","HD 245","Hunting District","245","","False","False","202","District boundaries adopted by FW Commission; count and boundaries vary by species",""
"MT","HD 246","Hunting District","246","","False","False","203","District boundaries adopted by FW Commission; count and boundaries vary by species",""
"MT","HD 247","Hunting District","247","","False","False","204","District boundaries adopted by FW Commission; count and boundaries vary by species",""
"MT","HD 248","Hunting District","248","","False","False","205","District boundaries adopted by FW Commission; count and boundaries vary by species",""
"MT","HD 249","Hunting District","249","","False","False","206","District boundaries adopted by FW Commission; count and boundaries vary by species",""
"MT","HD 250","Hunting District","250","","False","False","207","District boundaries adopted by FW Commission; count and boundaries vary by species",""
"MT","HD 251","Hunting District","251","","False","False","208","District boundaries adopted by FW Commission; count and boundaries vary by species",""
"MT","HD 252","Hunting District","252","","False","False","209","District boundaries adopted by FW Commission; count and boundaries vary by species",""
"MT","HD 253","Hunting District","253","","False","False","210","District boundaries adopted by FW Commission; count and boundaries vary by species",""
"MT","HD 254","Hunting District","254","","False","False","211","District boundaries adopted by FW Commission; count and boundaries vary by species",""
"MT","HD 255","Hunting District","255","","False","False","212","District boundaries adopted by FW Commission; count and boundaries vary by species",""
"MT","HD 256","Hunting District","256","","False","False","213","District boundaries adopted by FW Commission; count and boundaries vary by species",""
"MT","HD 257","Hunting District","257","","False","False","214","District boundaries adopted by FW Commission; count and boundaries vary by species",""
"MT","HD 258","Hunting District","258","","False","False","215","District boundaries adopted by FW Commission; count and boundaries vary by species",""
"MT","HD 259","Hunting District","259","","False","False","216","District boundaries adopted by FW Commission; count and boundaries vary by species",""
"MT","HD 260","Hunting District","260","","False","False","217","District boundaries adopted by FW Commission; count and boundaries vary by species",""
"MT","HD 261","Hunting District","261","","False","False","218","District boundaries adopted by FW Commission; count and boundaries vary by species",""
"MT","HD 262","Hunting District","262","","False","False","219","District boundaries adopted by FW Commission; count and boundaries vary by species",""
"MT","HD 263","Hunting District","263","","False","False","220","District boundaries adopted by FW Commission; count and boundaries vary by species",""
"MT","HD 264","Hunting District","264","","False","False","221","District boundaries adopted by FW Commission; count and boundaries vary by species",""
"MT","HD 265","Hunting District","265","","False","False","222","District boundaries adopted by FW Commission; count and boundaries vary by species",""
"MT","HD 266","Hunting District","266","","False","False","223","District boundaries adopted by FW Commission; count and boundaries vary by species",""
"MT","HD 267","Hunting District","267","","False","False","224","District boundaries adopted by FW Commission; count and boundaries vary by species",""
"MT","HD 268","Hunting District","268","","False","False","225","District boundaries adopted by FW Commission; count and boundaries vary by species",""
"MT","HD 269","Hunting District","269","","False","False","226","District boundaries adopted by FW Commission; count and boundaries vary by species",""
"MT","HD 270","Hunting District","270","","False","False","227","District boundaries adopted by FW Commission; count and boundaries vary by species",""
"MT","HD 271","Hunting District","271","","False","False","228","District boundaries adopted by FW Commission; count and boundaries vary by species",""
"MT","HD 272","Hunting District","272","","False","False","229","District boundaries adopted by FW Commission; count and boundaries vary by species",""
"MT","HD 273","Hunting District","273","","False","False","230","District boundaries adopted by FW Commission; count and boundaries vary by species",""
"MT","HD 274","Hunting District","274","","False","False","231","District boundaries adopted by FW Commission; count and boundaries vary by species",""
"MT","HD 275","Hunting District","275","","False","False","232","District boundaries adopted by FW Commission; count and boundaries vary by species",""
"MT","HD 276","Hunting District","276","","False","False","233","District boundaries adopted by FW Commission; count and boundaries vary by species",""
"MT","HD 277","Hunting District","277","","False","False","234","District boundaries adopted by FW Commission; count and boundaries vary by species",""
"MT","HD 278","Hunting District","278","","False","False","235","District boundaries adopted by FW Commission; count and boundaries vary by species",""
"MT","HD 279","Hunting District","279","","False","False","236","District boundaries adopted by FW Commission; count and boundaries vary by species",""
"MT","HD 280","Hunting District","280","","False","False","237","District boundaries adopted by FW Commission; count and boundaries vary by species",""
"MT","HD 281","Hunting District","281","","False","False","238","District boundaries adopted by FW Commission; count and boundaries vary by species",""
"MT","HD 282","Hunting District","282","","False","False","239","District boundaries adopted by FW Commission; count and boundaries vary by species",""
"MT","HD 283","Hunting District","283","","False","False","240","District boundaries adopted by FW Commission; count and boundaries vary by species",""
"MT","HD 284","Hunting District","284","","False","False","241","District boundaries adopted by FW Commission; count and boundaries vary by species",""
"MT","HD 285","Hunting District","285","","False","False","242","District boundaries adopted by FW Commission; count and boundaries vary by species",""
"MT","HD 286","Hunting District","286","","False","False","243","District boundaries adopted by FW Commission; count and boundaries vary by species",""
"MT","HD 287","Hunting District","287","","False","False","244","District boundaries adopted by FW Commission; count and boundaries vary by species",""
"MT","HD 288","Hunting District","288","","False","False","245","District boundaries adopted by FW Commission; count and boundaries vary by species",""
"MT","HD 289","Hunting District","289","","False","False","246","District boundaries adopted by FW Commission; count and boundaries vary by species",""
"MT","HD 290","Hunting District","290","","False","False","247","District boundaries adopted by FW Commission; count and boundaries vary by species",""
"MT","HD 291","Hunting District","291","","False","False","248","District boundaries adopted by FW Commission; count and boundaries vary by species",""
"MT","HD 292","Hunting District","292","","False","False","249","District boundaries adopted by FW Commission; count and boundaries vary by species",""
"MT","HD 293","Hunting District","293","","False","False","250","District boundaries adopted by FW Commission; count and boundaries vary by species",""
"MT","HD 294","Hunting District","294","","False","False","251","District boundaries adopted by FW Commission; count and boundaries vary by species",""
"MT","HD 295","Hunting District","295","","False","False","252","District boundaries adopted by FW Commission; count and boundaries vary by species",""
"MT","HD 296","Hunting District","296","","False","False","253","District boundaries adopted by FW Commission; count and boundaries vary by species",""
"MT","HD 297","Hunting District","297","","False","False","254","District boundaries adopted by FW Commission; count and boundaries vary by species",""
"MT","HD 298","Hunting District","298","","False","False","255","District boundaries adopted by FW Commission; count and boundaries vary by species",""
"MT","HD 299","Hunting District","299","","False","False","256","District boundaries adopted by FW Commission; count and boundaries vary by species",""
"MT","HD 300","Hunting District","300","","False","False","257","District boundaries adopted by FW Commission; count and boundaries vary by species",""
"MT","HD 301","Hunting District","301","","False","False","258","District boundaries adopted by FW Commission; count and boundaries vary by species",""
"MT","HD 302","Hunting District","302","","False","False","259","District boundaries adopted by FW Commission; count and boundaries vary by species",""
"MT","HD 303","Hunting District","303","","False","False","260","District boundaries adopted by FW Commission; count and boundaries vary by species",""
"MT","HD 304","Hunting District","304","","False","False","261","District boundaries adopted by FW Commission; count and boundaries vary by species",""
"MT","HD 305","Hunting District","305","","False","False","262","District boundaries adopted by FW Commission; count and boundaries vary by species",""
"MT","HD 306","Hunting District","306","","False","False","263","District boundaries adopted by FW Commission; count and boundaries vary by species",""
"MT","HD 307","Hunting District","307","","False","False","264","District boundaries adopted by FW Commission; count and boundaries vary by species",""
"MT","HD 308","Hunting District","308","","False","False","265","District boundaries adopted by FW Commission; count and boundaries vary by species",""
"MT","HD 309","Hunting District","309","","False","False","266","District boundaries adopted by FW Commission; count and boundaries vary by species",""
"MT","HD 310","Hunting District","310","","False","False","267","District boundaries adopted by FW Commission; count and boundaries vary by species",""
"MT","HD 311","Hunting District","311","","False","False","268","District boundaries adopted by FW Commission; count and boundaries vary by species",""
"MT","HD 312","Hunting District","312","","False","False","269","District boundaries adopted by FW Commission; count and boundaries vary by species",""
"MT","HD 313","Hunting District","313","","False","False","270","District boundaries adopted by FW Commission; count and boundaries vary by species",""
"MT","HD 314","Hunting District","314","","False","False","271","District boundaries adopted by FW Commission; count and boundaries vary by species",""
"MT","HD 315","Hunting District","315","","False","False","272","District boundaries adopted by FW Commission; count and boundaries vary by species",""
"MT","HD 316","Hunting District","316","","False","False","273","District boundaries adopted by FW Commission; count and boundaries vary by species",""
"MT","HD 317","Hunting District","317","","False","False","274","District boundaries adopted by FW Commission; count and boundaries vary by species",""
"MT","HD 318","Hunting District","318","","False","False","275","District boundaries adopted by FW Commission; count and boundaries vary by species",""
"MT","HD 319","Hunting District","319","","False","False","276","District boundaries adopted by FW Commission; count and boundaries vary by species",""
"MT","HD 320","Hunting District","320","","False","False","277","District boundaries adopted by FW Commission; count and boundaries vary by species",""
"MT","HD 321","Hunting District","321","","False","False","278","District boundaries adopted by FW Commission; count and boundaries vary by species",""
"MT","HD 322","Hunting District","322","","False","False","279","District boundaries adopted by FW Commission; count and boundaries vary by species",""
"MT","HD 323","Hunting District","323","","False","False","280","District boundaries adopted by FW Commission; count and boundaries vary by species",""
"MT","HD 324","Hunting District","324","","False","False","281","District boundaries adopted by FW Commission; count and boundaries vary by species",""
"MT","HD 325","Hunting District","325","","False","False","282","District boundaries adopted by FW Commission; count and boundaries vary by species",""
"MT","HD 326","Hunting District","326","","False","False","283","District boundaries adopted by FW Commission; count and boundaries vary by species",""
"MT","HD 327","Hunting District","327","","False","False","284","District boundaries adopted by FW Commission; count and boundaries vary by species",""
"MT","HD 328","Hunting District","328","","False","False","285","District boundaries adopted by FW Commission; count and boundaries vary by species",""
"MT","HD 329","Hunting District","329","","False","False","286","District boundaries adopted by FW Commission; count and boundaries vary by species",""
"MT","HD 330","Hunting District","330","","False","False","287","District boundaries adopted by FW Commission; count and boundaries vary by species",""
"MT","HD 331","Hunting District","331","","False","False","288","District boundaries adopted by FW Commission; count and boundaries vary by species",""
"MT","HD 332","Hunting District","332","","False","False","289","District boundaries adopted by FW Commission; count and boundaries vary by species",""
"MT","HD 333","Hunting District","333","","False","False","290","District boundaries adopted by FW Commission; count and boundaries vary by species",""
"MT","HD 334","Hunting District","334","","False","False","291","District boundaries adopted by FW Commission; count and boundaries vary by species",""
"MT","HD 335","Hunting District","335","","False","False","292","District boundaries adopted by FW Commission; count and boundaries vary by species",""
"MT","HD 336","Hunting District","336","","False","False","293","District boundaries adopted by FW Commission; count and boundaries vary by species",""
"MT","HD 337","Hunting District","337","","False","False","294","District boundaries adopted by FW Commission; count and boundaries vary by species",""
"MT","HD 338","Hunting District","338","","False","False","295","District boundaries adopted by FW Commission; count and boundaries vary by species",""
"MT","HD 339","Hunting District","339","","False","False","296","District boundaries adopted by FW Commission; count and boundaries vary by species",""
"MT","HD 340","Hunting District","340","","False","False","297","District boundaries adopted by FW Commission; count and boundaries vary by species",""
"MT","HD 341","Hunting District","341","","False","False","298","District boundaries adopted by FW Commission; count and boundaries vary by species",""
"MT","HD 342","Hunting District","342","","False","False","299","District boundaries adopted by FW Commission; count and boundaries vary by species",""
"MT","HD 343","Hunting District","343","","False","False","300","District boundaries adopted by FW Commission; count and boundaries vary by species",""
"MT","HD 344","Hunting District","344","","False","False","301","District boundaries adopted by FW Commission; count and boundaries vary by species",""
"MT","HD 345","Hunting District","345","","False","False","302","District boundaries adopted by FW Commission; count and boundaries vary by species",""
"MT","HD 346","Hunting District","346","","False","False","303","District boundaries adopted by FW Commission; count and boundaries vary by species",""
"MT","HD 347","Hunting District","347","","False","False","304","District boundaries adopted by FW Commission; count and boundaries vary by species",""
"MT","HD 348","Hunting District","348","","False","False","305","District boundaries adopted by FW Commission; count and boundaries vary by species",""
"MT","HD 349","Hunting District","349","","False","False","306","District boundaries adopted by FW Commission; count and boundaries vary by species",""
"MT","HD 350","Hunting District","350","","False","False","307","District boundaries adopted by FW Commission; count and boundaries vary by species",""
"MT","HD 360","Hunting District","360","","False","False","308","District boundaries adopted by FW Commission; count and boundaries vary by species",""
"MT","HD 370","Hunting District","370","","False","False","309","District boundaries adopted by FW Commission; count and boundaries vary by species",""
"MT","HD 380","Hunting District","380","","False","False","310","District boundaries adopted by FW Commission; count and boundaries vary by species",""
"MT","HD 390","Hunting District","390","","False","False","311","District boundaries adopted by FW Commission; count and boundaries vary by species",""
"MT","HD 395","Hunting District","395","","False","False","312","District boundaries adopted by FW Commission; count and boundaries vary by species",""
"MT","HD 400","Hunting District","400","","False","False","313","District boundaries adopted by FW Commission; count and boundaries vary by species",""
"MT","HD 401","Hunting District","401","","False","False","314","District boundaries adopted by FW Commission; count and boundaries vary by species",""
"MT","HD 410","Hunting District","410","","False","False","315","District boundaries adopted by FW Commission; count and boundaries vary by species",""
"MT","HD 411","Hunting District","411","","False","False","316","District boundaries adopted by FW Commission; count and boundaries vary by species",""
"MT","HD 420","Hunting District","420","","False","False","317","District boundaries adopted by FW Commission; count and boundaries vary by species",""
"MT","HD 421","Hunting District","421","","False","False","318","District boundaries adopted by FW Commission; count and boundaries vary by species",""
"MT","HD 422","Hunting District","422","","False","False","319","District boundaries adopted by FW Commission; count and boundaries vary by species",""
"MT","HD 430","Hunting District","430","","False","False","320","District boundaries adopted by FW Commission; count and boundaries vary by species",""
"MT","HD 440","Hunting District","440","","False","False","321","District boundaries adopted by FW Commission; count and boundaries vary by species",""
"MT","HD 441","Hunting District","441","","False","False","322","District boundaries adopted by FW Commission; count and boundaries vary by species",""
"MT","HD 500","Hunting District","500","","False","False","323","District boundaries adopted by FW Commission; count and boundaries vary by species",""
"MT","HD 501","Hunting District","501","","False","False","324","District boundaries adopted by FW Commission; count and boundaries vary by species",""
"MT","HD 502","Hunting District","502","","False","False","325","District boundaries adopted by FW Commission; count and boundaries vary by species",""
"MT","HD 510","Hunting District","510","","False","False","326","District boundaries adopted by FW Commission; count and boundaries vary by species",""
"MT","HD 511","Hunting District","511","","False","False","327","District boundaries adopted by FW Commission; count and boundaries vary by species",""
"MT","HD 512","Hunting District","512","","False","False","328","District boundaries adopted by FW Commission; count and boundaries vary by species",""
"MT","HD 520","Hunting District","520","","False","False","329","District boundaries adopted by FW Commission; count and boundaries vary by species",""
"MT","HD 521","Hunting District","521","","False","False","330","District boundaries adopted by FW Commission; count and boundaries vary by species",""
"MT","HD 522","Hunting District","522","","False","False","331","District boundaries adopted by FW Commission; count and boundaries vary by species",""
"MT","HD 530","Hunting District","530","","False","False","332","District boundaries adopted by FW Commission; count and boundaries vary by species",""
"MT","HD 540","Hunting District","540","","False","False","333","District boundaries adopted by FW Commission; count and boundaries vary by species",""
"MT","HD 550","Hunting District","550","","False","False","334","District boundaries adopted by FW Commission; count and boundaries vary by species",""
"MT","HD 560","Hunting District","560","","False","False","335","District boundaries adopted by FW Commission; count and boundaries vary by species",""
"MT","HD 570","Hunting District","570","","False","False","336","District boundaries adopted by FW Commission; count and boundaries vary by species",""
"MT","HD 580","Hunting District","580","","False","False","337","District boundaries adopted by FW Commission; count and boundaries vary by species",""
"MT","HD 600","Hunting District","600","","False","False","338","District boundaries adopted by FW Commission; count and boundaries vary by species",""
"MT","HD 601","Hunting District","601","","False","False","339","District boundaries adopted by FW Commission; count and boundaries vary by species",""
"MT","HD 602","Hunting District","602","","False","False","340","District boundaries adopted by FW Commission; count and boundaries vary by species",""
"MT","HD 610","Hunting District","610","","False","False","341","District boundaries adopted by FW Commission; count and boundaries vary by species",""
"MT","HD 611","Hunting District","611","","False","False","342","District boundaries adopted by FW Commission; count and boundaries vary by species",""
"MT","HD 620","Hunting District","620","","False","False","343","District boundaries adopted by FW Commission; count and boundaries vary by species",""
"MT","HD 621","Hunting District","621","","False","False","344","District boundaries adopted by FW Commission; count and boundaries vary by species",""
"MT","HD 630","Hunting District","630","","False","False","345","District boundaries adopted by FW Commission; count and boundaries vary by species",""
"MT","HD 640","Hunting District","640","","False","False","346","District boundaries adopted by FW Commission; count and boundaries vary by species",""
"MT","HD 650","Hunting District","650","","False","False","347","District boundaries adopted by FW Commission; count and boundaries vary by species",""
"MT","HD 660","Hunting District","660","","False","False","348","District boundaries adopted by FW Commission; count and boundaries vary by species",""
"MT","HD 670","Hunting District","670","","False","False","349","District boundaries adopted by FW Commission; count and boundaries vary by species",""
"MT","HD 680","Hunting District","680","","False","False","350","District boundaries adopted by FW Commission; count and boundaries vary by species",""
"MT","HD 690","Hunting District","690","","False","False","351","District boundaries adopted by FW Commission; count and boundaries vary by species",""
"MT","HD 700","Hunting District","700","","False","False","352","District boundaries adopted by FW Commission; count and boundaries vary by species",""
"MT","HD 701","Hunting District","701","","False","False","353","District boundaries adopted by FW Commission; count and boundaries vary by species",""
"MT","HD 702","Hunting District","702","","False","False","354","District boundaries adopted by FW Commission; count and boundaries vary by species",""
"MT","HD 710","Hunting District","710","","False","False","355","District boundaries adopted by FW Commission; count and boundaries vary by species",""
"MT","HD 720","Hunting District","720","","False","False","356","District boundaries adopted by FW Commission; count and boundaries vary by species",""
"MT","HD 730","Hunting District","730","","False","False","357","District boundaries adopted by FW Commission; count and boundaries vary by species",""
"MT","HD 740","Hunting District","740","","False","False","358","District boundaries adopted by FW Commission; count and boundaries vary by species",""
"MT","HD 750","Hunting District","750","","False","False","359","District boundaries adopted by FW Commission; count and boundaries vary by species",""
"MT","HD 760","Hunting District","760","","False","False","360","District boundaries adopted by FW Commission; count and boundaries vary by species",""
"MT","HD 770","Hunting District","770","","False","False","361","District boundaries adopted by FW Commission; count and boundaries vary by species",""
"MT","HD 780","Hunting District","780","","False","False","362","District boundaries adopted by FW Commission; count and boundaries vary by species",""
"NH","Statewide","Statewide","","","True","True","0","Licenses not tied to a specific sub-unit",""
"NH","A1","Wildlife Management Unit","","","False","True","11","",""
"NH","A2","Wildlife Management Unit","","","False","True","12","",""
"NH","B","Wildlife Management Unit","","","False","True","13","",""
"NH","C1","Wildlife Management Unit","","","False","True","14","",""
"NH","C2","Wildlife Management Unit","","","False","True","15","",""
"NH","D1","Wildlife Management Unit","","","False","True","16","",""
"NH","D2","Wildlife Management Unit","","","False","True","17","",""
"NH","E1","Wildlife Management Unit","","","False","True","18","",""
"NH","E2","Wildlife Management Unit","","","False","True","19","",""
"NH","E3","Wildlife Management Unit","","","False","True","20","",""
"NH","F","Wildlife Management Unit","","","False","True","21","",""
"NH","G1","Wildlife Management Unit","","","False","True","22","",""
"NH","H1","Wildlife Management Unit","","","False","True","23","",""
"NH","H2N","Wildlife Management Unit","","","False","True","24","",""
"NH","H2S","Wildlife Management Unit","","","False","True","25","",""
"NH","I1","Wildlife Management Unit","","","False","True","26","",""
"NH","I2","Wildlife Management Unit","","","False","True","27","",""
"NH","J1","Wildlife Management Unit","","","False","True","28","",""
"NH","J2","Wildlife Management Unit","","","False","True","29","",""
"NH","K","Wildlife Management Unit","","","False","True","30","",""
"NH","L","Wildlife Management Unit","","","False","True","31","Special deer management unit",""
"NH","M","Wildlife Management Unit","","","False","True","32","Special deer management unit",""
"NY","Statewide","Statewide","","","True","True","0","Licenses not tied to a specific sub-unit",""
"NY","1A","Wildlife Management Unit","","","False","True","63","DEC Region 1",""
"NY","1C","Wildlife Management Unit","","","False","True","64","DEC Region 1",""
"NY","2A","Wildlife Management Unit","","","False","True","65","DEC Region 2",""
"NY","2B","Wildlife Management Unit","","","False","True","66","DEC Region 2",""
"NY","2C","Wildlife Management Unit","","","False","True","67","DEC Region 2",""
"NY","2F","Wildlife Management Unit","","","False","True","68","DEC Region 2",""
"NY","2G","Wildlife Management Unit","","","False","True","69","DEC Region 2",""
"NY","2H","Wildlife Management Unit","","","False","True","70","DEC Region 2",""
"NY","2J","Wildlife Management Unit","","","False","True","71","DEC Region 2",""
"NY","2K","Wildlife Management Unit","","","False","True","72","DEC Region 2",""
"NY","2M","Wildlife Management Unit","","","False","True","73","DEC Region 2",""
"NY","2N","Wildlife Management Unit","","","False","True","74","DEC Region 2",""
"NY","2P","Wildlife Management Unit","","","False","True","75","DEC Region 2",""
"NY","2R","Wildlife Management Unit","","","False","True","76","DEC Region 2",""
"NY","2S","Wildlife Management Unit","","","False","True","77","DEC Region 2",""
"NY","3A","Wildlife Management Unit","","","False","True","78","DEC Region 3",""
"NY","3C","Wildlife Management Unit","","","False","True","79","DEC Region 3",""
"NY","3F","Wildlife Management Unit","","","False","True","80","DEC Region 3",""
"NY","3G","Wildlife Management Unit","","","False","True","81","DEC Region 3",""
"NY","3H","Wildlife Management Unit","","","False","True","82","DEC Region 3",""
"NY","3J","Wildlife Management Unit","","","False","True","83","DEC Region 3",""
"NY","3K","Wildlife Management Unit","","","False","True","84","DEC Region 3",""
"NY","3M","Wildlife Management Unit","","","False","True","85","DEC Region 3",""
"NY","3N","Wildlife Management Unit","","","False","True","86","DEC Region 3",""
"NY","3P","Wildlife Management Unit","","","False","True","87","DEC Region 3",""
"NY","3R","Wildlife Management Unit","","","False","True","88","DEC Region 3",""
"NY","3S","Wildlife Management Unit","","","False","True","89","DEC Region 3",""
"NY","4A","Wildlife Management Unit","","","False","True","90","DEC Region 4",""
"NY","4B","Wildlife Management Unit","","","False","True","91","DEC Region 4",""
"NY","4C","Wildlife Management Unit","","","False","True","92","DEC Region 4",""
"NY","4F","Wildlife Management Unit","","","False","True","93","DEC Region 4",""
"NY","4G","Wildlife Management Unit","","","False","True","94","DEC Region 4",""
"NY","4H","Wildlife Management Unit","","","False","True","95","DEC Region 4",""
"NY","4J","Wildlife Management Unit","","","False","True","96","DEC Region 4",""
"NY","4K","Wildlife Management Unit","","","False","True","97","DEC Region 4",""
"NY","4L","Wildlife Management Unit","","","False","True","98","DEC Region 4",""
"NY","4O","Wildlife Management Unit","","","False","True","99","DEC Region 4",""
"NY","4P","Wildlife Management Unit","","","False","True","100","DEC Region 4",""
"NY","4R","Wildlife Management Unit","","","False","True","101","DEC Region 4",""
"NY","4S","Wildlife Management Unit","","","False","True","102","DEC Region 4",""
"NY","4T","Wildlife Management Unit","","","False","True","103","DEC Region 4",""
"NY","4U","Wildlife Management Unit","","","False","True","104","DEC Region 4",""
"NY","4W","Wildlife Management Unit","","","False","True","105","DEC Region 4",""
"NY","4Y","Wildlife Management Unit","","","False","True","106","DEC Region 4",""
"NY","4Z","Wildlife Management Unit","","","False","True","107","DEC Region 4",""
"NY","5A","Wildlife Management Unit","","","False","True","108","DEC Region 5",""
"NY","5B","Wildlife Management Unit","","","False","True","109","DEC Region 5",""
"NY","5C","Wildlife Management Unit","","","False","True","110","DEC Region 5",""
"NY","5F","Wildlife Management Unit","","","False","True","111","DEC Region 5",""
"NY","5G","Wildlife Management Unit","","","False","True","112","DEC Region 5",""
"NY","5H","Wildlife Management Unit","","","False","True","113","DEC Region 5",""
"NY","5J","Wildlife Management Unit","","","False","True","114","DEC Region 5",""
"NY","5K","Wildlife Management Unit","","","False","True","115","DEC Region 5",""
"NY","5L","Wildlife Management Unit","","","False","True","116","DEC Region 5",""
"NY","5M","Wildlife Management Unit","","","False","True","117","DEC Region 5",""
"NY","5N","Wildlife Management Unit","","","False","True","118","DEC Region 5",""
"NY","5P","Wildlife Management Unit","","","False","True","119","DEC Region 5",""
"NY","5R","Wildlife Management Unit","","","False","True","120","DEC Region 5",""
"NY","5S","Wildlife Management Unit","","","False","True","121","DEC Region 5",""
"NY","6A","Wildlife Management Unit","","","False","True","122","DEC Region 6",""
"NY","6B","Wildlife Management Unit","","","False","True","123","DEC Region 6",""
"NY","6C","Wildlife Management Unit","","","False","True","124","DEC Region 6",""
"NY","6F","Wildlife Management Unit","","","False","True","125","DEC Region 6",""
"NY","6G","Wildlife Management Unit","","","False","True","126","DEC Region 6",""
"NY","6H","Wildlife Management Unit","","","False","True","127","DEC Region 6",""
"NY","6J","Wildlife Management Unit","","","False","True","128","DEC Region 6",""
"NY","6K","Wildlife Management Unit","","","False","True","129","DEC Region 6",""
"NY","6L","Wildlife Management Unit","","","False","True","130","DEC Region 6",""
"NY","7A","Wildlife Management Unit","","","False","True","131","DEC Region 7",""
"NY","7B","Wildlife Management Unit","","","False","True","132","DEC Region 7",""
"NY","7C","Wildlife Management Unit","","","False","True","133","DEC Region 7",""
"NY","7F","Wildlife Management Unit","","","False","True","134","DEC Region 7",""
"NY","7G","Wildlife Management Unit","","","False","True","135","DEC Region 7",""
"NY","7H","Wildlife Management Unit","","","False","True","136","DEC Region 7",""
"NY","7J","Wildlife Management Unit","","","False","True","137","DEC Region 7",""
"NY","7K","Wildlife Management Unit","","","False","True","138","DEC Region 7",""
"NY","7L","Wildlife Management Unit","","","False","True","139","DEC Region 7",""
"NY","7M","Wildlife Management Unit","","","False","True","140","DEC Region 7",""
"NY","7N","Wildlife Management Unit","","","False","True","141","DEC Region 7",""
"NY","7P","Wildlife Management Unit","","","False","True","142","DEC Region 7",""
"NY","7R","Wildlife Management Unit","","","False","True","143","DEC Region 7",""
"NY","8A","Wildlife Management Unit","","","False","True","144","DEC Region 8",""
"NY","8B","Wildlife Management Unit","","","False","True","145","DEC Region 8",""
"NY","8C","Wildlife Management Unit","","","False","True","146","DEC Region 8",""
"NY","8F","Wildlife Management Unit","","","False","True","147","DEC Region 8",""
"NY","8G","Wildlife Management Unit","","","False","True","148","DEC Region 8",""
"NY","8H","Wildlife Management Unit","","","False","True","149","DEC Region 8",""
"NY","8J","Wildlife Management Unit","","","False","True","150","DEC Region 8",""
"NY","8K","Wildlife Management Unit","","","False","True","151","DEC Region 8",""
"NY","8L","Wildlife Management Unit","","","False","True","152","DEC Region 8",""
"NY","8M","Wildlife Management Unit","","","False","True","153","DEC Region 8",""
"NY","8N","Wildlife Management Unit","","","False","True","154","DEC Region 8",""
"NY","8P","Wildlife Management Unit","","","False","True","155","DEC Region 8",""
"NY","8R","Wildlife Management Unit","","","False","True","156","DEC Region 8",""
"NY","8S","Wildlife Management Unit","","","False","True","157","DEC Region 8",""
"NY","8T","Wildlife Management Unit","","","False","True","158","DEC Region 8",""
"NY","9A","Wildlife Management Unit","","","False","True","159","DEC Region 9",""
"NY","9B","Wildlife Management Unit","","","False","True","160","DEC Region 9",""
"NY","9C","Wildlife Management Unit","","","False","True","161","DEC Region 9",""
"NY","9F","Wildlife Management Unit","","","False","True","162","DEC Region 9",""
"NY","9G","Wildlife Management Unit","","","False","True","163","DEC Region 9",""
"NY","9H","Wildlife Management Unit","","","False","True","164","DEC Region 9",""
"NY","9J","Wildlife Management Unit","","","False","True","165","DEC Region 9",""
"NY","9K","Wildlife Management Unit","","","False","True","166","DEC Region 9",""
"NY","9L","Wildlife Management Unit","","","False","True","167","DEC Region 9",""
"NY","9M","Wildlife Management Unit","","","False","True","168","DEC Region 9",""
"NY","9N","Wildlife Management Unit","","","False","True","169","DEC Region 9",""
"NY","9P","Wildlife Management Unit","","","False","True","170","DEC Region 9",""
"NY","9R","Wildlife Management Unit","","","False","True","171","DEC Region 9",""
"NY","9S","Wildlife Management Unit","","","False","True","172","DEC Region 9",""
"NY","9T","Wildlife Management Unit","","","False","True","173","DEC Region 9",""
"NY","9U","Wildlife Management Unit","","","False","True","174","DEC Region 9",""
"NY","9W","Wildlife Management Unit","","","False","True","175","DEC Region 9",""
"NY","9Y","Wildlife Management Unit","","","False","True","176","DEC Region 9",""
"NY","9Z","Wildlife Management Unit","","","False","True","177","DEC Region 9",""
"NC","Statewide","Statewide","","","True","True","1","Licenses not tied to a specific sub-unit",""
"NC","Alamance","County","","37001","False","True","2","",""
"NC","Alexander","County","","37003","False","True","3","",""
"NC","Alleghany","County","","37005","False","True","4","",""
"NC","Anson","County","","37007","False","True","5","",""
"NC","Ashe","County","","37009","False","True","6","",""
"NC","Avery","County","","37011","False","True","7","",""
"NC","Beaufort","County","","37013","False","True","8","",""
"NC","Bertie","County","","37015","False","True","9","",""
"NC","Bladen","County","","37017","False","True","10","",""
"NC","Brunswick","County","","37019","False","True","11","",""
"NC","Buncombe","County","","37021","False","True","12","",""
"NC","Burke","County","","37023","False","True","13","",""
"NC","Cabarrus","County","","37025","False","True","14","",""
"NC","Caldwell","County","","37027","False","True","15","",""
"NC","Camden","County","","37029","False","True","16","",""
"NC","Carteret","County","","37031","False","True","17","",""
"NC","Caswell","County","","37033","False","True","18","",""
"NC","Catawba","County","","37035","False","True","19","",""
"NC","Chatham","County","","37037","False","True","20","",""
"NC","Cherokee","County","","37039","False","True","21","",""
"NC","Chowan","County","","37041","False","True","22","",""
"NC","Clay","County","","37043","False","True","23","",""
"NC","Cleveland","County","","37045","False","True","24","",""
"NC","Columbus","County","","37047","False","True","25","",""
"NC","Craven","County","","37049","False","True","26","",""
"NC","Cumberland","County","","37051","False","True","27","",""
"NC","Currituck","County","","37053","False","True","28","",""
"NC","Dare","County","","37055","False","True","29","",""
"NC","Davidson","County","","37057","False","True","30","",""
"NC","Davie","County","","37059","False","True","31","",""
"NC","Duplin","County","","37061","False","True","32","",""
"NC","Durham","County","","37063","False","True","33","",""
"NC","Edgecombe","County","","37065","False","True","34","",""
"NC","Forsyth","County","","37067","False","True","35","",""
"NC","Franklin","County","","37069","False","True","36","",""
"NC","Gaston","County","","37071","False","True","37","",""
"NC","Gates","County","","37073","False","True","38","",""
"NC","Graham","County","","37075","False","True","39","",""
"NC","Granville","County","","37077","False","True","40","",""
"NC","Greene","County","","37079","False","True","41","",""
"NC","Guilford","County","","37081","False","True","42","",""
"NC","Halifax","County","","37083","False","True","43","",""
"NC","Harnett","County","","37085","False","True","44","",""
"NC","Haywood","County","","37087","False","True","45","",""
"NC","Henderson","County","","37089","False","True","46","",""
"NC","Hertford","County","","37091","False","True","47","",""
"NC","Hoke","County","","37093","False","True","48","",""
"NC","Hyde","County","","37095","False","True","49","",""
"NC","Iredell","County","","37097","False","True","50","",""
"NC","Jackson","County","","37099","False","True","51","",""
"NC","Johnston","County","","37101","False","True","52","",""
"NC","Jones","County","","37103","False","True","53","",""
"NC","Lee","County","","37105","False","True","54","",""
"NC","Lenoir","County","","37107","False","True","55","",""
"NC","Lincoln","County","","37109","False","True","56","",""
"NC","McDowell","County","","37111","False","True","57","",""
"NC","Macon","County","","37113","False","True","58","",""
"NC","Madison","County","","37115","False","True","59","",""
"NC","Martin","County","","37117","False","True","60","",""
"NC","Mecklenburg","County","","37119","False","True","61","",""
"NC","Mitchell","County","","37121","False","True","62","",""
"NC","Montgomery","County","","37123","False","True","63","",""
"NC","Moore","County","","37125","False","True","64","",""
"NC","Nash","County","","37127","False","True","65","",""
"NC","New Hanover","County","","37129","False","True","66","",""
"NC","Northampton","County","","37131","False","True","67","",""
"NC","Onslow","County","","37133","False","True","68","",""
"NC","Orange","County","","37135","False","True","69","",""
"NC","Pamlico","County","","37137","False","True","70","",""
"NC","Pasquotank","County","","37139","False","True","71","",""
"NC","Pender","County","","37141","False","True","72","",""
"NC","Perquimans","County","","37143","False","True","73","",""
"NC","Person","County","","37145","False","True","74","",""
"NC","Pitt","County","","37147","False","True","75","",""
"NC","Polk","County","","37149","False","True","76","",""
"NC","Randolph","County","","37151","False","True","77","",""
"NC","Richmond","County","","37153","False","True","78","",""
"NC","Robeson","County","","37155","False","True","79","",""
"NC","Rockingham","County","","37157","False","True","80","",""
"NC","Rowan","County","","37159","False","True","81","",""
"NC","Rutherford","County","","37161","False","True","82","",""
"NC","Sampson","County","","37163","False","True","83","",""
"NC","Scotland","County","","37165","False","True","84","",""
"NC","Stanly","County","","37167","False","True","85","",""
"NC","Stokes","County","","37169","False","True","86","",""
"NC","Surry","County","","37171","False","True","87","",""
"NC","Swain","County","","37173","False","True","88","",""
"NC","Transylvania","County","","37175","False","True","89","",""
"NC","Tyrrell","County","","37177","False","True","90","",""
"NC","Union","County","","37179","False","True","91","",""
"NC","Vance","County","","37181","False","True","92","",""
"NC","Wake","County","","37183","False","True","93","",""
"NC","Warren","County","","37185","False","True","94","",""
"NC","Washington","County","","37187","False","True","95","",""
"NC","Watauga","County","","37189","False","True","96","",""
"NC","Wayne","County","","37191","False","True","97","",""
"NC","Wilkes","County","","37193","False","True","98","",""
"NC","Wilson","County","","37195","False","True","99","",""
"NC","Yadkin","County","","37197","False","True","100","",""
"NC","Yancey","County","","37199","False","True","101","",""
"TN","Statewide","Statewide","","","True","True","1","Licenses not tied to a specific sub-unit",""
"TN","Anderson","County","","47001","False","True","2","",""
"TN","Bedford","County","","47003","False","True","3","",""
"TN","Benton","County","","47005","False","True","4","",""
"TN","Bledsoe","County","","47007","False","True","5","",""
"TN","Blount","County","","47009","False","True","6","",""
"TN","Bradley","County","","47011","False","True","7","",""
"TN","Campbell","County","","47013","False","True","8","",""
"TN","Cannon","County","","47015","False","True","9","",""
"TN","Carroll","County","","47017","False","True","10","",""
"TN","Carter","County","","47019","False","True","11","",""
"TN","Cheatham","County","","47021","False","True","12","",""
"TN","Chester","County","","47023","False","True","13","",""
"TN","Claiborne","County","","47025","False","True","14","",""
"TN","Clay","County","","47027","False","True","15","",""
"TN","Cocke","County","","47029","False","True","16","",""
"TN","Coffee","County","","47031","False","True","17","",""
"TN","Crockett","County","","47033","False","True","18","",""
"TN","Cumberland","County","","47035","False","True","19","",""
"TN","Davidson","County","","47037","False","True","20","",""
"TN","Decatur","County","","47039","False","True","21","",""
"TN","DeKalb","County","","47041","False","True","22","",""
"TN","Dickson","County","","47043","False","True","23","",""
"TN","Dyer","County","","47045","False","True","24","",""
"TN","Fayette","County","","47047","False","True","25","",""
"TN","Fentress","County","","47049","False","True","26","",""
"TN","Franklin","County","","47051","False","True","27","",""
"TN","Gibson","County","","47053","False","True","28","",""
"TN","Giles","County","","47055","False","True","29","",""
"TN","Grainger","County","","47057","False","True","30","",""
"TN","Greene","County","","47059","False","True","31","",""
"TN","Grundy","County","","47061","False","True","32","",""
"TN","Hamblen","County","","47063","False","True","33","",""
"TN","Hamilton","County","","47065","False","True","34","",""
"TN","Hancock","County","","47067","False","True","35","",""
"TN","Hardeman","County","","47069","False","True","36","",""
"TN","Hardin","County","","47071","False","True","37","",""
"TN","Hawkins","County","","47073","False","True","38","",""
"TN","Haywood","County","","47075","False","True","39","",""
"TN","Henderson","County","","47077","False","True","40","",""
"TN","Henry","County","","47079","False","True","41","",""
"TN","Hickman","County","","47081","False","True","42","",""
"TN","Houston","County","","47083","False","True","43","",""
"TN","Humphreys","County","","47085","False","True","44","",""
"TN","Jackson","County","","47087","False","True","45","",""
"TN","Jefferson","County","","47089","False","True","46","",""
"TN","Johnson","County","","47091","False","True","47","",""
"TN","Knox","County","","47093","False","True","48","",""
"TN","Lake","County","","47095","False","True","49","",""
"TN","Lauderdale","County","","47097","False","True","50","",""
"TN","Lawrence","County","","47099","False","True","51","",""
"TN","Lewis","County","","47101","False","True","52","",""
"TN","Lincoln","County","","47103","False","True","53","",""
"TN","Loudon","County","","47105","False","True","54","",""
"TN","McMinn","County","","47107","False","True","55","",""
"TN","McNairy","County","","47109","False","True","56","",""
"TN","Macon","County","","47111","False","True","57","",""
"TN","Madison","County","","47113","False","True","58","",""
"TN","Marion","County","","47115","False","True","59","",""
"TN","Marshall","County","","47117","False","True","60","",""
"TN","Maury","County","","47119","False","True","61","",""
"TN","Meigs","County","","47121","False","True","62","",""
"TN","Monroe","County","","47123","False","True","63","",""
"TN","Montgomery","County","","47125","False","True","64","",""
"TN","Moore","County","","47127","False","True","65","",""
"TN","Morgan","County","","47129","False","True","66","",""
"TN","Obion","County","","47131","False","True","67","",""
"TN","Overton","County","","47133","False","True","68","",""
"TN","Perry","County","","47135","False","True","69","",""
"TN","Pickett","County","","47137","False","True","70","",""
"TN","Polk","County","","47139","False","True","71","",""
"TN","Putnam","County","","47141","False","True","72","",""
"TN","Rhea","County","","47143","False","True","73","",""
"TN","Roane","County","","47145","False","True","74","",""
"TN","Robertson","County","","47147","False","True","75","",""
"TN","Rutherford","County","","47149","False","True","76","",""
"TN","Scott","County","","47151","False","True","77","",""
"TN","Sequatchie","County","","47153","False","True","78","",""
"TN","Sevier","County","","47155","False","True","79","",""
"TN","Shelby","County","","47157","False","True","80","",""
"TN","Smith","County","","47159","False","True","81","",""
"TN","Stewart","County","","47161","False","True","82","",""
"TN","Sullivan","County","","47163","False","True","83","",""
"TN","Sumner","County","","47165","False","True","84","",""
"TN","Tipton","County","","47167","False","True","85","",""
"TN","Trousdale","County","","47169","False","True","86","",""
"TN","Unicoi","County","","47171","False","True","87","",""
"TN","Union","County","","47173","False","True","88","",""
"TN","Van Buren","County","","47175","False","True","89","",""
"TN","Warren","County","","47177","False","True","90","",""
"TN","Washington","County","","47179","False","True","91","",""
"TN","Wayne","County","","47181","False","True","92","",""
"TN","Weakley","County","","47183","False","True","93","",""
"TN","White","County","","47185","False","True","94","",""
"TN","Williamson","County","","47187","False","True","95","",""
"TN","Wilson","County","","47189","False","True","96","",""
"TX","Statewide","Statewide","","","True","True","1","Licenses not tied to a specific sub-unit",""
"TX","Anderson","County","","48001","False","True","2","",""
"TX","Andrews","County","","48003","False","True","3","",""
"TX","Angelina","County","","48005","False","True","4","",""
"TX","Aransas","County","","48007","False","True","5","",""
"TX","Archer","County","","48009","False","True","6","",""
"TX","Armstrong","County","","48011","False","True","7","",""
"TX","Atascosa","County","","48013","False","True","8","",""
"TX","Austin","County","","48015","False","True","9","",""
"TX","Bailey","County","","48017","False","True","10","",""
"TX","Bandera","County","","48019","False","True","11","",""
"TX","Bastrop","County","","48021","False","True","12","",""
"TX","Baylor","County","","48023","False","True","13","",""
"TX","Bee","County","","48025","False","True","14","",""
"TX","Bell","County","","48027","False","True","15","",""
"TX","Bexar","County","","48029","False","True","16","",""
"TX","Blanco","County","","48031","False","True","17","",""
"TX","Borden","County","","48033","False","True","18","",""
"TX","Bosque","County","","48035","False","True","19","",""
"TX","Bowie","County","","48037","False","True","20","",""
"TX","Brazoria","County","","48039","False","True","21","",""
"TX","Brazos","County","","48041","False","True","22","",""
"TX","Brewster","County","","48043","False","True","23","",""
"TX","Briscoe","County","","48045","False","True","24","",""
"TX","Brooks","County","","48047","False","True","25","",""
"TX","Brown","County","","48049","False","True","26","",""
"TX","Burleson","County","","48051","False","True","27","",""
"TX","Burnet","County","","48053","False","True","28","",""
"TX","Caldwell","County","","48055","False","True","29","",""
"TX","Calhoun","County","","48057","False","True","30","",""
"TX","Callahan","County","","48059","False","True","31","",""
"TX","Cameron","County","","48061","False","True","32","",""
"TX","Camp","County","","48063","False","True","33","",""
"TX","Carson","County","","48065","False","True","34","",""
"TX","Cass","County","","48067","False","True","35","",""
"TX","Castro","County","","48069","False","True","36","",""
"TX","Chambers","County","","48071","False","True","37","",""
"TX","Cherokee","County","","48073","False","True","38","",""
"TX","Childress","County","","48075","False","True","39","",""
"TX","Clay","County","","48077","False","True","40","",""
"TX","Cochran","County","","48079","False","True","41","",""
"TX","Coke","County","","48081","False","True","42","",""
"TX","Coleman","County","","48083","False","True","43","",""
"TX","Collin","County","","48085","False","True","44","",""
"TX","Collingsworth","County","","48087","False","True","45","",""
"TX","Colorado","County","","48089","False","True","46","",""
"TX","Comal","County","","48091","False","True","47","",""
"TX","Comanche","County","","48093","False","True","48","",""
"TX","Concho","County","","48095","False","True","49","",""
"TX","Cooke","County","","48097","False","True","50","",""
"TX","Coryell","County","","48099","False","True","51","",""
"TX","Cottle","County","","48101","False","True","52","",""
"TX","Crane","County","","48103","False","True","53","",""
"TX","Crockett","County","","48105","False","True","54","",""
"TX","Crosby","County","","48107","False","True","55","",""
"TX","Culberson","County","","48109","False","True","56","",""
"TX","Dallam","County","","48111","False","True","57","",""
"TX","Dallas","County","","48113","False","True","58","",""
"TX","Dawson","County","","48115","False","True","59","",""
"TX","Deaf Smith","County","","48117","False","True","60","",""
"TX","Delta","County","","48119","False","True","61","",""
"TX","Denton","County","","48121","False","True","62","",""
"TX","DeWitt","County","","48123","False","True","63","",""
"TX","Dickens","County","","48125","False","True","64","",""
"TX","Dimmit","County","","48127","False","True","65","",""
"TX","Donley","County","","48129","False","True","66","",""
"TX","Duval","County","","48131","False","True","67","",""
"TX","Eastland","County","","48133","False","True","68","",""
"TX","Ector","County","","48135","False","True","69","",""
"TX","Edwards","County","","48137","False","True","70","",""
"TX","Ellis","County","","48139","False","True","71","",""
"TX","El Paso","County","","48141","False","True","72","",""
"TX","Erath","County","","48143","False","True","73","",""
"TX","Falls","County","","48145","False","True","74","",""
"TX","Fannin","County","","48147","False","True","75","",""
"TX","Fayette","County","","48149","False","True","76","",""
"TX","Fisher","County","","48151","False","True","77","",""
"TX","Floyd","County","","48153","False","True","78","",""
"TX","Foard","County","","48155","False","True","79","",""
"TX","Fort Bend","County","","48157","False","True","80","",""
"TX","Franklin","County","","48159","False","True","81","",""
"TX","Freestone","County","","48161","False","True","82","",""
"TX","Frio","County","","48163","False","True","83","",""
"TX","Gaines","County","","48165","False","True","84","",""
"TX","Galveston","County","","48167","False","True","85","",""
"TX","Garza","County","","48169","False","True","86","",""
"TX","Gillespie","County","","48171","False","True","87","",""
"TX","Glasscock","County","","48173","False","True","88","",""
"TX","Goliad","County","","48175","False","True","89","",""
"TX","Gonzales","County","","48177","False","True","90","",""
"TX","Gray","County","","48179","False","True","91","",""
"TX","Grayson","County","","48181","False","True","92","",""
"TX","Gregg","County","","48183","False","True","93","",""
"TX","Grimes","County","","48185","False","True","94","",""
"TX","Guadalupe","County","","48187","False","True","95","",""
"TX","Hale","County","","48189","False","True","96","",""
"TX","Hall","County","","48191","False","True","97","",""
"TX","Hamilton","County","","48193","False","True","98","",""
"TX","Hansford","County","","48195","False","True","99","",""
"TX","Hardeman","County","","48197","False","True","100","",""
"TX","Hardin","County","","48199","False","True","101","",""
"TX","Harris","County","","48201","False","True","102","",""
"TX","Harrison","County","","48203","False","True","103","",""
"TX","Hartley","County","","48205","False","True","104","",""
"TX","Haskell","County","","48207","False","True","105","",""
"TX","Hays","County","","48209","False","True","106","",""
"TX","Hemphill","County","","48211","False","True","107","",""
"TX","Henderson","County","","48213","False","True","108","",""
"TX","Hidalgo","County","","48215","False","True","109","",""
"TX","Hill","County","","48217","False","True","110","",""
"TX","Hockley","County","","48219","False","True","111","",""
"TX","Hood","County","","48221","False","True","112","",""
"TX","Hopkins","County","","48223","False","True","113","",""
"TX","Houston","County","","48225","False","True","114","",""
"TX","Howard","County","","48227","False","True","115","",""
"TX","Hudspeth","County","","48229","False","True","116","",""
"TX","Hunt","County","","48231","False","True","117","",""
"TX","Hutchinson","County","","48233","False","True","118","",""
"TX","Irion","County","","48235","False","True","119","",""
"TX","Jack","County","","48237","False","True","120","",""
"TX","Jackson","County","","48239","False","True","121","",""
"TX","Jasper","County","","48241","False","True","122","",""
"TX","Jeff Davis","County","","48243","False","True","123","",""
"TX","Jefferson","County","","48245","False","True","124","",""
"TX","Jim Hogg","County","","48247","False","True","125","",""
"TX","Jim Wells","County","","48249","False","True","126","",""
"TX","Johnson","County","","48251","False","True","127","",""
"TX","Jones","County","","48253","False","True","128","",""
"TX","Karnes","County","","48255","False","True","129","",""
"TX","Kaufman","County","","48257","False","True","130","",""
"TX","Kendall","County","","48259","False","True","131","",""
"TX","Kenedy","County","","48261","False","True","132","",""
"TX","Kent","County","","48263","False","True","133","",""
"TX","Kerr","County","","48265","False","True","134","",""
"TX","Kimble","County","","48267","False","True","135","",""
"TX","King","County","","48269","False","True","136","",""
"TX","Kinney","County","","48271","False","True","137","",""
"TX","Kleberg","County","","48273","False","True","138","",""
"TX","Knox","County","","48275","False","True","139","",""
"TX","La Salle","County","","48283","False","True","140","",""
"TX","Lamar","County","","48277","False","True","141","",""
"TX","Lamb","County","","48279","False","True","142","",""
"TX","Lampasas","County","","48281","False","True","143","",""
"TX","Lavaca","County","","48285","False","True","144","",""
"TX","Lee","County","","48287","False","True","145","",""
"TX","Leon","County","","48289","False","True","146","",""
"TX","Liberty","County","","48291","False","True","147","",""
"TX","Limestone","County","","48293","False","True","148","",""
"TX","Lipscomb","County","","48295","False","True","149","",""
"TX","Live Oak","County","","48297","False","True","150","",""
"TX","Llano","County","","48299","False","True","151","",""
"TX","Loving","County","","48301","False","True","152","",""
"TX","Lubbock","County","","48303","False","True","153","",""
"TX","Lynn","County","","48305","False","True","154","",""
"TX","McCulloch","County","","48307","False","True","155","",""
"TX","McLennan","County","","48309","False","True","156","",""
"TX","McMullen","County","","48311","False","True","157","",""
"TX","Madison","County","","48313","False","True","158","",""
"TX","Marion","County","","48315","False","True","159","",""
"TX","Martin","County","","48317","False","True","160","",""
"TX","Mason","County","","48319","False","True","161","",""
"TX","Matagorda","County","","48321","False","True","162","",""
"TX","Maverick","County","","48323","False","True","163","",""
"TX","Medina","County","","48325","False","True","164","",""
"TX","Menard","County","","48327","False","True","165","",""
"TX","Midland","County","","48329","False","True","166","",""
"TX","Milam","County","","48331","False","True","167","",""
"TX","Mills","County","","48333","False","True","168","",""
"TX","Mitchell","County","","48335","False","True","169","",""
"TX","Montague","County","","48337","False","True","170","",""
"TX","Montgomery","County","","48339","False","True","171","",""
"TX","Moore","County","","48341","False","True","172","",""
"TX","Morris","County","","48343","False","True","173","",""
"TX","Motley","County","","48345","False","True","174","",""
"TX","Nacogdoches","County","","48347","False","True","175","",""
"TX","Navarro","County","","48349","False","True","176","",""
"TX","Newton","County","","48351","False","True","177","",""
"TX","Nolan","County","","48353","False","True","178","",""
"TX","Nueces","County","","48355","False","True","179","",""
"TX","Ochiltree","County","","48357","False","True","180","",""
"TX","Oldham","County","","48359","False","True","181","",""
"TX","Orange","County","","48361","False","True","182","",""
"TX","Palo Pinto","County","","48363","False","True","183","",""
"TX","Panola","County","","48365","False","True","184","",""
"TX","Parker","County","","48367","False","True","185","",""
"TX","Parmer","County","","48369","False","True","186","",""
"TX","Pecos","County","","48371","False","True","187","",""
"TX","Polk","County","","48373","False","True","188","",""
"TX","Potter","County","","48375","False","True","189","",""
"TX","Presidio","County","","48377","False","True","190","",""
"TX","Rains","County","","48379","False","True","191","",""
"TX","Randall","County","","48381","False","True","192","",""
"TX","Reagan","County","","48383","False","True","193","",""
"TX","Real","County","","48385","False","True","194","",""
"TX","Red River","County","","48387","False","True","195","",""
"TX","Reeves","County","","48389","False","True","196","",""
"TX","Refugio","County","","48391","False","True","197","",""
"TX","Roberts","County","","48393","False","True","198","",""
"TX","Robertson","County","","48395","False","True","199","",""
"TX","Rockwall","County","","48397","False","True","200","",""
"TX","Runnels","County","","48399","False","True","201","",""
"TX","Rusk","County","","48401","False","True","202","",""
"TX","Sabine","County","","48403","False","True","203","",""
"TX","San Augustine","County","","48405","False","True","204","",""
"TX","San Jacinto","County","","48407","False","True","205","",""
"TX","San Patricio","County","","48409","False","True","206","",""
"TX","San Saba","County","","48411","False","True","207","",""
"TX","Schleicher","County","","48413","False","True","208","",""
"TX","Scurry","County","","48415","False","True","209","",""
"TX","Shackelford","County","","48417","False","True","210","",""
"TX","Shelby","County","","48419","False","True","211","",""
"TX","Sherman","County","","48421","False","True","212","",""
"TX","Smith","County","","48423","False","True","213","",""
"TX","Somervell","County","","48425","False","True","214","",""
"TX","Starr","County","","48427","False","True","215","",""
"TX","Stephens","County","","48429","False","True","216","",""
"TX","Sterling","County","","48431","False","True","217","",""
"TX","Stonewall","County","","48433","False","True","218","",""
"TX","Sutton","County","","48435","False","True","219","",""
"TX","Swisher","County","","48437","False","True","220","",""
"TX","Tarrant","County","","48439","False","True","221","",""
"TX","Taylor","County","","48441","False","True","222","",""
"TX","Terrell","County","","48443","False","True","223","",""
"TX","Terry","County","","48445","False","True","224","",""
"TX","Throckmorton","County","","48447","False","True","225","",""
"TX","Titus","County","","48449","False","True","226","",""
"TX","Tom Green","County","","48451","False","True","227","",""
"TX","Travis","County","","48453","False","True","228","",""
"TX","Trinity","County","","48455","False","True","229","",""
"TX","Tyler","County","","48457","False","True","230","",""
"TX","Upshur","County","","48459","False","True","231","",""
"TX","Upton","County","","48461","False","True","232","",""
"TX","Uvalde","County","","48463","False","True","233","",""
"TX","Val Verde","County","","48465","False","True","234","",""
"TX","Van Zandt","County","","48467","False","True","235","",""
"TX","Victoria","County","","48469","False","True","236","",""
"TX","Walker","County","","48471","False","True","237","",""
"TX","Waller","County","","48473","False","True","238","",""
"TX","Ward","County","","48475","False","True","239","",""
"TX","Washington","County","","48477","False","True","240","",""
"TX","Webb","County","","48479","False","True","241","",""
"TX","Wharton","County","","48481","False","True","242","",""
"TX","Wheeler","County","","48483","False","True","243","",""
"TX","Wichita","County","","48485","False","True","244","",""
"TX","Wilbarger","County","","48487","False","True","245","",""
"TX","Willacy","County","","48489","False","True","246","",""
"TX","Williamson","County","","48491","False","True","247","",""
"TX","Wilson","County","","48493","False","True","248","",""
"TX","Winkler","County","","48495","False","True","249","",""
"TX","Wise","County","","48497","False","True","250","",""
"TX","Wood","County","","48499","False","True","251","",""
"TX","Yoakum","County","","48501","False","True","252","",""
"TX","Young","County","","48503","False","True","253","",""
"TX","Zapata","County","","48505","False","True","254","",""
"TX","Zavala","County","","48507","False","True","255","",""
"VT","Statewide","Statewide","","","True","True","0","Licenses not tied to a specific sub-unit",""
"VT","A","Wildlife Management Unit","","","False","True","15","WMUs established 1979; pre-1979 antique licenses unlikely to reference management units",""
"VT","B","Wildlife Management Unit","","","False","True","16","WMUs established 1979; pre-1979 antique licenses unlikely to reference management units",""
"VT","C","Wildlife Management Unit","","","False","True","17","WMUs established 1979; pre-1979 antique licenses unlikely to reference management units",""
"VT","D1","Wildlife Management Unit","","","False","True","18","WMUs established 1979; pre-1979 antique licenses unlikely to reference management units",""
"VT","D2","Wildlife Management Unit","","","False","True","19","WMUs established 1979; pre-1979 antique licenses unlikely to reference management units",""
"VT","E1","Wildlife Management Unit","","","False","True","20","WMUs established 1979; pre-1979 antique licenses unlikely to reference management units",""
"VT","E2","Wildlife Management Unit","","","False","True","21","WMUs established 1979; pre-1979 antique licenses unlikely to reference management units",""
"VT","F1","Wildlife Management Unit","","","False","True","22","WMUs established 1979; pre-1979 antique licenses unlikely to reference management units",""
"VT","F2","Wildlife Management Unit","","","False","True","23","WMUs established 1979; pre-1979 antique licenses unlikely to reference management units",""
"VT","G","Wildlife Management Unit","","","False","True","24","WMUs established 1979; pre-1979 antique licenses unlikely to reference management units",""
"VT","H","Wildlife Management Unit","","","False","True","25","WMUs established 1979; pre-1979 antique licenses unlikely to reference management units",""
"VT","I","Wildlife Management Unit","","","False","True","26","WMUs established 1979; pre-1979 antique licenses unlikely to reference management units",""
"VT","J1","Wildlife Management Unit","","","False","True","27","WMUs established 1979; pre-1979 antique licenses unlikely to reference management units",""
"VT","J2","Wildlife Management Unit","","","False","True","28","WMUs established 1979; pre-1979 antique licenses unlikely to reference management units",""
"VT","K","Wildlife Management Unit","","","False","True","29","WMUs established 1979; pre-1979 antique licenses unlikely to reference management units",""
"VT","L","Wildlife Management Unit","","","False","True","30","WMUs established 1979; pre-1979 antique licenses unlikely to reference management units",""
"VT","M","Wildlife Management Unit","","","False","True","31","WMUs established 1979; pre-1979 antique licenses unlikely to reference management units",""
"VT","N","Wildlife Management Unit","","","False","True","32","WMUs established 1979; pre-1979 antique licenses unlikely to reference management units",""
"VT","O","Wildlife Management Unit","","","False","True","33","WMUs established 1979; pre-1979 antique licenses unlikely to reference management units",""
"VT","P","Wildlife Management Unit","","","False","True","34","WMUs established 1979; pre-1979 antique licenses unlikely to reference management units",""
"VT","Q","Wildlife Management Unit","","","False","True","35","WMUs established 1979; pre-1979 antique licenses unlikely to reference management units",""
"VA","Statewide","Statewide","","","True","True","1","Licenses not tied to a specific sub-unit",""
"VA","Accomack","County","","51001","False","True","2","",""
"VA","Albemarle","County","","51003","False","True","3","",""
"VA","Alleghany","County","","51005","False","True","4","",""
"VA","Amelia","County","","51007","False","True","5","",""
"VA","Amherst","County","","51009","False","True","6","",""
"VA","Appomattox","County","","51011","False","True","7","",""
"VA","Arlington","County","","51013","False","True","8","",""
"VA","Augusta","County","","51015","False","True","9","",""
"VA","Bath","County","","51017","False","True","10","",""
"VA","Bedford County","County","","51019","False","True","11","",""
"VA","Bland","County","","51021","False","True","12","",""
"VA","Botetourt","County","","51023","False","True","13","",""
"VA","Brunswick","County","","51025","False","True","14","",""
"VA","Buchanan","County","","51027","False","True","15","",""
"VA","Buckingham","County","","51029","False","True","16","",""
"VA","Campbell","County","","51031","False","True","17","",""
"VA","Caroline","County","","51033","False","True","18","",""
"VA","Carroll","County","","51035","False","True","19","",""
"VA","Charles City","County","","51036","False","True","20","",""
"VA","Charlotte","County","","51037","False","True","21","",""
"VA","Chesterfield","County","","51041","False","True","22","",""
"VA","Clarke","County","","51043","False","True","23","",""
"VA","Craig","County","","51045","False","True","24","",""
"VA","Culpeper","County","","51047","False","True","25","",""
"VA","Cumberland","County","","51049","False","True","26","",""
"VA","Dickenson","County","","51051","False","True","27","",""
"VA","Dinwiddie","County","","51053","False","True","28","",""
"VA","Essex","County","","51057","False","True","29","",""
"VA","Fairfax County","County","","51059","False","True","30","",""
"VA","Fauquier","County","","51061","False","True","31","",""
"VA","Floyd","County","","51063","False","True","32","",""
"VA","Fluvanna","County","","51065","False","True","33","",""
"VA","Franklin County","County","","51067","False","True","34","",""
"VA","Frederick","County","","51069","False","True","35","",""
"VA","Giles","County","","51071","False","True","36","",""
"VA","Gloucester","County","","51073","False","True","37","",""
"VA","Goochland","County","","51075","False","True","38","",""
"VA","Grayson","County","","51077","False","True","39","",""
"VA","Greene","County","","51079","False","True","40","",""
"VA","Greensville","County","","51081","False","True","41","",""
"VA","Halifax","County","","51083","False","True","42","",""
"VA","Hanover","County","","51085","False","True","43","",""
"VA","Henrico","County","","51087","False","True","44","",""
"VA","Henry","County","","51089","False","True","45","",""
"VA","Highland","County","","51091","False","True","46","",""
"VA","Isle of Wight","County","","51093","False","True","47","",""
"VA","James City","County","","51095","False","True","48","",""
"VA","King and Queen","County","","51097","False","True","49","",""
"VA","King George","County","","51099","False","True","50","",""
"VA","King William","County","","51101","False","True","51","",""
"VA","Lancaster","County","","51103","False","True","52","",""
"VA","Lee","County","","51105","False","True","53","",""
"VA","Loudoun","County","","51107","False","True","54","",""
"VA","Louisa","County","","51109","False","True","55","",""
"VA","Lunenburg","County","","51111","False","True","56","",""
"VA","Madison","County","","51113","False","True","57","",""
"VA","Mathews","County","","51115","False","True","58","",""
"VA","Mecklenburg","County","","51117","False","True","59","",""
"VA","Middlesex","County","","51119","False","True","60","",""
"VA","Montgomery","County","","51121","False","True","61","",""
"VA","Nelson","County","","51125","False","True","62","",""
"VA","New Kent","County","","51127","False","True","63","",""
"VA","Northampton","County","","51131","False","True","64","",""
"VA","Northumberland","County","","51133","False","True","65","",""
"VA","Nottoway","County","","51135","False","True","66","",""
"VA","Orange","County","","51137","False","True","67","",""
"VA","Page","County","","51139","False","True","68","",""
"VA","Patrick","County","","51141","False","True","69","",""
"VA","Pittsylvania","County","","51143","False","True","70","",""
"VA","Powhatan","County","","51145","False","True","71","",""
"VA","Prince Edward","County","","51147","False","True","72","",""
"VA","Prince George","County","","51149","False","True","73","",""
"VA","Prince William","County","","51153","False","True","74","",""
"VA","Pulaski","County","","51155","False","True","75","",""
"VA","Rappahannock","County","","51157","False","True","76","",""
"VA","Richmond County","County","","51159","False","True","77","",""
"VA","Roanoke County","County","","51161","False","True","78","",""
"VA","Rockbridge","County","","51163","False","True","79","",""
"VA","Rockingham","County","","51165","False","True","80","",""
"VA","Russell","County","","51167","False","True","81","",""
"VA","Scott","County","","51169","False","True","82","",""
"VA","Shenandoah","County","","51171","False","True","83","",""
"VA","Smyth","County","","51173","False","True","84","",""
"VA","Southampton","County","","51175","False","True","85","",""
"VA","Spotsylvania","County","","51177","False","True","86","",""
"VA","Stafford","County","","51179","False","True","87","",""
"VA","Surry","County","","51181","False","True","88","",""
"VA","Sussex","County","","51183","False","True","89","",""
"VA","Tazewell","County","","51185","False","True","90","",""
"VA","Warren","County","","51187","False","True","91","",""
"VA","Washington County","County","","51191","False","True","92","",""
"VA","Westmoreland","County","","51193","False","True","93","",""
"VA","Wise","County","","51195","False","True","94","",""
"VA","Wythe","County","","51197","False","True","95","",""
"VA","York","County","","51199","False","True","96","",""
"VA","Alexandria","Independent City","","51510","False","True","97","",""
"VA","Bedford City","Independent City","","51515","False","True","98","",""
"VA","Bristol","Independent City","","51520","False","True","99","",""
"VA","Buena Vista","Independent City","","51530","False","True","100","",""
"VA","Charlottesville","Independent City","","51540","False","True","101","",""
"VA","Chesapeake","Independent City","","51550","False","True","102","",""
"VA","Colonial Heights","Independent City","","51570","False","True","103","",""
"VA","Covington","Independent City","","51580","False","True","104","",""
"VA","Danville","Independent City","","51590","False","True","105","",""
"VA","Emporia","Independent City","","51595","False","True","106","",""
"VA","Fairfax City","Independent City","","51600","False","True","107","",""
"VA","Falls Church","Independent City","","51610","False","True","108","",""
"VA","Franklin City","Independent City","","51620","False","True","109","",""
"VA","Fredericksburg","Independent City","","51630","False","True","110","",""
"VA","Galax","Independent City","","51640","False","True","111","",""
"VA","Hampton","Independent City","","51650","False","True","112","",""
"VA","Harrisonburg","Independent City","","51660","False","True","113","",""
"VA","Hopewell","Independent City","","51670","False","True","114","",""
"VA","Lexington","Independent City","","51678","False","True","115","",""
"VA","Lynchburg","Independent City","","51680","False","True","116","",""
"VA","Manassas","Independent City","","51683","False","True","117","",""
"VA","Manassas Park","Independent City","","51685","False","True","118","",""
"VA","Martinsville","Independent City","","51690","False","True","119","",""
"VA","Newport News","Independent City","","51700","False","True","120","",""
"VA","Norfolk City","Independent City","","51710","False","True","121","",""
"VA","Norton","Independent City","","51720","False","True","122","",""
"VA","Petersburg","Independent City","","51730","False","True","123","",""
"VA","Poquoson","Independent City","","51735","False","True","124","",""
"VA","Portsmouth","Independent City","","51740","False","True","125","",""
"VA","Radford","Independent City","","51750","False","True","126","",""
"VA","Richmond City","Independent City","","51760","False","True","127","",""
"VA","Roanoke City","Independent City","","51770","False","True","128","",""
"VA","Salem","Independent City","","51775","False","True","129","",""
"VA","Staunton","Independent City","","51790","False","True","130","",""
"VA","Suffolk","Independent City","","51800","False","True","131","",""
"VA","Virginia Beach","Independent City","","51810","False","True","132","",""
"VA","Waynesboro","Independent City","","51820","False","True","133","",""
"VA","Williamsburg","Independent City","","51830","False","True","134","",""
"VA","Winchester","Independent City","","51840","False","True","135","",""
"WV","Statewide","Statewide","","","True","True","1","Licenses not tied to a specific sub-unit",""
"WV","Barbour","County","","54001","False","True","2","",""
"WV","Berkeley","County","","54003","False","True","3","",""
"WV","Boone","County","","54005","False","True","4","",""
"WV","Braxton","County","","54007","False","True","5","",""
"WV","Brooke","County","","54009","False","True","6","",""
"WV","Cabell","County","","54011","False","True","7","",""
"WV","Calhoun","County","","54013","False","True","8","",""
"WV","Clay","County","","54015","False","True","9","",""
"WV","Doddridge","County","","54017","False","True","10","",""
"WV","Fayette","County","","54019","False","True","11","",""
"WV","Gilmer","County","","54021","False","True","12","",""
"WV","Grant","County","","54023","False","True","13","",""
"WV","Greenbrier","County","","54025","False","True","14","",""
"WV","Hampshire","County","","54027","False","True","15","",""
"WV","Hancock","County","","54029","False","True","16","",""
"WV","Hardy","County","","54031","False","True","17","",""
"WV","Harrison","County","","54033","False","True","18","",""
"WV","Jackson","County","","54035","False","True","19","",""
"WV","Jefferson","County","","54037","False","True","20","",""
"WV","Kanawha","County","","54039","False","True","21","",""
"WV","Lewis","County","","54041","False","True","22","",""
"WV","Lincoln","County","","54043","False","True","23","",""
"WV","Logan","County","","54045","False","True","24","",""
"WV","McDowell","County","","54047","False","True","25","",""
"WV","Marion","County","","54049","False","True","26","",""
"WV","Marshall","County","","54051","False","True","27","",""
"WV","Mason","County","","54053","False","True","28","",""
"WV","Mercer","County","","54055","False","True","29","",""
"WV","Mineral","County","","54057","False","True","30","",""
"WV","Mingo","County","","54059","False","True","31","",""
"WV","Monongalia","County","","54061","False","True","32","",""
"WV","Monroe","County","","54063","False","True","33","",""
"WV","Morgan","County","","54065","False","True","34","",""
"WV","Nicholas","County","","54067","False","True","35","",""
"WV","Ohio","County","","54069","False","True","36","",""
"WV","Pendleton","County","","54071","False","True","37","",""
"WV","Pleasants","County","","54073","False","True","38","",""
"WV","Pocahontas","County","","54075","False","True","39","",""
"WV","Preston","County","","54077","False","True","40","",""
"WV","Putnam","County","","54079","False","True","41","",""
"WV","Raleigh","County","","54081","False","True","42","",""
"WV","Randolph","County","","54083","False","True","43","",""
"WV","Ritchie","County","","54085","False","True","44","",""
"WV","Roane","County","","54087","False","True","45","",""
"WV","Summers","County","","54089","False","True","46","",""
"WV","Taylor","County","","54091","False","True","47","",""
"WV","Tucker","County","","54093","False","True","48","",""
"WV","Tyler","County","","54095","False","True","49","",""
"WV","Upshur","County","","54097","False","True","50","",""
"WV","Wayne","County","","54099","False","True","51","",""
"WV","Webster","County","","54101","False","True","52","",""
"WV","Wetzel","County","","54103","False","True","53","",""
"WV","Wirt","County","","54105","False","True","54","",""
"WV","Wood","County","","54107","False","True","55","",""
"WV","Wyoming","County","","54109","False","True","56","",""
"WI","Statewide","Statewide","","","True","True","1","Licenses not tied to a specific sub-unit",""
"WI","Adams","County","","55001","False","True","2","",""
"WI","Ashland","County","","55003","False","True","3","",""
"WI","Barron","County","","55005","False","True","4","",""
"WI","Bayfield","County","","55007","False","True","5","",""
"WI","Brown","County","","55009","False","True","6","",""
"WI","Buffalo","County","","55011","False","True","7","",""
"WI","Burnett","County","","55013","False","True","8","",""
"WI","Calumet","County","","55015","False","True","9","",""
"WI","Chippewa","County","","55017","False","True","10","",""
"WI","Clark","County","","55019","False","True","11","",""
"WI","Columbia","County","","55021","False","True","12","",""
"WI","Crawford","County","","55023","False","True","13","",""
"WI","Dane","County","","55025","False","True","14","",""
"WI","Dodge","County","","55027","False","True","15","",""
"WI","Door","County","","55029","False","True","16","",""
"WI","Douglas","County","","55031","False","True","17","",""
"WI","Dunn","County","","55033","False","True","18","",""
"WI","Eau Claire","County","","55035","False","True","19","",""
"WI","Florence","County","","55037","False","True","20","",""
"WI","Fond du Lac","County","","55039","False","True","21","",""
"WI","Forest","County","","55041","False","True","22","",""
"WI","Grant","County","","55043","False","True","23","",""
"WI","Green","County","","55045","False","True","24","",""
"WI","Green Lake","County","","55047","False","True","25","",""
"WI","Iowa","County","","55049","False","True","26","",""
"WI","Iron","County","","55051","False","True","27","",""
"WI","Jackson","County","","55053","False","True","28","",""
"WI","Jefferson","County","","55055","False","True","29","",""
"WI","Juneau","County","","55057","False","True","30","",""
"WI","Kenosha","County","","55059","False","True","31","",""
"WI","Kewaunee","County","","55061","False","True","32","",""
"WI","La Crosse","County","","55063","False","True","33","",""
"WI","Lafayette","County","","55065","False","True","34","",""
"WI","Langlade","County","","55067","False","True","35","",""
"WI","Lincoln","County","","55069","False","True","36","",""
"WI","Manitowoc","County","","55071","False","True","37","",""
"WI","Marathon","County","","55073","False","True","38","",""
"WI","Marinette","County","","55075","False","True","39","",""
"WI","Marquette","County","","55077","False","True","40","",""
"WI","Menominee","County","","55078","False","True","41","",""
"WI","Milwaukee","County","","55079","False","True","42","",""
"WI","Monroe","County","","55081","False","True","43","",""
"WI","Oconto","County","","55083","False","True","44","",""
"WI","Oneida","County","","55085","False","True","45","",""
"WI","Outagamie","County","","55087","False","True","46","",""
"WI","Ozaukee","County","","55089","False","True","47","",""
"WI","Pepin","County","","55091","False","True","48","",""
"WI","Pierce","County","","55093","False","True","49","",""
"WI","Polk","County","","55095","False","True","50","",""
"WI","Portage","County","","55097","False","True","51","",""
"WI","Price","County","","55099","False","True","52","",""
"WI","Racine","County","","55101","False","True","53","",""
"WI","Richland","County","","55103","False","True","54","",""
"WI","Rock","County","","55105","False","True","55","",""
"WI","Rusk","County","","55107","False","True","56","",""
"WI","St. Croix","County","","55109","False","True","57","",""
"WI","Sauk","County","","55111","False","True","58","",""
"WI","Sawyer","County","","55113","False","True","59","",""
"WI","Shawano","County","","55115","False","True","60","",""
"WI","Sheboygan","County","","55117","False","True","61","",""
"WI","Taylor","County","","55119","False","True","62","",""
"WI","Trempealeau","County","","55121","False","True","63","",""
"WI","Vernon","County","","55123","False","True","64","",""
"WI","Vilas","County","","55125","False","True","65","",""
"WI","Walworth","County","","55127","False","True","66","",""
"WI","Washburn","County","","55129","False","True","67","",""
"WI","Washington","County","","55131","False","True","68","",""
"WI","Waukesha","County","","55133","False","True","69","",""
"WI","Waupaca","County","","55135","False","True","70","",""
"WI","Waushara","County","","55137","False","True","71","",""
"WI","Winnebago","County","","55139","False","True","72","",""
"WI","Wood","County","","55141","False","True","73","",""
"WY","Statewide","Statewide","","","True","True","0","Licenses not tied to a specific sub-unit",""
"WY","Area 1 (Crook)","Hunt Area","1","","False","True","24","Deer hunt area; elk/antelope areas use different numbering",""
"WY","Area 2 (Bearlodge)","Hunt Area","2","","False","True","25","Deer hunt area; elk/antelope areas use different numbering",""
"WY","Area 3 (Keyhole)","Hunt Area","3","","False","True","26","Deer hunt area; elk/antelope areas use different numbering",""
"WY","Area 4 (Arch Creek)","Hunt Area","4","","False","True","27","Deer hunt area; elk/antelope areas use different numbering",""
"WY","Area 5 (Inyan Kara)","Hunt Area","5","","False","True","28","Deer hunt area; elk/antelope areas use different numbering",""
"WY","Area 6 (S. Newcastle)","Hunt Area","6","","False","True","29","Deer hunt area; elk/antelope areas use different numbering",""
"WY","Area 7 (S. Upton)","Hunt Area","7","","False","True","30","Deer hunt area; elk/antelope areas use different numbering",""
"WY","Area 8 (Niobrara)","Hunt Area","8","","False","True","31","Deer hunt area; elk/antelope areas use different numbering",""
"WY","Area 9 (Lance Creek)","Hunt Area","9","","False","True","32","Deer hunt area; elk/antelope areas use different numbering",""
"WY","Area 10 (Lake De Smet)","Hunt Area","10","","False","True","33","Deer hunt area; elk/antelope areas use different numbering",""
"WY","Area 11 (N. Newcastle)","Hunt Area","11","","False","True","34","Deer hunt area; elk/antelope areas use different numbering",""
"WY","Area 12 (Moorcroft)","Hunt Area","12","","False","True","35","Deer hunt area; elk/antelope areas use different numbering",""
"WY","Area 13 (Sundance)","Hunt Area","13","","False","True","36","Deer hunt area; elk/antelope areas use different numbering",""
"WY","Area 14 (Hulett)","Hunt Area","14","","False","True","37","Deer hunt area; elk/antelope areas use different numbering",""
"WY","Area 15 (N. Devils Tower)","Hunt Area","15","","False","True","38","Deer hunt area; elk/antelope areas use different numbering",""
"WY","Area 16 (S. Devils Tower)","Hunt Area","16","","False","True","39","Deer hunt area; elk/antelope areas use different numbering",""
"WY","Area 17 (Missouri Buttes)","Hunt Area","17","","False","True","40","Deer hunt area; elk/antelope areas use different numbering",""
"WY","Area 18 (Campbell N.)","Hunt Area","18","","False","True","41","Deer hunt area; elk/antelope areas use different numbering",""
"WY","Area 19 (Campbell S.)","Hunt Area","19","","False","True","42","Deer hunt area; elk/antelope areas use different numbering",""
"WY","Area 20 (Gillette)","Hunt Area","20","","False","True","43","Deer hunt area; elk/antelope areas use different numbering",""
"WY","Area 21 (NE Wyoming)","Hunt Area","21","","False","True","44","Deer hunt area; elk/antelope areas use different numbering",""
"WY","Area 22 (Powder River)","Hunt Area","22","","False","True","45","Deer hunt area; elk/antelope areas use different numbering",""
"WY","Area 23 (Pumpkin Buttes)","Hunt Area","23","","False","True","46","Deer hunt area; elk/antelope areas use different numbering",""
"WY","Area 24 (S. Powder River)","Hunt Area","24","","False","True","47","Deer hunt area; elk/antelope areas use different numbering",""
"WY","Area 25 (Edgerton)","Hunt Area","25","","False","True","48","Deer hunt area; elk/antelope areas use different numbering",""
"WY","Area 26 (Sheridan N.)","Hunt Area","26","","False","True","49","Deer hunt area; elk/antelope areas use different numbering",""
"WY","Area 27 (Sheridan S.)","Hunt Area","27","","False","True","50","Deer hunt area; elk/antelope areas use different numbering",""
"WY","Area 28 (Bighorn N.)","Hunt Area","28","","False","True","51","Deer hunt area; elk/antelope areas use different numbering",""
"WY","Area 29 (Bighorn S.)","Hunt Area","29","","False","True","52","Deer hunt area; elk/antelope areas use different numbering",""
"WY","Area 30 (Tensleep)","Hunt Area","30","","False","True","53","Deer hunt area; elk/antelope areas use different numbering",""
"WY","Area 31 (Hyattville)","Hunt Area","31","","False","True","54","Deer hunt area; elk/antelope areas use different numbering",""
"WY","Area 32 (Ten Sleep Canyon)","Hunt Area","32","","False","True","55","Deer hunt area; elk/antelope areas use different numbering",""
"WY","Area 33 (Worland N.)","Hunt Area","33","","False","True","56","Deer hunt area; elk/antelope areas use different numbering",""
"WY","Area 34 (Worland S.)","Hunt Area","34","","False","True","57","Deer hunt area; elk/antelope areas use different numbering",""
"WY","Area 35 (Basin)","Hunt Area","35","","False","True","58","Deer hunt area; elk/antelope areas use different numbering",""
"WY","Area 36 (Greybull)","Hunt Area","36","","False","True","59","Deer hunt area; elk/antelope areas use different numbering",""
"WY","Area 37 (Meeteetse)","Hunt Area","37","","False","True","60","Deer hunt area; elk/antelope areas use different numbering",""
"WY","Area 38 (Cody N.)","Hunt Area","38","","False","True","61","Deer hunt area; elk/antelope areas use different numbering",""
"WY","Area 39 (Cody S.)","Hunt Area","39","","False","True","62","Deer hunt area; elk/antelope areas use different numbering",""
"WY","Area 40 (Clark's Fork)","Hunt Area","40","","False","True","63","Deer hunt area; elk/antelope areas use different numbering",""
"WY","Area 41 (Sunlight)","Hunt Area","41","","False","True","64","Deer hunt area; elk/antelope areas use different numbering",""
"WY","Area 42 (Wapiti)","Hunt Area","42","","False","True","65","Deer hunt area; elk/antelope areas use different numbering",""
"WY","Area 43 (Carter Mtn.)","Hunt Area","43","","False","True","66","Deer hunt area; elk/antelope areas use different numbering",""
"WY","Area 44 (S. Absaroka)","Hunt Area","44","","False","True","67","Deer hunt area; elk/antelope areas use different numbering",""
"WY","Area 45 (Ishawooa)","Hunt Area","45","","False","True","68","Deer hunt area; elk/antelope areas use different numbering",""
"WY","Area 46 (Togwotee)","Hunt Area","46","","False","True","69","Deer hunt area; elk/antelope areas use different numbering",""
"WY","Area 47 (Dubois)","Hunt Area","47","","False","True","70","Deer hunt area; elk/antelope areas use different numbering",""
"WY","Area 48 (Gannett)","Hunt Area","48","","False","True","71","Deer hunt area; elk/antelope areas use different numbering",""
"WY","Area 49 (New Fork)","Hunt Area","49","","False","True","72","Deer hunt area; elk/antelope areas use different numbering",""
"WY","Area 50 (Boulder)","Hunt Area","50","","False","True","73","Deer hunt area; elk/antelope areas use different numbering",""
"WY","Area 51 (Pinedale)","Hunt Area","51","","False","True","74","Deer hunt area; elk/antelope areas use different numbering",""
"WY","Area 52 (Hoback)","Hunt Area","52","","False","True","75","Deer hunt area; elk/antelope areas use different numbering",""
"WY","Area 53 (Greys River)","Hunt Area","53","","False","True","76","Deer hunt area; elk/antelope areas use different numbering",""
"WY","Area 54 (Star Valley)","Hunt Area","54","","False","True","77","Deer hunt area; elk/antelope areas use different numbering",""
"WY","Area 55 (Afton)","Hunt Area","55","","False","True","78","Deer hunt area; elk/antelope areas use different numbering",""
"WY","Area 56 (Alpine)","Hunt Area","56","","False","True","79","Deer hunt area; elk/antelope areas use different numbering",""
"WY","Area 57 (Teton)","Hunt Area","57","","False","True","80","Deer hunt area; elk/antelope areas use different numbering",""
"WY","Area 58 (Jackson Hole)","Hunt Area","58","","False","True","81","Deer hunt area; elk/antelope areas use different numbering",""
"WY","Area 59 (Gros Ventre)","Hunt Area","59","","False","True","82","Deer hunt area; elk/antelope areas use different numbering",""
"WY","Area 60 (Granite)","Hunt Area","60","","False","True","83","Deer hunt area; elk/antelope areas use different numbering",""
"WY","Area 61 (S. Wind River)","Hunt Area","61","","False","True","84","Deer hunt area; elk/antelope areas use different numbering",""
"WY","Area 62 (Lander)","Hunt Area","62","","False","True","85","Deer hunt area; elk/antelope areas use different numbering",""
"WY","Area 63 (Riverton)","Hunt Area","63","","False","True","86","Deer hunt area; elk/antelope areas use different numbering",""
"WY","Area 64 (Shoshoni)","Hunt Area","64","","False","True","87","Deer hunt area; elk/antelope areas use different numbering",""
"WY","Area 65 (Thermopolis)","Hunt Area","65","","False","True","88","Deer hunt area; elk/antelope areas use different numbering",""
"WY","Area 66 (Wind River Canyon)","Hunt Area","66","","False","True","89","Deer hunt area; elk/antelope areas use different numbering",""
"WY","Area 67 (Boysen)","Hunt Area","67","","False","True","90","Deer hunt area; elk/antelope areas use different numbering",""
"WY","Area 68 (Kirby)","Hunt Area","68","","False","True","91","Deer hunt area; elk/antelope areas use different numbering",""
"WY","Area 69 (N. Sweetwater)","Hunt Area","69","","False","True","92","Deer hunt area; elk/antelope areas use different numbering",""
"WY","Area 70 (S. Sweetwater)","Hunt Area","70","","False","True","93","Deer hunt area; elk/antelope areas use different numbering",""
"WY","Area 71 (Rawlins)","Hunt Area","71","","False","True","94","Deer hunt area; elk/antelope areas use different numbering",""
"WY","Area 72 (Encampment)","Hunt Area","72","","False","True","95","Deer hunt area; elk/antelope areas use different numbering",""
"WY","Area 73 (Sierra Madre)","Hunt Area","73","","False","True","96","Deer hunt area; elk/antelope areas use different numbering",""
"WY","Area 74 (Saratoga)","Hunt Area","74","","False","True","97","Deer hunt area; elk/antelope areas use different numbering",""
"WY","Area 75 (Laramie)","Hunt Area","75","","False","True","98","Deer hunt area; elk/antelope areas use different numbering",""
"WY","Area 76 (SE Laramie)","Hunt Area","76","","False","True","99","Deer hunt area; elk/antelope areas use different numbering",""
"WY","Area 77 (Cheyenne)","Hunt Area","77","","False","True","100","Deer hunt area; elk/antelope areas use different numbering",""
"WY","Area 78 (Goshen)","Hunt Area","78","","False","True","101","Deer hunt area; elk/antelope areas use different numbering",""
"WY","Area 79 (Torrington)","Hunt Area","79","","False","True","102","Deer hunt area; elk/antelope areas use different numbering",""
"WY","Area 80 (Lingle)","Hunt Area","80","","False","True","103","Deer hunt area; elk/antelope areas use different numbering",""
"WY","Area 81 (Guernsey)","Hunt Area","81","","False","True","104","Deer hunt area; elk/antelope areas use different numbering",""
"WY","Area 82 (Douglas)","Hunt Area","82","","False","True","105","Deer hunt area; elk/antelope areas use different numbering",""
"WY","Area 83 (Glenrock)","Hunt Area","83","","False","True","106","Deer hunt area; elk/antelope areas use different numbering",""
"WY","Area 84 (Casper)","Hunt Area","84","","False","True","107","Deer hunt area; elk/antelope areas use different numbering",""
"WY","Area 85 (Natrona)","Hunt Area","85","","False","True","108","Deer hunt area; elk/antelope areas use different numbering",""
"WY","Area 86 (Rattlesnake)","Hunt Area","86","","False","True","109","Deer hunt area; elk/antelope areas use different numbering",""
"WY","Area 87 (Pathfinder)","Hunt Area","87","","False","True","110","Deer hunt area; elk/antelope areas use different numbering",""
"WY","Area 88 (Alcova)","Hunt Area","88","","False","True","111","Deer hunt area; elk/antelope areas use different numbering",""
"WY","Area 89 (Shirley Basin)","Hunt Area","89","","False","True","112","Deer hunt area; elk/antelope areas use different numbering",""
"WY","Area 90 (Hanna)","Hunt Area","90","","False","True","113","Deer hunt area; elk/antelope areas use different numbering",""
"NJ","Statewide","Statewide","","","True","True","1","Licenses not tied to a specific sub-unit","2026-08-27"
"NJ","Atlantic","County","","34001","False","True","2","","2026-08-27"
"NJ","Bergen","County","","34003","False","True","3","","2026-08-27"
"NJ","Burlington","County","","34005","False","True","4","","2026-08-27"
"NJ","Camden","County","","34007","False","True","5","","2026-08-27"
"NJ","Cape May","County","","34009","False","True","6","","2026-08-27"
"NJ","Cumberland","County","","34011","False","True","7","","2026-08-27"
"NJ","Essex","County","","34013","False","True","8","","2026-08-27"
"NJ","Gloucester","County","","34015","False","True","9","","2026-08-27"
"NJ","Hudson","County","","34017","False","True","10","","2026-08-27"
"NJ","Hunterdon","County","","34019","False","True","11","","2026-08-27"
"NJ","Mercer","County","","34021","False","True","12","","2026-08-27"
"NJ","Middlesex","County","","34023","False","True","13","","2026-08-27"
"NJ","Monmouth","County","","34025","False","True","14","","2026-08-27"
"NJ","Morris","County","","34027","False","True","15","","2026-08-27"
"NJ","Ocean","County","","34029","False","True","16","","2026-08-27"
"NJ","Passaic","County","","34031","False","True","17","","2026-08-27"
"NJ","Salem","County","","34033","False","True","18","","2026-08-27"
"NJ","Somerset","County","","34035","False","True","19","","2026-08-27"
"NJ","Sussex","County","","34037","False","True","20","","2026-08-27"
"NJ","Union","County","","34039","False","True","21","","2026-08-27"
"NJ","Warren","County","","34041","False","True","22","","2026-08-27"
"DE","Statewide","Statewide","","","True","True","1","Licenses not tied to a specific sub-unit","2026-08-27"
"DE","Kent","County","","10001","False","True","2","","2026-08-27"
"DE","New Castle","County","","10003","False","True","3","","2026-08-27"
"DE","Sussex","County","","10005","False","True","4","","2026-08-27"
"MA","Statewide","Statewide","","","True","True","1","Licenses not tied to a specific sub-unit","2026-08-27"
"MA","Barnstable","County","","25001","False","True","2","","2026-08-27"
"MA","Berkshire","County","","25003","False","True","3","","2026-08-27"
"MA","Bristol","County","","25005","False","True","4","","2026-08-27"
"MA","Dukes","County","","25007","False","True","5","","2026-08-27"
"MA","Essex","County","","25009","False","True","6","","2026-08-27"
"MA","Franklin","County","","25011","False","True","7","","2026-08-27"
"MA","Hampden","County","","25013","False","True","8","","2026-08-27"
"MA","Hampshire","County","","25015","False","True","9","","2026-08-27"
"MA","Middlesex","County","","25017","False","True","10","","2026-08-27"
"MA","Nantucket","County","","25019","False","True","11","","2026-08-27"
"MA","Norfolk","County","","25021","False","True","12","","2026-08-27"
"MA","Plymouth","County","","25023","False","True","13","","2026-08-27"
"MA","Suffolk","County","","25025","False","True","14","","2026-08-27"
"MA","Worcester","County","","25027","False","True","15","","2026-08-27"
"CT","Statewide","Statewide","","","True","True","1","Licenses not tied to a specific sub-unit","2026-08-27"
"CT","Fairfield","County","","09001","False","True","2","Legacy Connecticut county. Counties remain geographic areas only; the Census adopted 9 planning regions as county equivalents in 2022.","2026-08-27"
"CT","Hartford","County","","09003","False","True","3","Legacy Connecticut county. Counties remain geographic areas only; the Census adopted 9 planning regions as county equivalents in 2022.","2026-08-27"
"CT","Litchfield","County","","09005","False","True","4","Legacy Connecticut county. Counties remain geographic areas only; the Census adopted 9 planning regions as county equivalents in 2022.","2026-08-27"
"CT","Middlesex","County","","09007","False","True","5","Legacy Connecticut county. Counties remain geographic areas only; the Census adopted 9 planning regions as county equivalents in 2022.","2026-08-27"
"CT","New Haven","County","","09009","False","True","6","Legacy Connecticut county. Counties remain geographic areas only; the Census adopted 9 planning regions as county equivalents in 2022.","2026-08-27"
"CT","New London","County","","09011","False","True","7","Legacy Connecticut county. Counties remain geographic areas only; the Census adopted 9 planning regions as county equivalents in 2022.","2026-08-27"
"CT","Tolland","County","","09013","False","True","8","Legacy Connecticut county. Counties remain geographic areas only; the Census adopted 9 planning regions as county equivalents in 2022.","2026-08-27"
"CT","Windham","County","","09015","False","True","9","Legacy Connecticut county. Counties remain geographic areas only; the Census adopted 9 planning regions as county equivalents in 2022.","2026-08-27"
"RI","Statewide","Statewide","","","True","True","1","Licenses not tied to a specific sub-unit","2026-08-27"
"RI","Bristol","County","","44001","False","True","2","","2026-08-27"
"RI","Kent","County","","44003","False","True","3","","2026-08-27"
"RI","Newport","County","","44005","False","True","4","","2026-08-27"
"RI","Providence","County","","44007","False","True","5","","2026-08-27"
"RI","Washington","County","","44009","False","True","6","","2026-08-27"
"SC","Statewide","Statewide","","","True","True","1","Licenses not tied to a specific sub-unit","2026-08-27"
"SC","Abbeville","County","","45001","False","True","2","","2026-08-27"
"SC","Aiken","County","","45003","False","True","3","","2026-08-27"
"SC","Allendale","County","","45005","False","True","4","","2026-08-27"
"SC","Anderson","County","","45007","False","True","5","","2026-08-27"
"SC","Bamberg","County","","45009","False","True","6","","2026-08-27"
"SC","Barnwell","County","","45011","False","True","7","","2026-08-27"
"SC","Beaufort","County","","45013","False","True","8","","2026-08-27"
"SC","Berkeley","County","","45015","False","True","9","","2026-08-27"
"SC","Calhoun","County","","45017","False","True","10","","2026-08-27"
"SC","Charleston","County","","45019","False","True","11","","2026-08-27"
"SC","Cherokee","County","","45021","False","True","12","","2026-08-27"
"SC","Chester","County","","45023","False","True","13","","2026-08-27"
"SC","Chesterfield","County","","45025","False","True","14","","2026-08-27"
"SC","Clarendon","County","","45027","False","True","15","","2026-08-27"
"SC","Colleton","County","","45029","False","True","16","","2026-08-27"
"SC","Darlington","County","","45031","False","True","17","","2026-08-27"
"SC","Dillon","County","","45033","False","True","18","","2026-08-27"
"SC","Dorchester","County","","45035","False","True","19","","2026-08-27"
"SC","Edgefield","County","","45037","False","True","20","","2026-08-27"
"SC","Fairfield","County","","45039","False","True","21","","2026-08-27"
"SC","Florence","County","","45041","False","True","22","","2026-08-27"
"SC","Georgetown","County","","45043","False","True","23","","2026-08-27"
"SC","Greenville","County","","45045","False","True","24","","2026-08-27"
"SC","Greenwood","County","","45047","False","True","25","","2026-08-27"
"SC","Hampton","County","","45049","False","True","26","","2026-08-27"
"SC","Horry","County","","45051","False","True","27","","2026-08-27"
"SC","Jasper","County","","45053","False","True","28","","2026-08-27"
"SC","Kershaw","County","","45055","False","True","29","","2026-08-27"
"SC","Lancaster","County","","45057","False","True","30","","2026-08-27"
"SC","Laurens","County","","45059","False","True","31","","2026-08-27"
"SC","Lee","County","","45061","False","True","32","","2026-08-27"
"SC","Lexington","County","","45063","False","True","33","","2026-08-27"
"SC","Marion","County","","45067","False","True","34","","2026-08-27"
"SC","Marlboro","County","","45069","False","True","35","","2026-08-27"
"SC","McCormick","County","","45065","False","True","36","","2026-08-27"
"SC","Newberry","County","","45071","False","True","37","","2026-08-27"
"SC","Oconee","County","","45073","False","True","38","","2026-08-27"
"SC","Orangeburg","County","","45075","False","True","39","","2026-08-27"
"SC","Pickens","County","","45077","False","True","40","","2026-08-27"
"SC","Richland","County","","45079","False","True","41","","2026-08-27"
"SC","Saluda","County","","45081","False","True","42","","2026-08-27"
"SC","Spartanburg","County","","45083","False","True","43","","2026-08-27"
"SC","Sumter","County","","45085","False","True","44","","2026-08-27"
"SC","Union","County","","45087","False","True","45","","2026-08-27"
"SC","Williamsburg","County","","45089","False","True","46","","2026-08-27"
"SC","York","County","","45091","False","True","47","","2026-08-27"
"AL","Statewide","Statewide","","","True","True","1","Licenses not tied to a specific sub-unit","2026-08-27"
"AL","Autauga","County","","01001","False","True","2","","2026-08-27"
"AL","Baldwin","County","","01003","False","True","3","","2026-08-27"
"AL","Barbour","County","","01005","False","True","4","","2026-08-27"
"AL","Bibb","County","","01007","False","True","5","","2026-08-27"
"AL","Blount","County","","01009","False","True","6","","2026-08-27"
"AL","Bullock","County","","01011","False","True","7","","2026-08-27"
"AL","Butler","County","","01013","False","True","8","","2026-08-27"
"AL","Calhoun","County","","01015","False","True","9","","2026-08-27"
"AL","Chambers","County","","01017","False","True","10","","2026-08-27"
"AL","Cherokee","County","","01019","False","True","11","","2026-08-27"
"AL","Chilton","County","","01021","False","True","12","","2026-08-27"
"AL","Choctaw","County","","01023","False","True","13","","2026-08-27"
"AL","Clarke","County","","01025","False","True","14","","2026-08-27"
"AL","Clay","County","","01027","False","True","15","","2026-08-27"
"AL","Cleburne","County","","01029","False","True","16","","2026-08-27"
"AL","Coffee","County","","01031","False","True","17","","2026-08-27"
"AL","Colbert","County","","01033","False","True","18","","2026-08-27"
"AL","Conecuh","County","","01035","False","True","19","","2026-08-27"
"AL","Coosa","County","","01037","False","True","20","","2026-08-27"
"AL","Covington","County","","01039","False","True","21","","2026-08-27"
"AL","Crenshaw","County","","01041","False","True","22","","2026-08-27"
"AL","Cullman","County","","01043","False","True","23","","2026-08-27"
"AL","Dale","County","","01045","False","True","24","","2026-08-27"
"AL","Dallas","County","","01047","False","True","25","","2026-08-27"
"AL","DeKalb","County","","01049","False","True","26","","2026-08-27"
"AL","Elmore","County","","01051","False","True","27","","2026-08-27"
"AL","Escambia","County","","01053","False","True","28","","2026-08-27"
"AL","Etowah","County","","01055","False","True","29","","2026-08-27"
"AL","Fayette","County","","01057","False","True","30","","2026-08-27"
"AL","Franklin","County","","01059","False","True","31","","2026-08-27"
"AL","Geneva","County","","01061","False","True","32","","2026-08-27"
"AL","Greene","County","","01063","False","True","33","","2026-08-27"
"AL","Hale","County","","01065","False","True","34","","2026-08-27"
"AL","Henry","County","","01067","False","True","35","","2026-08-27"
"AL","Houston","County","","01069","False","True","36","","2026-08-27"
"AL","Jackson","County","","01071","False","True","37","","2026-08-27"
"AL","Jefferson","County","","01073","False","True","38","","2026-08-27"
"AL","Lamar","County","","01075","False","True","39","","2026-08-27"
"AL","Lauderdale","County","","01077","False","True","40","","2026-08-27"
"AL","Lawrence","County","","01079","False","True","41","","2026-08-27"
"AL","Lee","County","","01081","False","True","42","","2026-08-27"
"AL","Limestone","County","","01083","False","True","43","","2026-08-27"
"AL","Lowndes","County","","01085","False","True","44","","2026-08-27"
"AL","Macon","County","","01087","False","True","45","","2026-08-27"
"AL","Madison","County","","01089","False","True","46","","2026-08-27"
"AL","Marengo","County","","01091","False","True","47","","2026-08-27"
"AL","Marion","County","","01093","False","True","48","","2026-08-27"
"AL","Marshall","County","","01095","False","True","49","","2026-08-27"
"AL","Mobile","County","","01097","False","True","50","","2026-08-27"
"AL","Monroe","County","","01099","False","True","51","","2026-08-27"
"AL","Montgomery","County","","01101","False","True","52","","2026-08-27"
"AL","Morgan","County","","01103","False","True","53","","2026-08-27"
"AL","Perry","County","","01105","False","True","54","","2026-08-27"
"AL","Pickens","County","","01107","False","True","55","","2026-08-27"
"AL","Pike","County","","01109","False","True","56","","2026-08-27"
"AL","Randolph","County","","01111","False","True","57","","2026-08-27"
"AL","Russell","County","","01113","False","True","58","","2026-08-27"
"AL","Shelby","County","","01117","False","True","59","","2026-08-27"
"AL","St. Clair","County","","01115","False","True","60","","2026-08-27"
"AL","Sumter","County","","01119","False","True","61","","2026-08-27"
"AL","Talladega","County","","01121","False","True","62","","2026-08-27"
"AL","Tallapoosa","County","","01123","False","True","63","","2026-08-27"
"AL","Tuscaloosa","County","","01125","False","True","64","","2026-08-27"
"AL","Walker","County","","01127","False","True","65","","2026-08-27"
"AL","Washington","County","","01129","False","True","66","","2026-08-27"
"AL","Wilcox","County","","01131","False","True","67","","2026-08-27"
"AL","Winston","County","","01133","False","True","68","","2026-08-27"
"MS","Statewide","Statewide","","","True","True","1","Licenses not tied to a specific sub-unit","2026-08-27"
"MS","Adams","County","","28001","False","True","2","","2026-08-27"
"MS","Alcorn","County","","28003","False","True","3","","2026-08-27"
"MS","Amite","County","","28005","False","True","4","","2026-08-27"
"MS","Attala","County","","28007","False","True","5","","2026-08-27"
"MS","Benton","County","","28009","False","True","6","","2026-08-27"
"MS","Bolivar","County","","28011","False","True","7","","2026-08-27"
"MS","Calhoun","County","","28013","False","True","8","","2026-08-27"
"MS","Carroll","County","","28015","False","True","9","","2026-08-27"
"MS","Chickasaw","County","","28017","False","True","10","","2026-08-27"
"MS","Choctaw","County","","28019","False","True","11","","2026-08-27"
"MS","Claiborne","County","","28021","False","True","12","","2026-08-27"
"MS","Clarke","County","","28023","False","True","13","","2026-08-27"
"MS","Clay","County","","28025","False","True","14","","2026-08-27"
"MS","Coahoma","County","","28027","False","True","15","","2026-08-27"
"MS","Copiah","County","","28029","False","True","16","","2026-08-27"
"MS","Covington","County","","28031","False","True","17","","2026-08-27"
"MS","DeSoto","County","","28033","False","True","18","","2026-08-27"
"MS","Forrest","County","","28035","False","True","19","","2026-08-27"
"MS","Franklin","County","","28037","False","True","20","","2026-08-27"
"MS","George","County","","28039","False","True","21","","2026-08-27"
"MS","Greene","County","","28041","False","True","22","","2026-08-27"
"MS","Grenada","County","","28043","False","True","23","","2026-08-27"
"MS","Hancock","County","","28045","False","True","24","","2026-08-27"
"MS","Harrison","County","","28047","False","True","25","","2026-08-27"
"MS","Hinds","County","","28049","False","True","26","","2026-08-27"
"MS","Holmes","County","","28051","False","True","27","","2026-08-27"
"MS","Humphreys","County","","28053","False","True","28","","2026-08-27"
"MS","Issaquena","County","","28055","False","True","29","","2026-08-27"
"MS","Itawamba","County","","28057","False","True","30","","2026-08-27"
"MS","Jackson","County","","28059","False","True","31","","2026-08-27"
"MS","Jasper","County","","28061","False","True","32","","2026-08-27"
"MS","Jefferson","County","","28063","False","True","33","","2026-08-27"
"MS","Jefferson Davis","County","","28065","False","True","34","","2026-08-27"
"MS","Jones","County","","28067","False","True","35","","2026-08-27"
"MS","Kemper","County","","28069","False","True","36","","2026-08-27"
"MS","Lafayette","County","","28071","False","True","37","","2026-08-27"
"MS","Lamar","County","","28073","False","True","38","","2026-08-27"
"MS","Lauderdale","County","","28075","False","True","39","","2026-08-27"
"MS","Lawrence","County","","28077","False","True","40","","2026-08-27"
"MS","Leake","County","","28079","False","True","41","","2026-08-27"
"MS","Lee","County","","28081","False","True","42","","2026-08-27"
"MS","Leflore","County","","28083","False","True","43","","2026-08-27"
"MS","Lincoln","County","","28085","False","True","44","","2026-08-27"
"MS","Lowndes","County","","28087","False","True","45","","2026-08-27"
"MS","Madison","County","","28089","False","True","46","","2026-08-27"
"MS","Marion","County","","28091","False","True","47","","2026-08-27"
"MS","Marshall","County","","28093","False","True","48","","2026-08-27"
"MS","Monroe","County","","28095","False","True","49","","2026-08-27"
"MS","Montgomery","County","","28097","False","True","50","","2026-08-27"
"MS","Neshoba","County","","28099","False","True","51","","2026-08-27"
"MS","Newton","County","","28101","False","True","52","","2026-08-27"
"MS","Noxubee","County","","28103","False","True","53","","2026-08-27"
"MS","Oktibbeha","County","","28105","False","True","54","","2026-08-27"
"MS","Panola","County","","28107","False","True","55","","2026-08-27"
"MS","Pearl River","County","","28109","False","True","56","","2026-08-27"
"MS","Perry","County","","28111","False","True","57","","2026-08-27"
"MS","Pike","County","","28113","False","True","58","","2026-08-27"
"MS","Pontotoc","County","","28115","False","True","59","","2026-08-27"
"MS","Prentiss","County","","28117","False","True","60","","2026-08-27"
"MS","Quitman","County","","28119","False","True","61","","2026-08-27"
"MS","Rankin","County","","28121","False","True","62","","2026-08-27"
"MS","Scott","County","","28123","False","True","63","","2026-08-27"
"MS","Sharkey","County","","28125","False","True","64","","2026-08-27"
"MS","Simpson","County","","28127","False","True","65","","2026-08-27"
"MS","Smith","County","","28129","False","True","66","","2026-08-27"
"MS","Stone","County","","28131","False","True","67","","2026-08-27"
"MS","Sunflower","County","","28133","False","True","68","","2026-08-27"
"MS","Tallahatchie","County","","28135","False","True","69","","2026-08-27"
"MS","Tate","County","","28137","False","True","70","","2026-08-27"
"MS","Tippah","County","","28139","False","True","71","","2026-08-27"
"MS","Tishomingo","County","","28141","False","True","72","","2026-08-27"
"MS","Tunica","County","","28143","False","True","73","","2026-08-27"
"MS","Union","County","","28145","False","True","74","","2026-08-27"
"MS","Walthall","County","","28147","False","True","75","","2026-08-27"
"MS","Warren","County","","28149","False","True","76","","2026-08-27"
"MS","Washington","County","","28151","False","True","77","","2026-08-27"
"MS","Wayne","County","","28153","False","True","78","","2026-08-27"
"MS","Webster","County","","28155","False","True","79","","2026-08-27"
"MS","Wilkinson","County","","28157","False","True","80","","2026-08-27"
"MS","Winston","County","","28159","False","True","81","","2026-08-27"
"MS","Yalobusha","County","","28161","False","True","82","","2026-08-27"
"MS","Yazoo","County","","28163","False","True","83","","2026-08-27"
"FL","Statewide","Statewide","","","True","True","1","Licenses not tied to a specific sub-unit","2026-08-27"
"FL","Alachua","County","","12001","False","True","2","","2026-08-27"
"FL","Baker","County","","12003","False","True","3","","2026-08-27"
"FL","Bay","County","","12005","False","True","4","","2026-08-27"
"FL","Bradford","County","","12007","False","True","5","","2026-08-27"
"FL","Brevard","County","","12009","False","True","6","","2026-08-27"
"FL","Broward","County","","12011","False","True","7","","2026-08-27"
"FL","Calhoun","County","","12013","False","True","8","","2026-08-27"
"FL","Charlotte","County","","12015","False","True","9","","2026-08-27"
"FL","Citrus","County","","12017","False","True","10","","2026-08-27"
"FL","Clay","County","","12019","False","True","11","","2026-08-27"
"FL","Collier","County","","12021","False","True","12","","2026-08-27"
"FL","Columbia","County","","12023","False","True","13","","2026-08-27"
"FL","DeSoto","County","","12027","False","True","14","","2026-08-27"
"FL","Dixie","County","","12029","False","True","15","","2026-08-27"
"FL","Duval","County","","12031","False","True","16","","2026-08-27"
"FL","Escambia","County","","12033","False","True","17","","2026-08-27"
"FL","Flagler","County","","12035","False","True","18","","2026-08-27"
"FL","Franklin","County","","12037","False","True","19","","2026-08-27"
"FL","Gadsden","County","","12039","False","True","20","","2026-08-27"
"FL","Gilchrist","County","","12041","False","True","21","","2026-08-27"
"FL","Glades","County","","12043","False","True","22","","2026-08-27"
"FL","Gulf","County","","12045","False","True","23","","2026-08-27"
"FL","Hamilton","County","","12047","False","True","24","","2026-08-27"
"FL","Hardee","County","","12049","False","True","25","","2026-08-27"
"FL","Hendry","County","","12051","False","True","26","","2026-08-27"
"FL","Hernando","County","","12053","False","True","27","","2026-08-27"
"FL","Highlands","County","","12055","False","True","28","","2026-08-27"
"FL","Hillsborough","County","","12057","False","True","29","","2026-08-27"
"FL","Holmes","County","","12059","False","True","30","","2026-08-27"
"FL","Indian River","County","","12061","False","True","31","","2026-08-27"
"FL","Jackson","County","","12063","False","True","32","","2026-08-27"
"FL","Jefferson","County","","12065","False","True","33","","2026-08-27"
"FL","Lafayette","County","","12067","False","True","34","","2026-08-27"
"FL","Lake","County","","12069","False","True","35","","2026-08-27"
"FL","Lee","County","","12071","False","True","36","","2026-08-27"
"FL","Leon","County","","12073","False","True","37","","2026-08-27"
"FL","Levy","County","","12075","False","True","38","","2026-08-27"
"FL","Liberty","County","","12077","False","True","39","","2026-08-27"
"FL","Madison","County","","12079","False","True","40","","2026-08-27"
"FL","Manatee","County","","12081","False","True","41","","2026-08-27"
"FL","Marion","County","","12083","False","True","42","","2026-08-27"
"FL","Martin","County","","12085","False","True","43","","2026-08-27"
"FL","Miami-Dade","County","","12086","False","True","44","","2026-08-27"
"FL","Monroe","County","","12087","False","True","45","","2026-08-27"
"FL","Nassau","County","","12089","False","True","46","","2026-08-27"
"FL","Okaloosa","County","","12091","False","True","47","","2026-08-27"
"FL","Okeechobee","County","","12093","False","True","48","","2026-08-27"
"FL","Orange","County","","12095","False","True","49","","2026-08-27"
"FL","Osceola","County","","12097","False","True","50","","2026-08-27"
"FL","Palm Beach","County","","12099","False","True","51","","2026-08-27"
"FL","Pasco","County","","12101","False","True","52","","2026-08-27"
"FL","Pinellas","County","","12103","False","True","53","","2026-08-27"
"FL","Polk","County","","12105","False","True","54","","2026-08-27"
"FL","Putnam","County","","12107","False","True","55","","2026-08-27"
"FL","Santa Rosa","County","","12113","False","True","56","","2026-08-27"
"FL","Sarasota","County","","12115","False","True","57","","2026-08-27"
"FL","Seminole","County","","12117","False","True","58","","2026-08-27"
"FL","St. Johns","County","","12109","False","True","59","","2026-08-27"
"FL","St. Lucie","County","","12111","False","True","60","","2026-08-27"
"FL","Sumter","County","","12119","False","True","61","","2026-08-27"
"FL","Suwannee","County","","12121","False","True","62","","2026-08-27"
"FL","Taylor","County","","12123","False","True","63","","2026-08-27"
"FL","Union","County","","12125","False","True","64","","2026-08-27"
"FL","Volusia","County","","12127","False","True","65","","2026-08-27"
"FL","Wakulla","County","","12129","False","True","66","","2026-08-27"
"FL","Walton","County","","12131","False","True","67","","2026-08-27"
"FL","Washington","County","","12133","False","True","68","","2026-08-27"
"AR","Statewide","Statewide","","","True","True","1","Licenses not tied to a specific sub-unit","2026-08-27"
"AR","Arkansas","County","","05001","False","True","2","","2026-08-27"
"AR","Ashley","County","","05003","False","True","3","","2026-08-27"
"AR","Baxter","County","","05005","False","True","4","","2026-08-27"
"AR","Benton","County","","05007","False","True","5","","2026-08-27"
"AR","Boone","County","","05009","False","True","6","","2026-08-27"
"AR","Bradley","County","","05011","False","True","7","","2026-08-27"
"AR","Calhoun","County","","05013","False","True","8","","2026-08-27"
"AR","Carroll","County","","05015","False","True","9","","2026-08-27"
"AR","Chicot","County","","05017","False","True","10","","2026-08-27"
"AR","Clark","County","","05019","False","True","11","","2026-08-27"
"AR","Clay","County","","05021","False","True","12","","2026-08-27"
"AR","Cleburne","County","","05023","False","True","13","","2026-08-27"
"AR","Cleveland","County","","05025","False","True","14","","2026-08-27"
"AR","Columbia","County","","05027","False","True","15","","2026-08-27"
"AR","Conway","County","","05029","False","True","16","","2026-08-27"
"AR","Craighead","County","","05031","False","True","17","","2026-08-27"
"AR","Crawford","County","","05033","False","True","18","","2026-08-27"
"AR","Crittenden","County","","05035","False","True","19","","2026-08-27"
"AR","Cross","County","","05037","False","True","20","","2026-08-27"
"AR","Dallas","County","","05039","False","True","21","","2026-08-27"
"AR","Desha","County","","05041","False","True","22","","2026-08-27"
"AR","Drew","County","","05043","False","True","23","","2026-08-27"
"AR","Faulkner","County","","05045","False","True","24","","2026-08-27"
"AR","Franklin","County","","05047","False","True","25","","2026-08-27"
"AR","Fulton","County","","05049","False","True","26","","2026-08-27"
"AR","Garland","County","","05051","False","True","27","","2026-08-27"
"AR","Grant","County","","05053","False","True","28","","2026-08-27"
"AR","Greene","County","","05055","False","True","29","","2026-08-27"
"AR","Hempstead","County","","05057","False","True","30","","2026-08-27"
"AR","Hot Spring","County","","05059","False","True","31","","2026-08-27"
"AR","Howard","County","","05061","False","True","32","","2026-08-27"
"AR","Independence","County","","05063","False","True","33","","2026-08-27"
"AR","Izard","County","","05065","False","True","34","","2026-08-27"
"AR","Jackson","County","","05067","False","True","35","","2026-08-27"
"AR","Jefferson","County","","05069","False","True","36","","2026-08-27"
"AR","Johnson","County","","05071","False","True","37","","2026-08-27"
"AR","Lafayette","County","","05073","False","True","38","","2026-08-27"
"AR","Lawrence","County","","05075","False","True","39","","2026-08-27"
"AR","Lee","County","","05077","False","True","40","","2026-08-27"
"AR","Lincoln","County","","05079","False","True","41","","2026-08-27"
"AR","Little River","County","","05081","False","True","42","","2026-08-27"
"AR","Logan","County","","05083","False","True","43","","2026-08-27"
"AR","Lonoke","County","","05085","False","True","44","","2026-08-27"
"AR","Madison","County","","05087","False","True","45","","2026-08-27"
"AR","Marion","County","","05089","False","True","46","","2026-08-27"
"AR","Miller","County","","05091","False","True","47","","2026-08-27"
"AR","Mississippi","County","","05093","False","True","48","","2026-08-27"
"AR","Monroe","County","","05095","False","True","49","","2026-08-27"
"AR","Montgomery","County","","05097","False","True","50","","2026-08-27"
"AR","Nevada","County","","05099","False","True","51","","2026-08-27"
"AR","Newton","County","","05101","False","True","52","","2026-08-27"
"AR","Ouachita","County","","05103","False","True","53","","2026-08-27"
"AR","Perry","County","","05105","False","True","54","","2026-08-27"
"AR","Phillips","County","","05107","False","True","55","","2026-08-27"
"AR","Pike","County","","05109","False","True","56","","2026-08-27"
"AR","Poinsett","County","","05111","False","True","57","","2026-08-27"
"AR","Polk","County","","05113","False","True","58","","2026-08-27"
"AR","Pope","County","","05115","False","True","59","","2026-08-27"
"AR","Prairie","County","","05117","False","True","60","","2026-08-27"
"AR","Pulaski","County","","05119","False","True","61","","2026-08-27"
"AR","Randolph","County","","05121","False","True","62","","2026-08-27"
"AR","Saline","County","","05125","False","True","63","","2026-08-27"
"AR","Scott","County","","05127","False","True","64","","2026-08-27"
"AR","Searcy","County","","05129","False","True","65","","2026-08-27"
"AR","Sebastian","County","","05131","False","True","66","","2026-08-27"
"AR","Sevier","County","","05133","False","True","67","","2026-08-27"
"AR","Sharp","County","","05135","False","True","68","","2026-08-27"
"AR","St. Francis","County","","05123","False","True","69","","2026-08-27"
"AR","Stone","County","","05137","False","True","70","","2026-08-27"
"AR","Union","County","","05139","False","True","71","","2026-08-27"
"AR","Van Buren","County","","05141","False","True","72","","2026-08-27"
"AR","Washington","County","","05143","False","True","73","","2026-08-27"
"AR","White","County","","05145","False","True","74","","2026-08-27"
"AR","Woodruff","County","","05147","False","True","75","","2026-08-27"
"AR","Yell","County","","05149","False","True","76","","2026-08-27"
"AK","Statewide","Statewide","","","True","True","1","Licenses not tied to a specific sub-unit","2026-08-28"
"AK","Aleutians East","Borough","","02013","False","True","2","","2026-08-28"
"AK","Aleutians West","Census Area","","02016","False","True","3","","2026-08-28"
"AK","Anchorage","Municipality","","02020","False","True","4","","2026-08-28"
"AK","Bethel","Census Area","","02050","False","True","5","","2026-08-28"
"AK","Bristol Bay","Borough","","02060","False","True","6","","2026-08-28"
"AK","Chugach","Census Area","","02063","False","True","7","Created 2 Jan 2019 from the abolished Valdez-Cordova Census Area, along with Copper River.","2026-08-28"
"AK","Copper River","Census Area","","02066","False","True","8","Created 2 Jan 2019 from the abolished Valdez-Cordova Census Area, along with Chugach.","2026-08-28"
"AK","Denali","Borough","","02068","False","True","9","","2026-08-28"
"AK","Dillingham","Census Area","","02070","False","True","10","","2026-08-28"
"AK","Fairbanks North Star","Borough","","02090","False","True","11","","2026-08-28"
"AK","Haines","Borough","","02100","False","True","12","","2026-08-28"
"AK","Hoonah-Angoon","Census Area","","02105","False","True","13","","2026-08-28"
"AK","Juneau","City and Borough","","02110","False","True","14","","2026-08-28"
"AK","Kenai Peninsula","Borough","","02122","False","True","15","","2026-08-28"
"AK","Ketchikan Gateway","Borough","","02130","False","True","16","","2026-08-28"
"AK","Kodiak Island","Borough","","02150","False","True","17","","2026-08-28"
"AK","Kusilvak","Census Area","","02158","False","True","18","Named Wade Hampton Census Area until 2015; pre-2015 artifacts will read Wade Hampton.","2026-08-28"
"AK","Lake and Peninsula","Borough","","02164","False","True","19","","2026-08-28"
"AK","Matanuska-Susitna","Borough","","02170","False","True","20","","2026-08-28"
"AK","Nome","Census Area","","02180","False","True","21","","2026-08-28"
"AK","North Slope","Borough","","02185","False","True","22","","2026-08-28"
"AK","Northwest Arctic","Borough","","02188","False","True","23","","2026-08-28"
"AK","Petersburg","Borough","","02195","False","True","24","Was Petersburg Census Area until 2013.","2026-08-28"
"AK","Prince of Wales-Hyder","Census Area","","02198","False","True","25","","2026-08-28"
"AK","Sitka","City and Borough","","02220","False","True","26","","2026-08-28"
"AK","Skagway","Municipality","","02230","False","True","27","","2026-08-28"
"AK","Southeast Fairbanks","Census Area","","02240","False","True","28","","2026-08-28"
"AK","Wrangell","City and Borough","","02275","False","True","29","","2026-08-28"
"AK","Yakutat","City and Borough","","02282","False","True","30","","2026-08-28"
"AK","Yukon-Koyukuk","Census Area","","02290","False","True","31","","2026-08-28"
"AZ","Statewide","Statewide","","","True","True","1","Licenses not tied to a specific sub-unit","2026-08-28"
"AZ","Apache","County","","04001","False","True","2","","2026-08-28"
"AZ","Cochise","County","","04003","False","True","3","","2026-08-28"
"AZ","Coconino","County","","04005","False","True","4","","2026-08-28"
"AZ","Gila","County","","04007","False","True","5","","2026-08-28"
"AZ","Graham","County","","04009","False","True","6","","2026-08-28"
"AZ","Greenlee","County","","04011","False","True","7","","2026-08-28"
"AZ","La Paz","County","","04012","False","True","8","","2026-08-28"
"AZ","Maricopa","County","","04013","False","True","9","","2026-08-28"
"AZ","Mohave","County","","04015","False","True","10","","2026-08-28"
"AZ","Navajo","County","","04017","False","True","11","","2026-08-28"
"AZ","Pima","County","","04019","False","True","12","","2026-08-28"
"AZ","Pinal","County","","04021","False","True","13","","2026-08-28"
"AZ","Santa Cruz","County","","04023","False","True","14","","2026-08-28"
"AZ","Yavapai","County","","04025","False","True","15","","2026-08-28"
"AZ","Yuma","County","","04027","False","True","16","","2026-08-28"
"CA","Statewide","Statewide","","","True","True","1","Licenses not tied to a specific sub-unit","2026-08-28"
"CA","Alameda","County","","06001","False","True","2","","2026-08-28"
"CA","Alpine","County","","06003","False","True","3","","2026-08-28"
"CA","Amador","County","","06005","False","True","4","","2026-08-28"
"CA","Butte","County","","06007","False","True","5","","2026-08-28"
"CA","Calaveras","County","","06009","False","True","6","","2026-08-28"
"CA","Colusa","County","","06011","False","True","7","","2026-08-28"
"CA","Contra Costa","County","","06013","False","True","8","","2026-08-28"
"CA","Del Norte","County","","06015","False","True","9","","2026-08-28"
"CA","El Dorado","County","","06017","False","True","10","","2026-08-28"
"CA","Fresno","County","","06019","False","True","11","","2026-08-28"
"CA","Glenn","County","","06021","False","True","12","","2026-08-28"
"CA","Humboldt","County","","06023","False","True","13","","2026-08-28"
"CA","Imperial","County","","06025","False","True","14","","2026-08-28"
"CA","Inyo","County","","06027","False","True","15","","2026-08-28"
"CA","Kern","County","","06029","False","True","16","","2026-08-28"
"CA","Kings","County","","06031","False","True","17","","2026-08-28"
"CA","Lake","County","","06033","False","True","18","","2026-08-28"
"CA","Lassen","County","","06035","False","True","19","","2026-08-28"
"CA","Los Angeles","County","","06037","False","True","20","","2026-08-28"
"CA","Madera","County","","06039","False","True","21","","2026-08-28"
"CA","Marin","County","","06041","False","True","22","","2026-08-28"
"CA","Mariposa","County","","06043","False","True","23","","2026-08-28"
"CA","Mendocino","County","","06045","False","True","24","","2026-08-28"
"CA","Merced","County","","06047","False","True","25","","2026-08-28"
"CA","Modoc","County","","06049","False","True","26","","2026-08-28"
"CA","Mono","County","","06051","False","True","27","","2026-08-28"
"CA","Monterey","County","","06053","False","True","28","","2026-08-28"
"CA","Napa","County","","06055","False","True","29","","2026-08-28"
"CA","Nevada","County","","06057","False","True","30","","2026-08-28"
"CA","Orange","County","","06059","False","True","31","","2026-08-28"
"CA","Placer","County","","06061","False","True","32","","2026-08-28"
"CA","Plumas","County","","06063","False","True","33","","2026-08-28"
"CA","Riverside","County","","06065","False","True","34","","2026-08-28"
"CA","Sacramento","County","","06067","False","True","35","","2026-08-28"
"CA","San Benito","County","","06069","False","True","36","","2026-08-28"
"CA","San Bernardino","County","","06071","False","True","37","","2026-08-28"
"CA","San Diego","County","","06073","False","True","38","","2026-08-28"
"CA","San Francisco","County","","06075","False","True","39","","2026-08-28"
"CA","San Joaquin","County","","06077","False","True","40","","2026-08-28"
"CA","San Luis Obispo","County","","06079","False","True","41","","2026-08-28"
"CA","San Mateo","County","","06081","False","True","42","","2026-08-28"
"CA","Santa Barbara","County","","06083","False","True","43","","2026-08-28"
"CA","Santa Clara","County","","06085","False","True","44","","2026-08-28"
"CA","Santa Cruz","County","","06087","False","True","45","","2026-08-28"
"CA","Shasta","County","","06089","False","True","46","","2026-08-28"
"CA","Sierra","County","","06091","False","True","47","","2026-08-28"
"CA","Siskiyou","County","","06093","False","True","48","","2026-08-28"
"CA","Solano","County","","06095","False","True","49","","2026-08-28"
"CA","Sonoma","County","","06097","False","True","50","","2026-08-28"
"CA","Stanislaus","County","","06099","False","True","51","","2026-08-28"
"CA","Sutter","County","","06101","False","True","52","","2026-08-28"
"CA","Tehama","County","","06103","False","True","53","","2026-08-28"
"CA","Trinity","County","","06105","False","True","54","","2026-08-28"
"CA","Tulare","County","","06107","False","True","55","","2026-08-28"
"CA","Tuolumne","County","","06109","False","True","56","","2026-08-28"
"CA","Ventura","County","","06111","False","True","57","","2026-08-28"
"CA","Yolo","County","","06113","False","True","58","","2026-08-28"
"CA","Yuba","County","","06115","False","True","59","","2026-08-28"
"HI","Statewide","Statewide","","","True","True","1","Licenses not tied to a specific sub-unit","2026-08-28"
"HI","Hawaii","County","","15001","False","True","2","","2026-08-28"
"HI","Honolulu","County","","15003","False","True","3","","2026-08-28"
"HI","Kalawao","County","","15005","False","True","4","Smallest county in the US; administered by the Hawaii Department of Health rather than a county government.","2026-08-28"
"HI","Kauai","County","","15007","False","True","5","","2026-08-28"
"HI","Maui","County","","15009","False","True","6","","2026-08-28"
"ID","Statewide","Statewide","","","True","True","1","Licenses not tied to a specific sub-unit","2026-08-28"
"ID","Ada","County","","16001","False","True","2","","2026-08-28"
"ID","Adams","County","","16003","False","True","3","","2026-08-28"
"ID","Bannock","County","","16005","False","True","4","","2026-08-28"
"ID","Bear Lake","County","","16007","False","True","5","","2026-08-28"
"ID","Benewah","County","","16009","False","True","6","","2026-08-28"
"ID","Bingham","County","","16011","False","True","7","","2026-08-28"
"ID","Blaine","County","","16013","False","True","8","","2026-08-28"
"ID","Boise","County","","16015","False","True","9","","2026-08-28"
"ID","Bonner","County","","16017","False","True","10","","2026-08-28"
"ID","Bonneville","County","","16019","False","True","11","","2026-08-28"
"ID","Boundary","County","","16021","False","True","12","","2026-08-28"
"ID","Butte","County","","16023","False","True","13","","2026-08-28"
"ID","Camas","County","","16025","False","True","14","","2026-08-28"
"ID","Canyon","County","","16027","False","True","15","","2026-08-28"
"ID","Caribou","County","","16029","False","True","16","","2026-08-28"
"ID","Cassia","County","","16031","False","True","17","","2026-08-28"
"ID","Clark","County","","16033","False","True","18","","2026-08-28"
"ID","Clearwater","County","","16035","False","True","19","","2026-08-28"
"ID","Custer","County","","16037","False","True","20","","2026-08-28"
"ID","Elmore","County","","16039","False","True","21","","2026-08-28"
"ID","Franklin","County","","16041","False","True","22","","2026-08-28"
"ID","Fremont","County","","16043","False","True","23","","2026-08-28"
"ID","Gem","County","","16045","False","True","24","","2026-08-28"
"ID","Gooding","County","","16047","False","True","25","","2026-08-28"
"ID","Idaho","County","","16049","False","True","26","","2026-08-28"
"ID","Jefferson","County","","16051","False","True","27","","2026-08-28"
"ID","Jerome","County","","16053","False","True","28","","2026-08-28"
"ID","Kootenai","County","","16055","False","True","29","","2026-08-28"
"ID","Latah","County","","16057","False","True","30","","2026-08-28"
"ID","Lemhi","County","","16059","False","True","31","","2026-08-28"
"ID","Lewis","County","","16061","False","True","32","","2026-08-28"
"ID","Lincoln","County","","16063","False","True","33","","2026-08-28"
"ID","Madison","County","","16065","False","True","34","","2026-08-28"
"ID","Minidoka","County","","16067","False","True","35","","2026-08-28"
"ID","Nez Perce","County","","16069","False","True","36","","2026-08-28"
"ID","Oneida","County","","16071","False","True","37","","2026-08-28"
"ID","Owyhee","County","","16073","False","True","38","","2026-08-28"
"ID","Payette","County","","16075","False","True","39","","2026-08-28"
"ID","Power","County","","16077","False","True","40","","2026-08-28"
"ID","Shoshone","County","","16079","False","True","41","","2026-08-28"
"ID","Teton","County","","16081","False","True","42","","2026-08-28"
"ID","Twin Falls","County","","16083","False","True","43","","2026-08-28"
"ID","Valley","County","","16085","False","True","44","","2026-08-28"
"ID","Washington","County","","16087","False","True","45","","2026-08-28"
"LA","Statewide","Statewide","","","True","True","1","Licenses not tied to a specific sub-unit","2026-08-28"
"LA","Acadia","Parish","","22001","False","True","2","","2026-08-28"
"LA","Allen","Parish","","22003","False","True","3","","2026-08-28"
"LA","Ascension","Parish","","22005","False","True","4","","2026-08-28"
"LA","Assumption","Parish","","22007","False","True","5","","2026-08-28"
"LA","Avoyelles","Parish","","22009","False","True","6","","2026-08-28"
"LA","Beauregard","Parish","","22011","False","True","7","","2026-08-28"
"LA","Bienville","Parish","","22013","False","True","8","","2026-08-28"
"LA","Bossier","Parish","","22015","False","True","9","","2026-08-28"
"LA","Caddo","Parish","","22017","False","True","10","","2026-08-28"
"LA","Calcasieu","Parish","","22019","False","True","11","","2026-08-28"
"LA","Caldwell","Parish","","22021","False","True","12","","2026-08-28"
"LA","Cameron","Parish","","22023","False","True","13","","2026-08-28"
"LA","Catahoula","Parish","","22025","False","True","14","","2026-08-28"
"LA","Claiborne","Parish","","22027","False","True","15","","2026-08-28"
"LA","Concordia","Parish","","22029","False","True","16","","2026-08-28"
"LA","De Soto","Parish","","22031","False","True","17","","2026-08-28"
"LA","East Baton Rouge","Parish","","22033","False","True","18","","2026-08-28"
"LA","East Carroll","Parish","","22035","False","True","19","","2026-08-28"
"LA","East Feliciana","Parish","","22037","False","True","20","","2026-08-28"
"LA","Evangeline","Parish","","22039","False","True","21","","2026-08-28"
"LA","Franklin","Parish","","22041","False","True","22","","2026-08-28"
"LA","Grant","Parish","","22043","False","True","23","","2026-08-28"
"LA","Iberia","Parish","","22045","False","True","24","","2026-08-28"
"LA","Iberville","Parish","","22047","False","True","25","","2026-08-28"
"LA","Jackson","Parish","","22049","False","True","26","","2026-08-28"
"LA","Jefferson","Parish","","22051","False","True","27","","2026-08-28"
"LA","Jefferson Davis","Parish","","22053","False","True","28","","2026-08-28"
"LA","La Salle","Parish","","22059","False","True","29","","2026-08-28"
"LA","Lafayette","Parish","","22055","False","True","30","","2026-08-28"
"LA","Lafourche","Parish","","22057","False","True","31","","2026-08-28"
"LA","Lincoln","Parish","","22061","False","True","32","","2026-08-28"
"LA","Livingston","Parish","","22063","False","True","33","","2026-08-28"
"LA","Madison","Parish","","22065","False","True","34","","2026-08-28"
"LA","Morehouse","Parish","","22067","False","True","35","","2026-08-28"
"LA","Natchitoches","Parish","","22069","False","True","36","","2026-08-28"
"LA","Orleans","Parish","","22071","False","True","37","","2026-08-28"
"LA","Ouachita","Parish","","22073","False","True","38","","2026-08-28"
"LA","Plaquemines","Parish","","22075","False","True","39","","2026-08-28"
"LA","Pointe Coupee","Parish","","22077","False","True","40","","2026-08-28"
"LA","Rapides","Parish","","22079","False","True","41","","2026-08-28"
"LA","Red River","Parish","","22081","False","True","42","","2026-08-28"
"LA","Richland","Parish","","22083","False","True","43","","2026-08-28"
"LA","Sabine","Parish","","22085","False","True","44","","2026-08-28"
"LA","St. Bernard","Parish","","22087","False","True","45","","2026-08-28"
"LA","St. Charles","Parish","","22089","False","True","46","","2026-08-28"
"LA","St. Helena","Parish","","22091","False","True","47","","2026-08-28"
"LA","St. James","Parish","","22093","False","True","48","","2026-08-28"
"LA","St. John the Baptist","Parish","","22095","False","True","49","","2026-08-28"
"LA","St. Landry","Parish","","22097","False","True","50","","2026-08-28"
"LA","St. Martin","Parish","","22099","False","True","51","","2026-08-28"
"LA","St. Mary","Parish","","22101","False","True","52","","2026-08-28"
"LA","St. Tammany","Parish","","22103","False","True","53","","2026-08-28"
"LA","Tangipahoa","Parish","","22105","False","True","54","","2026-08-28"
"LA","Tensas","Parish","","22107","False","True","55","","2026-08-28"
"LA","Terrebonne","Parish","","22109","False","True","56","","2026-08-28"
"LA","Union","Parish","","22111","False","True","57","","2026-08-28"
"LA","Vermilion","Parish","","22113","False","True","58","","2026-08-28"
"LA","Vernon","Parish","","22115","False","True","59","","2026-08-28"
"LA","Washington","Parish","","22117","False","True","60","","2026-08-28"
"LA","Webster","Parish","","22119","False","True","61","","2026-08-28"
"LA","West Baton Rouge","Parish","","22121","False","True","62","","2026-08-28"
"LA","West Carroll","Parish","","22123","False","True","63","","2026-08-28"
"LA","West Feliciana","Parish","","22125","False","True","64","","2026-08-28"
"LA","Winn","Parish","","22127","False","True","65","","2026-08-28"
"NE","Statewide","Statewide","","","True","True","1","Licenses not tied to a specific sub-unit","2026-08-28"
"NE","Adams","County","","31001","False","True","2","","2026-08-28"
"NE","Antelope","County","","31003","False","True","3","","2026-08-28"
"NE","Arthur","County","","31005","False","True","4","","2026-08-28"
"NE","Banner","County","","31007","False","True","5","","2026-08-28"
"NE","Blaine","County","","31009","False","True","6","","2026-08-28"
"NE","Boone","County","","31011","False","True","7","","2026-08-28"
"NE","Box Butte","County","","31013","False","True","8","","2026-08-28"
"NE","Boyd","County","","31015","False","True","9","","2026-08-28"
"NE","Brown","County","","31017","False","True","10","","2026-08-28"
"NE","Buffalo","County","","31019","False","True","11","","2026-08-28"
"NE","Burt","County","","31021","False","True","12","","2026-08-28"
"NE","Butler","County","","31023","False","True","13","","2026-08-28"
"NE","Cass","County","","31025","False","True","14","","2026-08-28"
"NE","Cedar","County","","31027","False","True","15","","2026-08-28"
"NE","Chase","County","","31029","False","True","16","","2026-08-28"
"NE","Cherry","County","","31031","False","True","17","","2026-08-28"
"NE","Cheyenne","County","","31033","False","True","18","","2026-08-28"
"NE","Clay","County","","31035","False","True","19","","2026-08-28"
"NE","Colfax","County","","31037","False","True","20","","2026-08-28"
"NE","Cuming","County","","31039","False","True","21","","2026-08-28"
"NE","Custer","County","","31041","False","True","22","","2026-08-28"
"NE","Dakota","County","","31043","False","True","23","","2026-08-28"
"NE","Dawes","County","","31045","False","True","24","","2026-08-28"
"NE","Dawson","County","","31047","False","True","25","","2026-08-28"
"NE","Deuel","County","","31049","False","True","26","","2026-08-28"
"NE","Dixon","County","","31051","False","True","27","","2026-08-28"
"NE","Dodge","County","","31053","False","True","28","","2026-08-28"
"NE","Douglas","County","","31055","False","True","29","","2026-08-28"
"NE","Dundy","County","","31057","False","True","30","","2026-08-28"
"NE","Fillmore","County","","31059","False","True","31","","2026-08-28"
"NE","Franklin","County","","31061","False","True","32","","2026-08-28"
"NE","Frontier","County","","31063","False","True","33","","2026-08-28"
"NE","Furnas","County","","31065","False","True","34","","2026-08-28"
"NE","Gage","County","","31067","False","True","35","","2026-08-28"
"NE","Garden","County","","31069","False","True","36","","2026-08-28"
"NE","Garfield","County","","31071","False","True","37","","2026-08-28"
"NE","Gosper","County","","31073","False","True","38","","2026-08-28"
"NE","Grant","County","","31075","False","True","39","","2026-08-28"
"NE","Greeley","County","","31077","False","True","40","","2026-08-28"
"NE","Hall","County","","31079","False","True","41","","2026-08-28"
"NE","Hamilton","County","","31081","False","True","42","","2026-08-28"
"NE","Harlan","County","","31083","False","True","43","","2026-08-28"
"NE","Hayes","County","","31085","False","True","44","","2026-08-28"
"NE","Hitchcock","County","","31087","False","True","45","","2026-08-28"
"NE","Holt","County","","31089","False","True","46","","2026-08-28"
"NE","Hooker","County","","31091","False","True","47","","2026-08-28"
"NE","Howard","County","","31093","False","True","48","","2026-08-28"
"NE","Jefferson","County","","31095","False","True","49","","2026-08-28"
"NE","Johnson","County","","31097","False","True","50","","2026-08-28"
"NE","Kearney","County","","31099","False","True","51","","2026-08-28"
"NE","Keith","County","","31101","False","True","52","","2026-08-28"
"NE","Keya Paha","County","","31103","False","True","53","","2026-08-28"
"NE","Kimball","County","","31105","False","True","54","","2026-08-28"
"NE","Knox","County","","31107","False","True","55","","2026-08-28"
"NE","Lancaster","County","","31109","False","True","56","","2026-08-28"
"NE","Lincoln","County","","31111","False","True","57","","2026-08-28"
"NE","Logan","County","","31113","False","True","58","","2026-08-28"
"NE","Loup","County","","31115","False","True","59","","2026-08-28"
"NE","Madison","County","","31119","False","True","60","","2026-08-28"
"NE","McPherson","County","","31117","False","True","61","","2026-08-28"
"NE","Merrick","County","","31121","False","True","62","","2026-08-28"
"NE","Morrill","County","","31123","False","True","63","","2026-08-28"
"NE","Nance","County","","31125","False","True","64","","2026-08-28"
"NE","Nemaha","County","","31127","False","True","65","","2026-08-28"
"NE","Nuckolls","County","","31129","False","True","66","","2026-08-28"
"NE","Otoe","County","","31131","False","True","67","","2026-08-28"
"NE","Pawnee","County","","31133","False","True","68","","2026-08-28"
"NE","Perkins","County","","31135","False","True","69","","2026-08-28"
"NE","Phelps","County","","31137","False","True","70","","2026-08-28"
"NE","Pierce","County","","31139","False","True","71","","2026-08-28"
"NE","Platte","County","","31141","False","True","72","","2026-08-28"
"NE","Polk","County","","31143","False","True","73","","2026-08-28"
"NE","Red Willow","County","","31145","False","True","74","","2026-08-28"
"NE","Richardson","County","","31147","False","True","75","","2026-08-28"
"NE","Rock","County","","31149","False","True","76","","2026-08-28"
"NE","Saline","County","","31151","False","True","77","","2026-08-28"
"NE","Sarpy","County","","31153","False","True","78","","2026-08-28"
"NE","Saunders","County","","31155","False","True","79","","2026-08-28"
"NE","Scotts Bluff","County","","31157","False","True","80","","2026-08-28"
"NE","Seward","County","","31159","False","True","81","","2026-08-28"
"NE","Sheridan","County","","31161","False","True","82","","2026-08-28"
"NE","Sherman","County","","31163","False","True","83","","2026-08-28"
"NE","Sioux","County","","31165","False","True","84","","2026-08-28"
"NE","Stanton","County","","31167","False","True","85","","2026-08-28"
"NE","Thayer","County","","31169","False","True","86","","2026-08-28"
"NE","Thomas","County","","31171","False","True","87","","2026-08-28"
"NE","Thurston","County","","31173","False","True","88","","2026-08-28"
"NE","Valley","County","","31175","False","True","89","","2026-08-28"
"NE","Washington","County","","31177","False","True","90","","2026-08-28"
"NE","Wayne","County","","31179","False","True","91","","2026-08-28"
"NE","Webster","County","","31181","False","True","92","","2026-08-28"
"NE","Wheeler","County","","31183","False","True","93","","2026-08-28"
"NE","York","County","","31185","False","True","94","","2026-08-28"
"NV","Statewide","Statewide","","","True","True","1","Licenses not tied to a specific sub-unit","2026-08-28"
"NV","Carson City","Independent City","","32510","False","True","2","Consolidated municipality independent of any county; Nevada's only county-equivalent that is not a county.","2026-08-28"
"NV","Churchill","County","","32001","False","True","3","","2026-08-28"
"NV","Clark","County","","32003","False","True","4","","2026-08-28"
"NV","Douglas","County","","32005","False","True","5","","2026-08-28"
"NV","Elko","County","","32007","False","True","6","","2026-08-28"
"NV","Esmeralda","County","","32009","False","True","7","","2026-08-28"
"NV","Eureka","County","","32011","False","True","8","","2026-08-28"
"NV","Humboldt","County","","32013","False","True","9","","2026-08-28"
"NV","Lander","County","","32015","False","True","10","","2026-08-28"
"NV","Lincoln","County","","32017","False","True","11","","2026-08-28"
"NV","Lyon","County","","32019","False","True","12","","2026-08-28"
"NV","Mineral","County","","32021","False","True","13","","2026-08-28"
"NV","Nye","County","","32023","False","True","14","","2026-08-28"
"NV","Pershing","County","","32027","False","True","15","","2026-08-28"
"NV","Storey","County","","32029","False","True","16","","2026-08-28"
"NV","Washoe","County","","32031","False","True","17","","2026-08-28"
"NV","White Pine","County","","32033","False","True","18","","2026-08-28"
"NM","Statewide","Statewide","","","True","True","1","Licenses not tied to a specific sub-unit","2026-08-28"
"NM","Bernalillo","County","","35001","False","True","2","","2026-08-28"
"NM","Catron","County","","35003","False","True","3","","2026-08-28"
"NM","Chaves","County","","35005","False","True","4","","2026-08-28"
"NM","Cibola","County","","35006","False","True","5","","2026-08-28"
"NM","Colfax","County","","35007","False","True","6","","2026-08-28"
"NM","Curry","County","","35009","False","True","7","","2026-08-28"
"NM","De Baca","County","","35011","False","True","8","","2026-08-28"
"NM","Doña Ana","County","","35013","False","True","9","","2026-08-28"
"NM","Eddy","County","","35015","False","True","10","","2026-08-28"
"NM","Grant","County","","35017","False","True","11","","2026-08-28"
"NM","Guadalupe","County","","35019","False","True","12","","2026-08-28"
"NM","Harding","County","","35021","False","True","13","","2026-08-28"
"NM","Hidalgo","County","","35023","False","True","14","","2026-08-28"
"NM","Lea","County","","35025","False","True","15","","2026-08-28"
"NM","Lincoln","County","","35027","False","True","16","","2026-08-28"
"NM","Los Alamos","County","","35028","False","True","17","","2026-08-28"
"NM","Luna","County","","35029","False","True","18","","2026-08-28"
"NM","McKinley","County","","35031","False","True","19","","2026-08-28"
"NM","Mora","County","","35033","False","True","20","","2026-08-28"
"NM","Otero","County","","35035","False","True","21","","2026-08-28"
"NM","Quay","County","","35037","False","True","22","","2026-08-28"
"NM","Rio Arriba","County","","35039","False","True","23","","2026-08-28"
"NM","Roosevelt","County","","35041","False","True","24","","2026-08-28"
"NM","San Juan","County","","35045","False","True","25","","2026-08-28"
"NM","San Miguel","County","","35047","False","True","26","","2026-08-28"
"NM","Sandoval","County","","35043","False","True","27","","2026-08-28"
"NM","Santa Fe","County","","35049","False","True","28","","2026-08-28"
"NM","Sierra","County","","35051","False","True","29","","2026-08-28"
"NM","Socorro","County","","35053","False","True","30","","2026-08-28"
"NM","Taos","County","","35055","False","True","31","","2026-08-28"
"NM","Torrance","County","","35057","False","True","32","","2026-08-28"
"NM","Union","County","","35059","False","True","33","","2026-08-28"
"NM","Valencia","County","","35061","False","True","34","","2026-08-28"
"ND","Statewide","Statewide","","","True","True","1","Licenses not tied to a specific sub-unit","2026-08-28"
"ND","Adams","County","","38001","False","True","2","","2026-08-28"
"ND","Barnes","County","","38003","False","True","3","","2026-08-28"
"ND","Benson","County","","38005","False","True","4","","2026-08-28"
"ND","Billings","County","","38007","False","True","5","","2026-08-28"
"ND","Bottineau","County","","38009","False","True","6","","2026-08-28"
"ND","Bowman","County","","38011","False","True","7","","2026-08-28"
"ND","Burke","County","","38013","False","True","8","","2026-08-28"
"ND","Burleigh","County","","38015","False","True","9","","2026-08-28"
"ND","Cass","County","","38017","False","True","10","","2026-08-28"
"ND","Cavalier","County","","38019","False","True","11","","2026-08-28"
"ND","Dickey","County","","38021","False","True","12","","2026-08-28"
"ND","Divide","County","","38023","False","True","13","","2026-08-28"
"ND","Dunn","County","","38025","False","True","14","","2026-08-28"
"ND","Eddy","County","","38027","False","True","15","","2026-08-28"
"ND","Emmons","County","","38029","False","True","16","","2026-08-28"
"ND","Foster","County","","38031","False","True","17","","2026-08-28"
"ND","Golden Valley","County","","38033","False","True","18","","2026-08-28"
"ND","Grand Forks","County","","38035","False","True","19","","2026-08-28"
"ND","Grant","County","","38037","False","True","20","","2026-08-28"
"ND","Griggs","County","","38039","False","True","21","","2026-08-28"
"ND","Hettinger","County","","38041","False","True","22","","2026-08-28"
"ND","Kidder","County","","38043","False","True","23","","2026-08-28"
"ND","LaMoure","County","","38045","False","True","24","","2026-08-28"
"ND","Logan","County","","38047","False","True","25","","2026-08-28"
"ND","McHenry","County","","38049","False","True","26","","2026-08-28"
"ND","McIntosh","County","","38051","False","True","27","","2026-08-28"
"ND","McKenzie","County","","38053","False","True","28","","2026-08-28"
"ND","McLean","County","","38055","False","True","29","","2026-08-28"
"ND","Mercer","County","","38057","False","True","30","","2026-08-28"
"ND","Morton","County","","38059","False","True","31","","2026-08-28"
"ND","Mountrail","County","","38061","False","True","32","","2026-08-28"
"ND","Nelson","County","","38063","False","True","33","","2026-08-28"
"ND","Oliver","County","","38065","False","True","34","","2026-08-28"
"ND","Pembina","County","","38067","False","True","35","","2026-08-28"
"ND","Pierce","County","","38069","False","True","36","","2026-08-28"
"ND","Ramsey","County","","38071","False","True","37","","2026-08-28"
"ND","Ransom","County","","38073","False","True","38","","2026-08-28"
"ND","Renville","County","","38075","False","True","39","","2026-08-28"
"ND","Richland","County","","38077","False","True","40","","2026-08-28"
"ND","Rolette","County","","38079","False","True","41","","2026-08-28"
"ND","Sargent","County","","38081","False","True","42","","2026-08-28"
"ND","Sheridan","County","","38083","False","True","43","","2026-08-28"
"ND","Sioux","County","","38085","False","True","44","","2026-08-28"
"ND","Slope","County","","38087","False","True","45","","2026-08-28"
"ND","Stark","County","","38089","False","True","46","","2026-08-28"
"ND","Steele","County","","38091","False","True","47","","2026-08-28"
"ND","Stutsman","County","","38093","False","True","48","","2026-08-28"
"ND","Towner","County","","38095","False","True","49","","2026-08-28"
"ND","Traill","County","","38097","False","True","50","","2026-08-28"
"ND","Walsh","County","","38099","False","True","51","","2026-08-28"
"ND","Ward","County","","38101","False","True","52","","2026-08-28"
"ND","Wells","County","","38103","False","True","53","","2026-08-28"
"ND","Williams","County","","38105","False","True","54","","2026-08-28"
"OK","Statewide","Statewide","","","True","True","1","Licenses not tied to a specific sub-unit","2026-08-28"
"OK","Adair","County","","40001","False","True","2","","2026-08-28"
"OK","Alfalfa","County","","40003","False","True","3","","2026-08-28"
"OK","Atoka","County","","40005","False","True","4","","2026-08-28"
"OK","Beaver","County","","40007","False","True","5","","2026-08-28"
"OK","Beckham","County","","40009","False","True","6","","2026-08-28"
"OK","Blaine","County","","40011","False","True","7","","2026-08-28"
"OK","Bryan","County","","40013","False","True","8","","2026-08-28"
"OK","Caddo","County","","40015","False","True","9","","2026-08-28"
"OK","Canadian","County","","40017","False","True","10","","2026-08-28"
"OK","Carter","County","","40019","False","True","11","","2026-08-28"
"OK","Cherokee","County","","40021","False","True","12","","2026-08-28"
"OK","Choctaw","County","","40023","False","True","13","","2026-08-28"
"OK","Cimarron","County","","40025","False","True","14","","2026-08-28"
"OK","Cleveland","County","","40027","False","True","15","","2026-08-28"
"OK","Coal","County","","40029","False","True","16","","2026-08-28"
"OK","Comanche","County","","40031","False","True","17","","2026-08-28"
"OK","Cotton","County","","40033","False","True","18","","2026-08-28"
"OK","Craig","County","","40035","False","True","19","","2026-08-28"
"OK","Creek","County","","40037","False","True","20","","2026-08-28"
"OK","Custer","County","","40039","False","True","21","","2026-08-28"
"OK","Delaware","County","","40041","False","True","22","","2026-08-28"
"OK","Dewey","County","","40043","False","True","23","","2026-08-28"
"OK","Ellis","County","","40045","False","True","24","","2026-08-28"
"OK","Garfield","County","","40047","False","True","25","","2026-08-28"
"OK","Garvin","County","","40049","False","True","26","","2026-08-28"
"OK","Grady","County","","40051","False","True","27","","2026-08-28"
"OK","Grant","County","","40053","False","True","28","","2026-08-28"
"OK","Greer","County","","40055","False","True","29","","2026-08-28"
"OK","Harmon","County","","40057","False","True","30","","2026-08-28"
"OK","Harper","County","","40059","False","True","31","","2026-08-28"
"OK","Haskell","County","","40061","False","True","32","","2026-08-28"
"OK","Hughes","County","","40063","False","True","33","","2026-08-28"
"OK","Jackson","County","","40065","False","True","34","","2026-08-28"
"OK","Jefferson","County","","40067","False","True","35","","2026-08-28"
"OK","Johnston","County","","40069","False","True","36","","2026-08-28"
"OK","Kay","County","","40071","False","True","37","","2026-08-28"
"OK","Kingfisher","County","","40073","False","True","38","","2026-08-28"
"OK","Kiowa","County","","40075","False","True","39","","2026-08-28"
"OK","Latimer","County","","40077","False","True","40","","2026-08-28"
"OK","Le Flore","County","","40079","False","True","41","","2026-08-28"
"OK","Lincoln","County","","40081","False","True","42","","2026-08-28"
"OK","Logan","County","","40083","False","True","43","","2026-08-28"
"OK","Love","County","","40085","False","True","44","","2026-08-28"
"OK","Major","County","","40093","False","True","45","","2026-08-28"
"OK","Marshall","County","","40095","False","True","46","","2026-08-28"
"OK","Mayes","County","","40097","False","True","47","","2026-08-28"
"OK","McClain","County","","40087","False","True","48","","2026-08-28"
"OK","McCurtain","County","","40089","False","True","49","","2026-08-28"
"OK","McIntosh","County","","40091","False","True","50","","2026-08-28"
"OK","Murray","County","","40099","False","True","51","","2026-08-28"
"OK","Muskogee","County","","40101","False","True","52","","2026-08-28"
"OK","Noble","County","","40103","False","True","53","","2026-08-28"
"OK","Nowata","County","","40105","False","True","54","","2026-08-28"
"OK","Okfuskee","County","","40107","False","True","55","","2026-08-28"
"OK","Oklahoma","County","","40109","False","True","56","","2026-08-28"
"OK","Okmulgee","County","","40111","False","True","57","","2026-08-28"
"OK","Osage","County","","40113","False","True","58","","2026-08-28"
"OK","Ottawa","County","","40115","False","True","59","","2026-08-28"
"OK","Pawnee","County","","40117","False","True","60","","2026-08-28"
"OK","Payne","County","","40119","False","True","61","","2026-08-28"
"OK","Pittsburg","County","","40121","False","True","62","","2026-08-28"
"OK","Pontotoc","County","","40123","False","True","63","","2026-08-28"
"OK","Pottawatomie","County","","40125","False","True","64","","2026-08-28"
"OK","Pushmataha","County","","40127","False","True","65","","2026-08-28"
"OK","Roger Mills","County","","40129","False","True","66","","2026-08-28"
"OK","Rogers","County","","40131","False","True","67","","2026-08-28"
"OK","Seminole","County","","40133","False","True","68","","2026-08-28"
"OK","Sequoyah","County","","40135","False","True","69","","2026-08-28"
"OK","Stephens","County","","40137","False","True","70","","2026-08-28"
"OK","Texas","County","","40139","False","True","71","","2026-08-28"
"OK","Tillman","County","","40141","False","True","72","","2026-08-28"
"OK","Tulsa","County","","40143","False","True","73","","2026-08-28"
"OK","Wagoner","County","","40145","False","True","74","","2026-08-28"
"OK","Washington","County","","40147","False","True","75","","2026-08-28"
"OK","Washita","County","","40149","False","True","76","","2026-08-28"
"OK","Woods","County","","40151","False","True","77","","2026-08-28"
"OK","Woodward","County","","40153","False","True","78","","2026-08-28"
"OR","Statewide","Statewide","","","True","True","1","Licenses not tied to a specific sub-unit","2026-08-28"
"OR","Baker","County","","41001","False","True","2","","2026-08-28"
"OR","Benton","County","","41003","False","True","3","","2026-08-28"
"OR","Clackamas","County","","41005","False","True","4","","2026-08-28"
"OR","Clatsop","County","","41007","False","True","5","","2026-08-28"
"OR","Columbia","County","","41009","False","True","6","","2026-08-28"
"OR","Coos","County","","41011","False","True","7","","2026-08-28"
"OR","Crook","County","","41013","False","True","8","","2026-08-28"
"OR","Curry","County","","41015","False","True","9","","2026-08-28"
"OR","Deschutes","County","","41017","False","True","10","","2026-08-28"
"OR","Douglas","County","","41019","False","True","11","","2026-08-28"
"OR","Gilliam","County","","41021","False","True","12","","2026-08-28"
"OR","Grant","County","","41023","False","True","13","","2026-08-28"
"OR","Harney","County","","41025","False","True","14","","2026-08-28"
"OR","Hood River","County","","41027","False","True","15","","2026-08-28"
"OR","Jackson","County","","41029","False","True","16","","2026-08-28"
"OR","Jefferson","County","","41031","False","True","17","","2026-08-28"
"OR","Josephine","County","","41033","False","True","18","","2026-08-28"
"OR","Klamath","County","","41035","False","True","19","","2026-08-28"
"OR","Lake","County","","41037","False","True","20","","2026-08-28"
"OR","Lane","County","","41039","False","True","21","","2026-08-28"
"OR","Lincoln","County","","41041","False","True","22","","2026-08-28"
"OR","Linn","County","","41043","False","True","23","","2026-08-28"
"OR","Malheur","County","","41045","False","True","24","","2026-08-28"
"OR","Marion","County","","41047","False","True","25","","2026-08-28"
"OR","Morrow","County","","41049","False","True","26","","2026-08-28"
"OR","Multnomah","County","","41051","False","True","27","","2026-08-28"
"OR","Polk","County","","41053","False","True","28","","2026-08-28"
"OR","Sherman","County","","41055","False","True","29","","2026-08-28"
"OR","Tillamook","County","","41057","False","True","30","","2026-08-28"
"OR","Umatilla","County","","41059","False","True","31","","2026-08-28"
"OR","Union","County","","41061","False","True","32","","2026-08-28"
"OR","Wallowa","County","","41063","False","True","33","","2026-08-28"
"OR","Wasco","County","","41065","False","True","34","","2026-08-28"
"OR","Washington","County","","41067","False","True","35","","2026-08-28"
"OR","Wheeler","County","","41069","False","True","36","","2026-08-28"
"OR","Yamhill","County","","41071","False","True","37","","2026-08-28"
"SD","Statewide","Statewide","","","True","True","1","Licenses not tied to a specific sub-unit","2026-08-28"
"SD","Aurora","County","","46003","False","True","2","","2026-08-28"
"SD","Beadle","County","","46005","False","True","3","","2026-08-28"
"SD","Bennett","County","","46007","False","True","4","","2026-08-28"
"SD","Bon Homme","County","","46009","False","True","5","","2026-08-28"
"SD","Brookings","County","","46011","False","True","6","","2026-08-28"
"SD","Brown","County","","46013","False","True","7","","2026-08-28"
"SD","Brule","County","","46015","False","True","8","","2026-08-28"
"SD","Buffalo","County","","46017","False","True","9","","2026-08-28"
"SD","Butte","County","","46019","False","True","10","","2026-08-28"
"SD","Campbell","County","","46021","False","True","11","","2026-08-28"
"SD","Charles Mix","County","","46023","False","True","12","","2026-08-28"
"SD","Clark","County","","46025","False","True","13","","2026-08-28"
"SD","Clay","County","","46027","False","True","14","","2026-08-28"
"SD","Codington","County","","46029","False","True","15","","2026-08-28"
"SD","Corson","County","","46031","False","True","16","","2026-08-28"
"SD","Custer","County","","46033","False","True","17","","2026-08-28"
"SD","Davison","County","","46035","False","True","18","","2026-08-28"
"SD","Day","County","","46037","False","True","19","","2026-08-28"
"SD","Deuel","County","","46039","False","True","20","","2026-08-28"
"SD","Dewey","County","","46041","False","True","21","","2026-08-28"
"SD","Douglas","County","","46043","False","True","22","","2026-08-28"
"SD","Edmunds","County","","46045","False","True","23","","2026-08-28"
"SD","Fall River","County","","46047","False","True","24","","2026-08-28"
"SD","Faulk","County","","46049","False","True","25","","2026-08-28"
"SD","Grant","County","","46051","False","True","26","","2026-08-28"
"SD","Gregory","County","","46053","False","True","27","","2026-08-28"
"SD","Haakon","County","","46055","False","True","28","","2026-08-28"
"SD","Hamlin","County","","46057","False","True","29","","2026-08-28"
"SD","Hand","County","","46059","False","True","30","","2026-08-28"
"SD","Hanson","County","","46061","False","True","31","","2026-08-28"
"SD","Harding","County","","46063","False","True","32","","2026-08-28"
"SD","Hughes","County","","46065","False","True","33","","2026-08-28"
"SD","Hutchinson","County","","46067","False","True","34","","2026-08-28"
"SD","Hyde","County","","46069","False","True","35","","2026-08-28"
"SD","Jackson","County","","46071","False","True","36","","2026-08-28"
"SD","Jerauld","County","","46073","False","True","37","","2026-08-28"
"SD","Jones","County","","46075","False","True","38","","2026-08-28"
"SD","Kingsbury","County","","46077","False","True","39","","2026-08-28"
"SD","Lake","County","","46079","False","True","40","","2026-08-28"
"SD","Lawrence","County","","46081","False","True","41","","2026-08-28"
"SD","Lincoln","County","","46083","False","True","42","","2026-08-28"
"SD","Lyman","County","","46085","False","True","43","","2026-08-28"
"SD","Marshall","County","","46091","False","True","44","","2026-08-28"
"SD","McCook","County","","46087","False","True","45","","2026-08-28"
"SD","McPherson","County","","46089","False","True","46","","2026-08-28"
"SD","Meade","County","","46093","False","True","47","","2026-08-28"
"SD","Mellette","County","","46095","False","True","48","","2026-08-28"
"SD","Miner","County","","46097","False","True","49","","2026-08-28"
"SD","Minnehaha","County","","46099","False","True","50","","2026-08-28"
"SD","Moody","County","","46101","False","True","51","","2026-08-28"
"SD","Oglala Lakota","County","","46102","False","True","52","Named Shannon County until 2015 (FIPS changed 46113 to 46102); pre-2015 artifacts will read Shannon.","2026-08-28"
"SD","Pennington","County","","46103","False","True","53","","2026-08-28"
"SD","Perkins","County","","46105","False","True","54","","2026-08-28"
"SD","Potter","County","","46107","False","True","55","","2026-08-28"
"SD","Roberts","County","","46109","False","True","56","","2026-08-28"
"SD","Sanborn","County","","46111","False","True","57","","2026-08-28"
"SD","Spink","County","","46115","False","True","58","","2026-08-28"
"SD","Stanley","County","","46117","False","True","59","","2026-08-28"
"SD","Sully","County","","46119","False","True","60","","2026-08-28"
"SD","Todd","County","","46121","False","True","61","","2026-08-28"
"SD","Tripp","County","","46123","False","True","62","","2026-08-28"
"SD","Turner","County","","46125","False","True","63","","2026-08-28"
"SD","Union","County","","46127","False","True","64","","2026-08-28"
"SD","Walworth","County","","46129","False","True","65","","2026-08-28"
"SD","Yankton","County","","46135","False","True","66","","2026-08-28"
"SD","Ziebach","County","","46137","False","True","67","","2026-08-28"
"UT","Statewide","Statewide","","","True","True","1","Licenses not tied to a specific sub-unit","2026-08-28"
"UT","Beaver","County","","49001","False","True","2","","2026-08-28"
"UT","Box Elder","County","","49003","False","True","3","","2026-08-28"
"UT","Cache","County","","49005","False","True","4","","2026-08-28"
"UT","Carbon","County","","49007","False","True","5","","2026-08-28"
"UT","Daggett","County","","49009","False","True","6","","2026-08-28"
"UT","Davis","County","","49011","False","True","7","","2026-08-28"
"UT","Duchesne","County","","49013","False","True","8","","2026-08-28"
"UT","Emery","County","","49015","False","True","9","","2026-08-28"
"UT","Garfield","County","","49017","False","True","10","","2026-08-28"
"UT","Grand","County","","49019","False","True","11","","2026-08-28"
"UT","Iron","County","","49021","False","True","12","","2026-08-28"
"UT","Juab","County","","49023","False","True","13","","2026-08-28"
"UT","Kane","County","","49025","False","True","14","","2026-08-28"
"UT","Millard","County","","49027","False","True","15","","2026-08-28"
"UT","Morgan","County","","49029","False","True","16","","2026-08-28"
"UT","Piute","County","","49031","False","True","17","","2026-08-28"
"UT","Rich","County","","49033","False","True","18","","2026-08-28"
"UT","Salt Lake","County","","49035","False","True","19","","2026-08-28"
"UT","San Juan","County","","49037","False","True","20","","2026-08-28"
"UT","Sanpete","County","","49039","False","True","21","","2026-08-28"
"UT","Sevier","County","","49041","False","True","22","","2026-08-28"
"UT","Summit","County","","49043","False","True","23","","2026-08-28"
"UT","Tooele","County","","49045","False","True","24","","2026-08-28"
"UT","Uintah","County","","49047","False","True","25","","2026-08-28"
"UT","Utah","County","","49049","False","True","26","","2026-08-28"
"UT","Wasatch","County","","49051","False","True","27","","2026-08-28"
"UT","Washington","County","","49053","False","True","28","","2026-08-28"
"UT","Wayne","County","","49055","False","True","29","","2026-08-28"
"UT","Weber","County","","49057","False","True","30","","2026-08-28"
"WA","Statewide","Statewide","","","True","True","1","Licenses not tied to a specific sub-unit","2026-08-28"
"WA","Adams","County","","53001","False","True","2","","2026-08-28"
"WA","Asotin","County","","53003","False","True","3","","2026-08-28"
"WA","Benton","County","","53005","False","True","4","","2026-08-28"
"WA","Chelan","County","","53007","False","True","5","","2026-08-28"
"WA","Clallam","County","","53009","False","True","6","","2026-08-28"
"WA","Clark","County","","53011","False","True","7","","2026-08-28"
"WA","Columbia","County","","53013","False","True","8","","2026-08-28"
"WA","Cowlitz","County","","53015","False","True","9","","2026-08-28"
"WA","Douglas","County","","53017","False","True","10","","2026-08-28"
"WA","Ferry","County","","53019","False","True","11","","2026-08-28"
"WA","Franklin","County","","53021","False","True","12","","2026-08-28"
"WA","Garfield","County","","53023","False","True","13","","2026-08-28"
"WA","Grant","County","","53025","False","True","14","","2026-08-28"
"WA","Grays Harbor","County","","53027","False","True","15","","2026-08-28"
"WA","Island","County","","53029","False","True","16","","2026-08-28"
"WA","Jefferson","County","","53031","False","True","17","","2026-08-28"
"WA","King","County","","53033","False","True","18","","2026-08-28"
"WA","Kitsap","County","","53035","False","True","19","","2026-08-28"
"WA","Kittitas","County","","53037","False","True","20","","2026-08-28"
"WA","Klickitat","County","","53039","False","True","21","","2026-08-28"
"WA","Lewis","County","","53041","False","True","22","","2026-08-28"
"WA","Lincoln","County","","53043","False","True","23","","2026-08-28"
"WA","Mason","County","","53045","False","True","24","","2026-08-28"
"WA","Okanogan","County","","53047","False","True","25","","2026-08-28"
"WA","Pacific","County","","53049","False","True","26","","2026-08-28"
"WA","Pend Oreille","County","","53051","False","True","27","","2026-08-28"
"WA","Pierce","County","","53053","False","True","28","","2026-08-28"
"WA","San Juan","County","","53055","False","True","29","","2026-08-28"
"WA","Skagit","County","","53057","False","True","30","","2026-08-28"
"WA","Skamania","County","","53059","False","True","31","","2026-08-28"
"WA","Snohomish","County","","53061","False","True","32","","2026-08-28"
"WA","Spokane","County","","53063","False","True","33","","2026-08-28"
"WA","Stevens","County","","53065","False","True","34","","2026-08-28"
"WA","Thurston","County","","53067","False","True","35","","2026-08-28"
"WA","Wahkiakum","County","","53069","False","True","36","","2026-08-28"
"WA","Walla Walla","County","","53071","False","True","37","","2026-08-28"
"WA","Whatcom","County","","53073","False","True","38","","2026-08-28"
"WA","Whitman","County","","53075","False","True","39","","2026-08-28"
"WA","Yakima","County","","53077","False","True","40","","2026-08-28"
"AK","Valdez-Cordova","Census Area","","02261","False","True","32","HISTORICAL UNIT - no longer exists. Abolished 2 Jan 2019 and split into Chugach Census Area (02063) and Copper River Census Area (02066). Any Alaska license or permit printed before Jan 2019 that names this area carries THIS name, not Chugach or Copper River.","2026-08-28"
"AK","Wade Hampton","Census Area","","02270","False","True","33","HISTORICAL UNIT - renamed. Renamed Kusilvak Census Area effective 1 July 2015 and reassigned FIPS 02158; this row carries the original code 02270. Artifacts predating July 2015 read Wade Hampton. Note: some third-party FIPS datasets wrongly file Wade Hampton under 02158.","2026-08-28"
"AK","Wrangell-Petersburg","Census Area","","02280","False","True","34","HISTORICAL UNIT - no longer exists. Split 1 June 2008 into Wrangell City and Borough (02275) and Petersburg Census Area (02195). Artifacts predating June 2008 read Wrangell-Petersburg.","2026-08-28"
"AK","Prince of Wales-Outer Ketchikan","Census Area","","02201","False","True","35","HISTORICAL UNIT - no longer exists. Dissolved in 2008: Outer Ketchikan was annexed by Ketchikan Gateway Borough (19 May 2008), part went to the new Wrangell City and Borough (1 June 2008), and the remainder was renamed Prince of Wales-Hyder Census Area (02198).","2026-08-28"
"AK","Skagway-Hoonah-Angoon","Census Area","","02232","False","True","36","HISTORICAL UNIT - no longer exists. Split 20 June 2007 into Skagway Municipality (02230) and Hoonah-Angoon Census Area (02105). Artifacts predating June 2007 read Skagway-Hoonah-Angoon.","2026-08-28"
"SD","Shannon","County","","46113","False","True","68","HISTORICAL UNIT - renamed. Renamed Oglala Lakota County effective 1 May 2015 and reassigned FIPS 46102; this row carries the original code 46113. South Dakota licenses printed before May 2015 read Shannon, so this is the name that appears on essentially every collectible SD item from this county. Note: some third-party FIPS datasets wrongly file Shannon under 46102.","2026-08-28"
"VA","Clifton Forge","Independent City","","51560","False","True","136","HISTORICAL UNIT - no longer exists. Independent city until 1 July 2001, when it merged with Alleghany County (51005) and reverted to town status. Virginia issued county and independent-city licenses, so pre-2001 VA licenses can name Clifton Forge as its own jurisdiction. Added on the same logic as the existing Bedford City row (independent city until it merged into Bedford County in 2013).","2026-08-28"
"CO","Statewide","Statewide","","","True","True","1","Licenses not tied to a specific sub-unit","2026-08-28"
"CO","Adams","County","","08001","False","True","2","County unit added for antique-era coverage. Colorado had no sub-state units in this table at all; Game Management Units are the modern overlay. Counties coexist with the state's management units in this table - record whichever the artifact actually names.","2026-08-28"
"CO","Alamosa","County","","08003","False","True","3","County unit added for antique-era coverage. Colorado had no sub-state units in this table at all; Game Management Units are the modern overlay. Counties coexist with the state's management units in this table - record whichever the artifact actually names.","2026-08-28"
"CO","Arapahoe","County","","08005","False","True","4","County unit added for antique-era coverage. Colorado had no sub-state units in this table at all; Game Management Units are the modern overlay. Counties coexist with the state's management units in this table - record whichever the artifact actually names.","2026-08-28"
"CO","Archuleta","County","","08007","False","True","5","County unit added for antique-era coverage. Colorado had no sub-state units in this table at all; Game Management Units are the modern overlay. Counties coexist with the state's management units in this table - record whichever the artifact actually names.","2026-08-28"
"CO","Baca","County","","08009","False","True","6","County unit added for antique-era coverage. Colorado had no sub-state units in this table at all; Game Management Units are the modern overlay. Counties coexist with the state's management units in this table - record whichever the artifact actually names.","2026-08-28"
"CO","Bent","County","","08011","False","True","7","County unit added for antique-era coverage. Colorado had no sub-state units in this table at all; Game Management Units are the modern overlay. Counties coexist with the state's management units in this table - record whichever the artifact actually names.","2026-08-28"
"CO","Boulder","County","","08013","False","True","8","County unit added for antique-era coverage. Colorado had no sub-state units in this table at all; Game Management Units are the modern overlay. Counties coexist with the state's management units in this table - record whichever the artifact actually names.","2026-08-28"
"CO","Broomfield","County","","08014","False","True","9","County unit added for antique-era coverage. Colorado had no sub-state units in this table at all; Game Management Units are the modern overlay. Counties coexist with the state's management units in this table - record whichever the artifact actually names.","2026-08-28"
"CO","Chaffee","County","","08015","False","True","10","County unit added for antique-era coverage. Colorado had no sub-state units in this table at all; Game Management Units are the modern overlay. Counties coexist with the state's management units in this table - record whichever the artifact actually names.","2026-08-28"
"CO","Cheyenne","County","","08017","False","True","11","County unit added for antique-era coverage. Colorado had no sub-state units in this table at all; Game Management Units are the modern overlay. Counties coexist with the state's management units in this table - record whichever the artifact actually names.","2026-08-28"
"CO","Clear Creek","County","","08019","False","True","12","County unit added for antique-era coverage. Colorado had no sub-state units in this table at all; Game Management Units are the modern overlay. Counties coexist with the state's management units in this table - record whichever the artifact actually names.","2026-08-28"
"CO","Conejos","County","","08021","False","True","13","County unit added for antique-era coverage. Colorado had no sub-state units in this table at all; Game Management Units are the modern overlay. Counties coexist with the state's management units in this table - record whichever the artifact actually names.","2026-08-28"
"CO","Costilla","County","","08023","False","True","14","County unit added for antique-era coverage. Colorado had no sub-state units in this table at all; Game Management Units are the modern overlay. Counties coexist with the state's management units in this table - record whichever the artifact actually names.","2026-08-28"
"CO","Crowley","County","","08025","False","True","15","County unit added for antique-era coverage. Colorado had no sub-state units in this table at all; Game Management Units are the modern overlay. Counties coexist with the state's management units in this table - record whichever the artifact actually names.","2026-08-28"
"CO","Custer","County","","08027","False","True","16","County unit added for antique-era coverage. Colorado had no sub-state units in this table at all; Game Management Units are the modern overlay. Counties coexist with the state's management units in this table - record whichever the artifact actually names.","2026-08-28"
"CO","Delta","County","","08029","False","True","17","County unit added for antique-era coverage. Colorado had no sub-state units in this table at all; Game Management Units are the modern overlay. Counties coexist with the state's management units in this table - record whichever the artifact actually names.","2026-08-28"
"CO","Denver","County","","08031","False","True","18","County unit added for antique-era coverage. Colorado had no sub-state units in this table at all; Game Management Units are the modern overlay. Counties coexist with the state's management units in this table - record whichever the artifact actually names.","2026-08-28"
"CO","Dolores","County","","08033","False","True","19","County unit added for antique-era coverage. Colorado had no sub-state units in this table at all; Game Management Units are the modern overlay. Counties coexist with the state's management units in this table - record whichever the artifact actually names.","2026-08-28"
"CO","Douglas","County","","08035","False","True","20","County unit added for antique-era coverage. Colorado had no sub-state units in this table at all; Game Management Units are the modern overlay. Counties coexist with the state's management units in this table - record whichever the artifact actually names.","2026-08-28"
"CO","Eagle","County","","08037","False","True","21","County unit added for antique-era coverage. Colorado had no sub-state units in this table at all; Game Management Units are the modern overlay. Counties coexist with the state's management units in this table - record whichever the artifact actually names.","2026-08-28"
"CO","El Paso","County","","08041","False","True","22","County unit added for antique-era coverage. Colorado had no sub-state units in this table at all; Game Management Units are the modern overlay. Counties coexist with the state's management units in this table - record whichever the artifact actually names.","2026-08-28"
"CO","Elbert","County","","08039","False","True","23","County unit added for antique-era coverage. Colorado had no sub-state units in this table at all; Game Management Units are the modern overlay. Counties coexist with the state's management units in this table - record whichever the artifact actually names.","2026-08-28"
"CO","Fremont","County","","08043","False","True","24","County unit added for antique-era coverage. Colorado had no sub-state units in this table at all; Game Management Units are the modern overlay. Counties coexist with the state's management units in this table - record whichever the artifact actually names.","2026-08-28"
"CO","Garfield","County","","08045","False","True","25","County unit added for antique-era coverage. Colorado had no sub-state units in this table at all; Game Management Units are the modern overlay. Counties coexist with the state's management units in this table - record whichever the artifact actually names.","2026-08-28"
"CO","Gilpin","County","","08047","False","True","26","County unit added for antique-era coverage. Colorado had no sub-state units in this table at all; Game Management Units are the modern overlay. Counties coexist with the state's management units in this table - record whichever the artifact actually names.","2026-08-28"
"CO","Grand","County","","08049","False","True","27","County unit added for antique-era coverage. Colorado had no sub-state units in this table at all; Game Management Units are the modern overlay. Counties coexist with the state's management units in this table - record whichever the artifact actually names.","2026-08-28"
"CO","Gunnison","County","","08051","False","True","28","County unit added for antique-era coverage. Colorado had no sub-state units in this table at all; Game Management Units are the modern overlay. Counties coexist with the state's management units in this table - record whichever the artifact actually names.","2026-08-28"
"CO","Hinsdale","County","","08053","False","True","29","County unit added for antique-era coverage. Colorado had no sub-state units in this table at all; Game Management Units are the modern overlay. Counties coexist with the state's management units in this table - record whichever the artifact actually names.","2026-08-28"
"CO","Huerfano","County","","08055","False","True","30","County unit added for antique-era coverage. Colorado had no sub-state units in this table at all; Game Management Units are the modern overlay. Counties coexist with the state's management units in this table - record whichever the artifact actually names.","2026-08-28"
"CO","Jackson","County","","08057","False","True","31","County unit added for antique-era coverage. Colorado had no sub-state units in this table at all; Game Management Units are the modern overlay. Counties coexist with the state's management units in this table - record whichever the artifact actually names.","2026-08-28"
"CO","Jefferson","County","","08059","False","True","32","County unit added for antique-era coverage. Colorado had no sub-state units in this table at all; Game Management Units are the modern overlay. Counties coexist with the state's management units in this table - record whichever the artifact actually names.","2026-08-28"
"CO","Kiowa","County","","08061","False","True","33","County unit added for antique-era coverage. Colorado had no sub-state units in this table at all; Game Management Units are the modern overlay. Counties coexist with the state's management units in this table - record whichever the artifact actually names.","2026-08-28"
"CO","Kit Carson","County","","08063","False","True","34","County unit added for antique-era coverage. Colorado had no sub-state units in this table at all; Game Management Units are the modern overlay. Counties coexist with the state's management units in this table - record whichever the artifact actually names.","2026-08-28"
"CO","La Plata","County","","08067","False","True","35","County unit added for antique-era coverage. Colorado had no sub-state units in this table at all; Game Management Units are the modern overlay. Counties coexist with the state's management units in this table - record whichever the artifact actually names.","2026-08-28"
"CO","Lake","County","","08065","False","True","36","County unit added for antique-era coverage. Colorado had no sub-state units in this table at all; Game Management Units are the modern overlay. Counties coexist with the state's management units in this table - record whichever the artifact actually names.","2026-08-28"
"CO","Larimer","County","","08069","False","True","37","County unit added for antique-era coverage. Colorado had no sub-state units in this table at all; Game Management Units are the modern overlay. Counties coexist with the state's management units in this table - record whichever the artifact actually names.","2026-08-28"
"CO","Las Animas","County","","08071","False","True","38","County unit added for antique-era coverage. Colorado had no sub-state units in this table at all; Game Management Units are the modern overlay. Counties coexist with the state's management units in this table - record whichever the artifact actually names.","2026-08-28"
"CO","Lincoln","County","","08073","False","True","39","County unit added for antique-era coverage. Colorado had no sub-state units in this table at all; Game Management Units are the modern overlay. Counties coexist with the state's management units in this table - record whichever the artifact actually names.","2026-08-28"
"CO","Logan","County","","08075","False","True","40","County unit added for antique-era coverage. Colorado had no sub-state units in this table at all; Game Management Units are the modern overlay. Counties coexist with the state's management units in this table - record whichever the artifact actually names.","2026-08-28"
"CO","Mesa","County","","08077","False","True","41","County unit added for antique-era coverage. Colorado had no sub-state units in this table at all; Game Management Units are the modern overlay. Counties coexist with the state's management units in this table - record whichever the artifact actually names.","2026-08-28"
"CO","Mineral","County","","08079","False","True","42","County unit added for antique-era coverage. Colorado had no sub-state units in this table at all; Game Management Units are the modern overlay. Counties coexist with the state's management units in this table - record whichever the artifact actually names.","2026-08-28"
"CO","Moffat","County","","08081","False","True","43","County unit added for antique-era coverage. Colorado had no sub-state units in this table at all; Game Management Units are the modern overlay. Counties coexist with the state's management units in this table - record whichever the artifact actually names.","2026-08-28"
"CO","Montezuma","County","","08083","False","True","44","County unit added for antique-era coverage. Colorado had no sub-state units in this table at all; Game Management Units are the modern overlay. Counties coexist with the state's management units in this table - record whichever the artifact actually names.","2026-08-28"
"CO","Montrose","County","","08085","False","True","45","County unit added for antique-era coverage. Colorado had no sub-state units in this table at all; Game Management Units are the modern overlay. Counties coexist with the state's management units in this table - record whichever the artifact actually names.","2026-08-28"
"CO","Morgan","County","","08087","False","True","46","County unit added for antique-era coverage. Colorado had no sub-state units in this table at all; Game Management Units are the modern overlay. Counties coexist with the state's management units in this table - record whichever the artifact actually names.","2026-08-28"
"CO","Otero","County","","08089","False","True","47","County unit added for antique-era coverage. Colorado had no sub-state units in this table at all; Game Management Units are the modern overlay. Counties coexist with the state's management units in this table - record whichever the artifact actually names.","2026-08-28"
"CO","Ouray","County","","08091","False","True","48","County unit added for antique-era coverage. Colorado had no sub-state units in this table at all; Game Management Units are the modern overlay. Counties coexist with the state's management units in this table - record whichever the artifact actually names.","2026-08-28"
"CO","Park","County","","08093","False","True","49","County unit added for antique-era coverage. Colorado had no sub-state units in this table at all; Game Management Units are the modern overlay. Counties coexist with the state's management units in this table - record whichever the artifact actually names.","2026-08-28"
"CO","Phillips","County","","08095","False","True","50","County unit added for antique-era coverage. Colorado had no sub-state units in this table at all; Game Management Units are the modern overlay. Counties coexist with the state's management units in this table - record whichever the artifact actually names.","2026-08-28"
"CO","Pitkin","County","","08097","False","True","51","County unit added for antique-era coverage. Colorado had no sub-state units in this table at all; Game Management Units are the modern overlay. Counties coexist with the state's management units in this table - record whichever the artifact actually names.","2026-08-28"
"CO","Prowers","County","","08099","False","True","52","County unit added for antique-era coverage. Colorado had no sub-state units in this table at all; Game Management Units are the modern overlay. Counties coexist with the state's management units in this table - record whichever the artifact actually names.","2026-08-28"
"CO","Pueblo","County","","08101","False","True","53","County unit added for antique-era coverage. Colorado had no sub-state units in this table at all; Game Management Units are the modern overlay. Counties coexist with the state's management units in this table - record whichever the artifact actually names.","2026-08-28"
"CO","Rio Blanco","County","","08103","False","True","54","County unit added for antique-era coverage. Colorado had no sub-state units in this table at all; Game Management Units are the modern overlay. Counties coexist with the state's management units in this table - record whichever the artifact actually names.","2026-08-28"
"CO","Rio Grande","County","","08105","False","True","55","County unit added for antique-era coverage. Colorado had no sub-state units in this table at all; Game Management Units are the modern overlay. Counties coexist with the state's management units in this table - record whichever the artifact actually names.","2026-08-28"
"CO","Routt","County","","08107","False","True","56","County unit added for antique-era coverage. Colorado had no sub-state units in this table at all; Game Management Units are the modern overlay. Counties coexist with the state's management units in this table - record whichever the artifact actually names.","2026-08-28"
"CO","Saguache","County","","08109","False","True","57","County unit added for antique-era coverage. Colorado had no sub-state units in this table at all; Game Management Units are the modern overlay. Counties coexist with the state's management units in this table - record whichever the artifact actually names.","2026-08-28"
"CO","San Juan","County","","08111","False","True","58","County unit added for antique-era coverage. Colorado had no sub-state units in this table at all; Game Management Units are the modern overlay. Counties coexist with the state's management units in this table - record whichever the artifact actually names.","2026-08-28"
"CO","San Miguel","County","","08113","False","True","59","County unit added for antique-era coverage. Colorado had no sub-state units in this table at all; Game Management Units are the modern overlay. Counties coexist with the state's management units in this table - record whichever the artifact actually names.","2026-08-28"
"CO","Sedgwick","County","","08115","False","True","60","County unit added for antique-era coverage. Colorado had no sub-state units in this table at all; Game Management Units are the modern overlay. Counties coexist with the state's management units in this table - record whichever the artifact actually names.","2026-08-28"
"CO","Summit","County","","08117","False","True","61","County unit added for antique-era coverage. Colorado had no sub-state units in this table at all; Game Management Units are the modern overlay. Counties coexist with the state's management units in this table - record whichever the artifact actually names.","2026-08-28"
"CO","Teller","County","","08119","False","True","62","County unit added for antique-era coverage. Colorado had no sub-state units in this table at all; Game Management Units are the modern overlay. Counties coexist with the state's management units in this table - record whichever the artifact actually names.","2026-08-28"
"CO","Washington","County","","08121","False","True","63","County unit added for antique-era coverage. Colorado had no sub-state units in this table at all; Game Management Units are the modern overlay. Counties coexist with the state's management units in this table - record whichever the artifact actually names.","2026-08-28"
"CO","Weld","County","","08123","False","True","64","County unit added for antique-era coverage. Colorado had no sub-state units in this table at all; Game Management Units are the modern overlay. Counties coexist with the state's management units in this table - record whichever the artifact actually names.","2026-08-28"
"CO","Yuma","County","","08125","False","True","65","County unit added for antique-era coverage. Colorado had no sub-state units in this table at all; Game Management Units are the modern overlay. Counties coexist with the state's management units in this table - record whichever the artifact actually names.","2026-08-28"
"KS","Allen","County","","20001","False","True","1","County unit added for antique-era coverage. Kansas Deer Management Units are groups of whole counties, so a county maps cleanly into a DMU where that crosswalk is needed. Counties coexist with the state's management units in this table - record whichever the artifact actually names.","2026-08-28"
"KS","Anderson","County","","20003","False","True","2","County unit added for antique-era coverage. Kansas Deer Management Units are groups of whole counties, so a county maps cleanly into a DMU where that crosswalk is needed. Counties coexist with the state's management units in this table - record whichever the artifact actually names.","2026-08-28"
"KS","Atchison","County","","20005","False","True","3","County unit added for antique-era coverage. Kansas Deer Management Units are groups of whole counties, so a county maps cleanly into a DMU where that crosswalk is needed. Counties coexist with the state's management units in this table - record whichever the artifact actually names.","2026-08-28"
"KS","Barber","County","","20007","False","True","4","County unit added for antique-era coverage. Kansas Deer Management Units are groups of whole counties, so a county maps cleanly into a DMU where that crosswalk is needed. Counties coexist with the state's management units in this table - record whichever the artifact actually names.","2026-08-28"
"KS","Barton","County","","20009","False","True","5","County unit added for antique-era coverage. Kansas Deer Management Units are groups of whole counties, so a county maps cleanly into a DMU where that crosswalk is needed. Counties coexist with the state's management units in this table - record whichever the artifact actually names.","2026-08-28"
"KS","Bourbon","County","","20011","False","True","6","County unit added for antique-era coverage. Kansas Deer Management Units are groups of whole counties, so a county maps cleanly into a DMU where that crosswalk is needed. Counties coexist with the state's management units in this table - record whichever the artifact actually names.","2026-08-28"
"KS","Brown","County","","20013","False","True","7","County unit added for antique-era coverage. Kansas Deer Management Units are groups of whole counties, so a county maps cleanly into a DMU where that crosswalk is needed. Counties coexist with the state's management units in this table - record whichever the artifact actually names.","2026-08-28"
"KS","Butler","County","","20015","False","True","8","County unit added for antique-era coverage. Kansas Deer Management Units are groups of whole counties, so a county maps cleanly into a DMU where that crosswalk is needed. Counties coexist with the state's management units in this table - record whichever the artifact actually names.","2026-08-28"
"KS","Chase","County","","20017","False","True","9","County unit added for antique-era coverage. Kansas Deer Management Units are groups of whole counties, so a county maps cleanly into a DMU where that crosswalk is needed. Counties coexist with the state's management units in this table - record whichever the artifact actually names.","2026-08-28"
"KS","Chautauqua","County","","20019","False","True","10","County unit added for antique-era coverage. Kansas Deer Management Units are groups of whole counties, so a county maps cleanly into a DMU where that crosswalk is needed. Counties coexist with the state's management units in this table - record whichever the artifact actually names.","2026-08-28"
"KS","Cherokee","County","","20021","False","True","11","County unit added for antique-era coverage. Kansas Deer Management Units are groups of whole counties, so a county maps cleanly into a DMU where that crosswalk is needed. Counties coexist with the state's management units in this table - record whichever the artifact actually names.","2026-08-28"
"KS","Cheyenne","County","","20023","False","True","12","County unit added for antique-era coverage. Kansas Deer Management Units are groups of whole counties, so a county maps cleanly into a DMU where that crosswalk is needed. Counties coexist with the state's management units in this table - record whichever the artifact actually names.","2026-08-28"
"KS","Clark","County","","20025","False","True","13","County unit added for antique-era coverage. Kansas Deer Management Units are groups of whole counties, so a county maps cleanly into a DMU where that crosswalk is needed. Counties coexist with the state's management units in this table - record whichever the artifact actually names.","2026-08-28"
"KS","Clay","County","","20027","False","True","14","County unit added for antique-era coverage. Kansas Deer Management Units are groups of whole counties, so a county maps cleanly into a DMU where that crosswalk is needed. Counties coexist with the state's management units in this table - record whichever the artifact actually names.","2026-08-28"
"KS","Cloud","County","","20029","False","True","15","County unit added for antique-era coverage. Kansas Deer Management Units are groups of whole counties, so a county maps cleanly into a DMU where that crosswalk is needed. Counties coexist with the state's management units in this table - record whichever the artifact actually names.","2026-08-28"
"KS","Coffey","County","","20031","False","True","16","County unit added for antique-era coverage. Kansas Deer Management Units are groups of whole counties, so a county maps cleanly into a DMU where that crosswalk is needed. Counties coexist with the state's management units in this table - record whichever the artifact actually names.","2026-08-28"
"KS","Comanche","County","","20033","False","True","17","County unit added for antique-era coverage. Kansas Deer Management Units are groups of whole counties, so a county maps cleanly into a DMU where that crosswalk is needed. Counties coexist with the state's management units in this table - record whichever the artifact actually names.","2026-08-28"
"KS","Cowley","County","","20035","False","True","18","County unit added for antique-era coverage. Kansas Deer Management Units are groups of whole counties, so a county maps cleanly into a DMU where that crosswalk is needed. Counties coexist with the state's management units in this table - record whichever the artifact actually names.","2026-08-28"
"KS","Crawford","County","","20037","False","True","19","County unit added for antique-era coverage. Kansas Deer Management Units are groups of whole counties, so a county maps cleanly into a DMU where that crosswalk is needed. Counties coexist with the state's management units in this table - record whichever the artifact actually names.","2026-08-28"
"KS","Decatur","County","","20039","False","True","20","County unit added for antique-era coverage. Kansas Deer Management Units are groups of whole counties, so a county maps cleanly into a DMU where that crosswalk is needed. Counties coexist with the state's management units in this table - record whichever the artifact actually names.","2026-08-28"
"KS","Dickinson","County","","20041","False","True","21","County unit added for antique-era coverage. Kansas Deer Management Units are groups of whole counties, so a county maps cleanly into a DMU where that crosswalk is needed. Counties coexist with the state's management units in this table - record whichever the artifact actually names.","2026-08-28"
"KS","Doniphan","County","","20043","False","True","22","County unit added for antique-era coverage. Kansas Deer Management Units are groups of whole counties, so a county maps cleanly into a DMU where that crosswalk is needed. Counties coexist with the state's management units in this table - record whichever the artifact actually names.","2026-08-28"
"KS","Douglas","County","","20045","False","True","23","County unit added for antique-era coverage. Kansas Deer Management Units are groups of whole counties, so a county maps cleanly into a DMU where that crosswalk is needed. Counties coexist with the state's management units in this table - record whichever the artifact actually names.","2026-08-28"
"KS","Edwards","County","","20047","False","True","24","County unit added for antique-era coverage. Kansas Deer Management Units are groups of whole counties, so a county maps cleanly into a DMU where that crosswalk is needed. Counties coexist with the state's management units in this table - record whichever the artifact actually names.","2026-08-28"
"KS","Elk","County","","20049","False","True","25","County unit added for antique-era coverage. Kansas Deer Management Units are groups of whole counties, so a county maps cleanly into a DMU where that crosswalk is needed. Counties coexist with the state's management units in this table - record whichever the artifact actually names.","2026-08-28"
"KS","Ellis","County","","20051","False","True","26","County unit added for antique-era coverage. Kansas Deer Management Units are groups of whole counties, so a county maps cleanly into a DMU where that crosswalk is needed. Counties coexist with the state's management units in this table - record whichever the artifact actually names.","2026-08-28"
"KS","Ellsworth","County","","20053","False","True","27","County unit added for antique-era coverage. Kansas Deer Management Units are groups of whole counties, so a county maps cleanly into a DMU where that crosswalk is needed. Counties coexist with the state's management units in this table - record whichever the artifact actually names.","2026-08-28"
"KS","Finney","County","","20055","False","True","28","County unit added for antique-era coverage. Kansas Deer Management Units are groups of whole counties, so a county maps cleanly into a DMU where that crosswalk is needed. Counties coexist with the state's management units in this table - record whichever the artifact actually names.","2026-08-28"
"KS","Ford","County","","20057","False","True","29","County unit added for antique-era coverage. Kansas Deer Management Units are groups of whole counties, so a county maps cleanly into a DMU where that crosswalk is needed. Counties coexist with the state's management units in this table - record whichever the artifact actually names.","2026-08-28"
"KS","Franklin","County","","20059","False","True","30","County unit added for antique-era coverage. Kansas Deer Management Units are groups of whole counties, so a county maps cleanly into a DMU where that crosswalk is needed. Counties coexist with the state's management units in this table - record whichever the artifact actually names.","2026-08-28"
"KS","Geary","County","","20061","False","True","31","County unit added for antique-era coverage. Kansas Deer Management Units are groups of whole counties, so a county maps cleanly into a DMU where that crosswalk is needed. Counties coexist with the state's management units in this table - record whichever the artifact actually names.","2026-08-28"
"KS","Gove","County","","20063","False","True","32","County unit added for antique-era coverage. Kansas Deer Management Units are groups of whole counties, so a county maps cleanly into a DMU where that crosswalk is needed. Counties coexist with the state's management units in this table - record whichever the artifact actually names.","2026-08-28"
"KS","Graham","County","","20065","False","True","33","County unit added for antique-era coverage. Kansas Deer Management Units are groups of whole counties, so a county maps cleanly into a DMU where that crosswalk is needed. Counties coexist with the state's management units in this table - record whichever the artifact actually names.","2026-08-28"
"KS","Grant","County","","20067","False","True","34","County unit added for antique-era coverage. Kansas Deer Management Units are groups of whole counties, so a county maps cleanly into a DMU where that crosswalk is needed. Counties coexist with the state's management units in this table - record whichever the artifact actually names.","2026-08-28"
"KS","Gray","County","","20069","False","True","35","County unit added for antique-era coverage. Kansas Deer Management Units are groups of whole counties, so a county maps cleanly into a DMU where that crosswalk is needed. Counties coexist with the state's management units in this table - record whichever the artifact actually names.","2026-08-28"
"KS","Greeley","County","","20071","False","True","36","County unit added for antique-era coverage. Kansas Deer Management Units are groups of whole counties, so a county maps cleanly into a DMU where that crosswalk is needed. Counties coexist with the state's management units in this table - record whichever the artifact actually names.","2026-08-28"
"KS","Greenwood","County","","20073","False","True","37","County unit added for antique-era coverage. Kansas Deer Management Units are groups of whole counties, so a county maps cleanly into a DMU where that crosswalk is needed. Counties coexist with the state's management units in this table - record whichever the artifact actually names.","2026-08-28"
"KS","Hamilton","County","","20075","False","True","38","County unit added for antique-era coverage. Kansas Deer Management Units are groups of whole counties, so a county maps cleanly into a DMU where that crosswalk is needed. Counties coexist with the state's management units in this table - record whichever the artifact actually names.","2026-08-28"
"KS","Harper","County","","20077","False","True","39","County unit added for antique-era coverage. Kansas Deer Management Units are groups of whole counties, so a county maps cleanly into a DMU where that crosswalk is needed. Counties coexist with the state's management units in this table - record whichever the artifact actually names.","2026-08-28"
"KS","Harvey","County","","20079","False","True","40","County unit added for antique-era coverage. Kansas Deer Management Units are groups of whole counties, so a county maps cleanly into a DMU where that crosswalk is needed. Counties coexist with the state's management units in this table - record whichever the artifact actually names.","2026-08-28"
"KS","Haskell","County","","20081","False","True","41","County unit added for antique-era coverage. Kansas Deer Management Units are groups of whole counties, so a county maps cleanly into a DMU where that crosswalk is needed. Counties coexist with the state's management units in this table - record whichever the artifact actually names.","2026-08-28"
"KS","Hodgeman","County","","20083","False","True","42","County unit added for antique-era coverage. Kansas Deer Management Units are groups of whole counties, so a county maps cleanly into a DMU where that crosswalk is needed. Counties coexist with the state's management units in this table - record whichever the artifact actually names.","2026-08-28"
"KS","Jackson","County","","20085","False","True","43","County unit added for antique-era coverage. Kansas Deer Management Units are groups of whole counties, so a county maps cleanly into a DMU where that crosswalk is needed. Counties coexist with the state's management units in this table - record whichever the artifact actually names.","2026-08-28"
"KS","Jefferson","County","","20087","False","True","44","County unit added for antique-era coverage. Kansas Deer Management Units are groups of whole counties, so a county maps cleanly into a DMU where that crosswalk is needed. Counties coexist with the state's management units in this table - record whichever the artifact actually names.","2026-08-28"
"KS","Jewell","County","","20089","False","True","45","County unit added for antique-era coverage. Kansas Deer Management Units are groups of whole counties, so a county maps cleanly into a DMU where that crosswalk is needed. Counties coexist with the state's management units in this table - record whichever the artifact actually names.","2026-08-28"
"KS","Johnson","County","","20091","False","True","46","County unit added for antique-era coverage. Kansas Deer Management Units are groups of whole counties, so a county maps cleanly into a DMU where that crosswalk is needed. Counties coexist with the state's management units in this table - record whichever the artifact actually names.","2026-08-28"
"KS","Kearny","County","","20093","False","True","47","County unit added for antique-era coverage. Kansas Deer Management Units are groups of whole counties, so a county maps cleanly into a DMU where that crosswalk is needed. Counties coexist with the state's management units in this table - record whichever the artifact actually names.","2026-08-28"
"KS","Kingman","County","","20095","False","True","48","County unit added for antique-era coverage. Kansas Deer Management Units are groups of whole counties, so a county maps cleanly into a DMU where that crosswalk is needed. Counties coexist with the state's management units in this table - record whichever the artifact actually names.","2026-08-28"
"KS","Kiowa","County","","20097","False","True","49","County unit added for antique-era coverage. Kansas Deer Management Units are groups of whole counties, so a county maps cleanly into a DMU where that crosswalk is needed. Counties coexist with the state's management units in this table - record whichever the artifact actually names.","2026-08-28"
"KS","Labette","County","","20099","False","True","50","County unit added for antique-era coverage. Kansas Deer Management Units are groups of whole counties, so a county maps cleanly into a DMU where that crosswalk is needed. Counties coexist with the state's management units in this table - record whichever the artifact actually names.","2026-08-28"
"KS","Lane","County","","20101","False","True","51","County unit added for antique-era coverage. Kansas Deer Management Units are groups of whole counties, so a county maps cleanly into a DMU where that crosswalk is needed. Counties coexist with the state's management units in this table - record whichever the artifact actually names.","2026-08-28"
"KS","Leavenworth","County","","20103","False","True","52","County unit added for antique-era coverage. Kansas Deer Management Units are groups of whole counties, so a county maps cleanly into a DMU where that crosswalk is needed. Counties coexist with the state's management units in this table - record whichever the artifact actually names.","2026-08-28"
"KS","Lincoln","County","","20105","False","True","53","County unit added for antique-era coverage. Kansas Deer Management Units are groups of whole counties, so a county maps cleanly into a DMU where that crosswalk is needed. Counties coexist with the state's management units in this table - record whichever the artifact actually names.","2026-08-28"
"KS","Linn","County","","20107","False","True","54","County unit added for antique-era coverage. Kansas Deer Management Units are groups of whole counties, so a county maps cleanly into a DMU where that crosswalk is needed. Counties coexist with the state's management units in this table - record whichever the artifact actually names.","2026-08-28"
"KS","Logan","County","","20109","False","True","55","County unit added for antique-era coverage. Kansas Deer Management Units are groups of whole counties, so a county maps cleanly into a DMU where that crosswalk is needed. Counties coexist with the state's management units in this table - record whichever the artifact actually names.","2026-08-28"
"KS","Lyon","County","","20111","False","True","56","County unit added for antique-era coverage. Kansas Deer Management Units are groups of whole counties, so a county maps cleanly into a DMU where that crosswalk is needed. Counties coexist with the state's management units in this table - record whichever the artifact actually names.","2026-08-28"
"KS","Marion","County","","20115","False","True","57","County unit added for antique-era coverage. Kansas Deer Management Units are groups of whole counties, so a county maps cleanly into a DMU where that crosswalk is needed. Counties coexist with the state's management units in this table - record whichever the artifact actually names.","2026-08-28"
"KS","Marshall","County","","20117","False","True","58","County unit added for antique-era coverage. Kansas Deer Management Units are groups of whole counties, so a county maps cleanly into a DMU where that crosswalk is needed. Counties coexist with the state's management units in this table - record whichever the artifact actually names.","2026-08-28"
"KS","McPherson","County","","20113","False","True","59","County unit added for antique-era coverage. Kansas Deer Management Units are groups of whole counties, so a county maps cleanly into a DMU where that crosswalk is needed. Counties coexist with the state's management units in this table - record whichever the artifact actually names.","2026-08-28"
"KS","Meade","County","","20119","False","True","60","County unit added for antique-era coverage. Kansas Deer Management Units are groups of whole counties, so a county maps cleanly into a DMU where that crosswalk is needed. Counties coexist with the state's management units in this table - record whichever the artifact actually names.","2026-08-28"
"KS","Miami","County","","20121","False","True","61","County unit added for antique-era coverage. Kansas Deer Management Units are groups of whole counties, so a county maps cleanly into a DMU where that crosswalk is needed. Counties coexist with the state's management units in this table - record whichever the artifact actually names.","2026-08-28"
"KS","Mitchell","County","","20123","False","True","62","County unit added for antique-era coverage. Kansas Deer Management Units are groups of whole counties, so a county maps cleanly into a DMU where that crosswalk is needed. Counties coexist with the state's management units in this table - record whichever the artifact actually names.","2026-08-28"
"KS","Montgomery","County","","20125","False","True","63","County unit added for antique-era coverage. Kansas Deer Management Units are groups of whole counties, so a county maps cleanly into a DMU where that crosswalk is needed. Counties coexist with the state's management units in this table - record whichever the artifact actually names.","2026-08-28"
"KS","Morris","County","","20127","False","True","64","County unit added for antique-era coverage. Kansas Deer Management Units are groups of whole counties, so a county maps cleanly into a DMU where that crosswalk is needed. Counties coexist with the state's management units in this table - record whichever the artifact actually names.","2026-08-28"
"KS","Morton","County","","20129","False","True","65","County unit added for antique-era coverage. Kansas Deer Management Units are groups of whole counties, so a county maps cleanly into a DMU where that crosswalk is needed. Counties coexist with the state's management units in this table - record whichever the artifact actually names.","2026-08-28"
"KS","Nemaha","County","","20131","False","True","66","County unit added for antique-era coverage. Kansas Deer Management Units are groups of whole counties, so a county maps cleanly into a DMU where that crosswalk is needed. Counties coexist with the state's management units in this table - record whichever the artifact actually names.","2026-08-28"
"KS","Neosho","County","","20133","False","True","67","County unit added for antique-era coverage. Kansas Deer Management Units are groups of whole counties, so a county maps cleanly into a DMU where that crosswalk is needed. Counties coexist with the state's management units in this table - record whichever the artifact actually names.","2026-08-28"
"KS","Ness","County","","20135","False","True","68","County unit added for antique-era coverage. Kansas Deer Management Units are groups of whole counties, so a county maps cleanly into a DMU where that crosswalk is needed. Counties coexist with the state's management units in this table - record whichever the artifact actually names.","2026-08-28"
"KS","Norton","County","","20137","False","True","69","County unit added for antique-era coverage. Kansas Deer Management Units are groups of whole counties, so a county maps cleanly into a DMU where that crosswalk is needed. Counties coexist with the state's management units in this table - record whichever the artifact actually names.","2026-08-28"
"KS","Osage","County","","20139","False","True","70","County unit added for antique-era coverage. Kansas Deer Management Units are groups of whole counties, so a county maps cleanly into a DMU where that crosswalk is needed. Counties coexist with the state's management units in this table - record whichever the artifact actually names.","2026-08-28"
"KS","Osborne","County","","20141","False","True","71","County unit added for antique-era coverage. Kansas Deer Management Units are groups of whole counties, so a county maps cleanly into a DMU where that crosswalk is needed. Counties coexist with the state's management units in this table - record whichever the artifact actually names.","2026-08-28"
"KS","Ottawa","County","","20143","False","True","72","County unit added for antique-era coverage. Kansas Deer Management Units are groups of whole counties, so a county maps cleanly into a DMU where that crosswalk is needed. Counties coexist with the state's management units in this table - record whichever the artifact actually names.","2026-08-28"
"KS","Pawnee","County","","20145","False","True","73","County unit added for antique-era coverage. Kansas Deer Management Units are groups of whole counties, so a county maps cleanly into a DMU where that crosswalk is needed. Counties coexist with the state's management units in this table - record whichever the artifact actually names.","2026-08-28"
"KS","Phillips","County","","20147","False","True","74","County unit added for antique-era coverage. Kansas Deer Management Units are groups of whole counties, so a county maps cleanly into a DMU where that crosswalk is needed. Counties coexist with the state's management units in this table - record whichever the artifact actually names.","2026-08-28"
"KS","Pottawatomie","County","","20149","False","True","75","County unit added for antique-era coverage. Kansas Deer Management Units are groups of whole counties, so a county maps cleanly into a DMU where that crosswalk is needed. Counties coexist with the state's management units in this table - record whichever the artifact actually names.","2026-08-28"
"KS","Pratt","County","","20151","False","True","76","County unit added for antique-era coverage. Kansas Deer Management Units are groups of whole counties, so a county maps cleanly into a DMU where that crosswalk is needed. Counties coexist with the state's management units in this table - record whichever the artifact actually names.","2026-08-28"
"KS","Rawlins","County","","20153","False","True","77","County unit added for antique-era coverage. Kansas Deer Management Units are groups of whole counties, so a county maps cleanly into a DMU where that crosswalk is needed. Counties coexist with the state's management units in this table - record whichever the artifact actually names.","2026-08-28"
"KS","Reno","County","","20155","False","True","78","County unit added for antique-era coverage. Kansas Deer Management Units are groups of whole counties, so a county maps cleanly into a DMU where that crosswalk is needed. Counties coexist with the state's management units in this table - record whichever the artifact actually names.","2026-08-28"
"KS","Republic","County","","20157","False","True","79","County unit added for antique-era coverage. Kansas Deer Management Units are groups of whole counties, so a county maps cleanly into a DMU where that crosswalk is needed. Counties coexist with the state's management units in this table - record whichever the artifact actually names.","2026-08-28"
"KS","Rice","County","","20159","False","True","80","County unit added for antique-era coverage. Kansas Deer Management Units are groups of whole counties, so a county maps cleanly into a DMU where that crosswalk is needed. Counties coexist with the state's management units in this table - record whichever the artifact actually names.","2026-08-28"
"KS","Riley","County","","20161","False","True","81","County unit added for antique-era coverage. Kansas Deer Management Units are groups of whole counties, so a county maps cleanly into a DMU where that crosswalk is needed. Counties coexist with the state's management units in this table - record whichever the artifact actually names.","2026-08-28"
"KS","Rooks","County","","20163","False","True","82","County unit added for antique-era coverage. Kansas Deer Management Units are groups of whole counties, so a county maps cleanly into a DMU where that crosswalk is needed. Counties coexist with the state's management units in this table - record whichever the artifact actually names.","2026-08-28"
"KS","Rush","County","","20165","False","True","83","County unit added for antique-era coverage. Kansas Deer Management Units are groups of whole counties, so a county maps cleanly into a DMU where that crosswalk is needed. Counties coexist with the state's management units in this table - record whichever the artifact actually names.","2026-08-28"
"KS","Russell","County","","20167","False","True","84","County unit added for antique-era coverage. Kansas Deer Management Units are groups of whole counties, so a county maps cleanly into a DMU where that crosswalk is needed. Counties coexist with the state's management units in this table - record whichever the artifact actually names.","2026-08-28"
"KS","Saline","County","","20169","False","True","85","County unit added for antique-era coverage. Kansas Deer Management Units are groups of whole counties, so a county maps cleanly into a DMU where that crosswalk is needed. Counties coexist with the state's management units in this table - record whichever the artifact actually names.","2026-08-28"
"KS","Scott","County","","20171","False","True","86","County unit added for antique-era coverage. Kansas Deer Management Units are groups of whole counties, so a county maps cleanly into a DMU where that crosswalk is needed. Counties coexist with the state's management units in this table - record whichever the artifact actually names.","2026-08-28"
"KS","Sedgwick","County","","20173","False","True","87","County unit added for antique-era coverage. Kansas Deer Management Units are groups of whole counties, so a county maps cleanly into a DMU where that crosswalk is needed. Counties coexist with the state's management units in this table - record whichever the artifact actually names.","2026-08-28"
"KS","Seward","County","","20175","False","True","88","County unit added for antique-era coverage. Kansas Deer Management Units are groups of whole counties, so a county maps cleanly into a DMU where that crosswalk is needed. Counties coexist with the state's management units in this table - record whichever the artifact actually names.","2026-08-28"
"KS","Shawnee","County","","20177","False","True","89","County unit added for antique-era coverage. Kansas Deer Management Units are groups of whole counties, so a county maps cleanly into a DMU where that crosswalk is needed. Counties coexist with the state's management units in this table - record whichever the artifact actually names.","2026-08-28"
"KS","Sheridan","County","","20179","False","True","90","County unit added for antique-era coverage. Kansas Deer Management Units are groups of whole counties, so a county maps cleanly into a DMU where that crosswalk is needed. Counties coexist with the state's management units in this table - record whichever the artifact actually names.","2026-08-28"
"KS","Sherman","County","","20181","False","True","91","County unit added for antique-era coverage. Kansas Deer Management Units are groups of whole counties, so a county maps cleanly into a DMU where that crosswalk is needed. Counties coexist with the state's management units in this table - record whichever the artifact actually names.","2026-08-28"
"KS","Smith","County","","20183","False","True","92","County unit added for antique-era coverage. Kansas Deer Management Units are groups of whole counties, so a county maps cleanly into a DMU where that crosswalk is needed. Counties coexist with the state's management units in this table - record whichever the artifact actually names.","2026-08-28"
"KS","Stafford","County","","20185","False","True","93","County unit added for antique-era coverage. Kansas Deer Management Units are groups of whole counties, so a county maps cleanly into a DMU where that crosswalk is needed. Counties coexist with the state's management units in this table - record whichever the artifact actually names.","2026-08-28"
"KS","Stanton","County","","20187","False","True","94","County unit added for antique-era coverage. Kansas Deer Management Units are groups of whole counties, so a county maps cleanly into a DMU where that crosswalk is needed. Counties coexist with the state's management units in this table - record whichever the artifact actually names.","2026-08-28"
"KS","Stevens","County","","20189","False","True","95","County unit added for antique-era coverage. Kansas Deer Management Units are groups of whole counties, so a county maps cleanly into a DMU where that crosswalk is needed. Counties coexist with the state's management units in this table - record whichever the artifact actually names.","2026-08-28"
"KS","Sumner","County","","20191","False","True","96","County unit added for antique-era coverage. Kansas Deer Management Units are groups of whole counties, so a county maps cleanly into a DMU where that crosswalk is needed. Counties coexist with the state's management units in this table - record whichever the artifact actually names.","2026-08-28"
"KS","Thomas","County","","20193","False","True","97","County unit added for antique-era coverage. Kansas Deer Management Units are groups of whole counties, so a county maps cleanly into a DMU where that crosswalk is needed. Counties coexist with the state's management units in this table - record whichever the artifact actually names.","2026-08-28"
"KS","Trego","County","","20195","False","True","98","County unit added for antique-era coverage. Kansas Deer Management Units are groups of whole counties, so a county maps cleanly into a DMU where that crosswalk is needed. Counties coexist with the state's management units in this table - record whichever the artifact actually names.","2026-08-28"
"KS","Wabaunsee","County","","20197","False","True","99","County unit added for antique-era coverage. Kansas Deer Management Units are groups of whole counties, so a county maps cleanly into a DMU where that crosswalk is needed. Counties coexist with the state's management units in this table - record whichever the artifact actually names.","2026-08-28"
"KS","Wallace","County","","20199","False","True","100","County unit added for antique-era coverage. Kansas Deer Management Units are groups of whole counties, so a county maps cleanly into a DMU where that crosswalk is needed. Counties coexist with the state's management units in this table - record whichever the artifact actually names.","2026-08-28"
"KS","Washington","County","","20201","False","True","101","County unit added for antique-era coverage. Kansas Deer Management Units are groups of whole counties, so a county maps cleanly into a DMU where that crosswalk is needed. Counties coexist with the state's management units in this table - record whichever the artifact actually names.","2026-08-28"
"KS","Wichita","County","","20203","False","True","102","County unit added for antique-era coverage. Kansas Deer Management Units are groups of whole counties, so a county maps cleanly into a DMU where that crosswalk is needed. Counties coexist with the state's management units in this table - record whichever the artifact actually names.","2026-08-28"
"KS","Wilson","County","","20205","False","True","103","County unit added for antique-era coverage. Kansas Deer Management Units are groups of whole counties, so a county maps cleanly into a DMU where that crosswalk is needed. Counties coexist with the state's management units in this table - record whichever the artifact actually names.","2026-08-28"
"KS","Woodson","County","","20207","False","True","104","County unit added for antique-era coverage. Kansas Deer Management Units are groups of whole counties, so a county maps cleanly into a DMU where that crosswalk is needed. Counties coexist with the state's management units in this table - record whichever the artifact actually names.","2026-08-28"
"KS","Wyandotte","County","","20209","False","True","105","County unit added for antique-era coverage. Kansas Deer Management Units are groups of whole counties, so a county maps cleanly into a DMU where that crosswalk is needed. Counties coexist with the state's management units in this table - record whichever the artifact actually names.","2026-08-28"
"ME","Androscoggin","County","","23001","False","True","1","County unit added for antique-era coverage. Maine licences were issued through town clerks and name the town and county; Wildlife Management Districts were created around 2000 and do not appear on earlier items. Counties coexist with the state's management units in this table - record whichever the artifact actually names.","2026-08-28"
"ME","Aroostook","County","","23003","False","True","2","County unit added for antique-era coverage. Maine licences were issued through town clerks and name the town and county; Wildlife Management Districts were created around 2000 and do not appear on earlier items. Counties coexist with the state's management units in this table - record whichever the artifact actually names.","2026-08-28"
"ME","Cumberland","County","","23005","False","True","3","County unit added for antique-era coverage. Maine licences were issued through town clerks and name the town and county; Wildlife Management Districts were created around 2000 and do not appear on earlier items. Counties coexist with the state's management units in this table - record whichever the artifact actually names.","2026-08-28"
"ME","Franklin","County","","23007","False","True","4","County unit added for antique-era coverage. Maine licences were issued through town clerks and name the town and county; Wildlife Management Districts were created around 2000 and do not appear on earlier items. Counties coexist with the state's management units in this table - record whichever the artifact actually names.","2026-08-28"
"ME","Hancock","County","","23009","False","True","5","County unit added for antique-era coverage. Maine licences were issued through town clerks and name the town and county; Wildlife Management Districts were created around 2000 and do not appear on earlier items. Counties coexist with the state's management units in this table - record whichever the artifact actually names.","2026-08-28"
"ME","Kennebec","County","","23011","False","True","6","County unit added for antique-era coverage. Maine licences were issued through town clerks and name the town and county; Wildlife Management Districts were created around 2000 and do not appear on earlier items. Counties coexist with the state's management units in this table - record whichever the artifact actually names.","2026-08-28"
"ME","Knox","County","","23013","False","True","7","County unit added for antique-era coverage. Maine licences were issued through town clerks and name the town and county; Wildlife Management Districts were created around 2000 and do not appear on earlier items. Counties coexist with the state's management units in this table - record whichever the artifact actually names.","2026-08-28"
"ME","Lincoln","County","","23015","False","True","8","County unit added for antique-era coverage. Maine licences were issued through town clerks and name the town and county; Wildlife Management Districts were created around 2000 and do not appear on earlier items. Counties coexist with the state's management units in this table - record whichever the artifact actually names.","2026-08-28"
"ME","Oxford","County","","23017","False","True","9","County unit added for antique-era coverage. Maine licences were issued through town clerks and name the town and county; Wildlife Management Districts were created around 2000 and do not appear on earlier items. Counties coexist with the state's management units in this table - record whichever the artifact actually names.","2026-08-28"
"ME","Penobscot","County","","23019","False","True","10","County unit added for antique-era coverage. Maine licences were issued through town clerks and name the town and county; Wildlife Management Districts were created around 2000 and do not appear on earlier items. Counties coexist with the state's management units in this table - record whichever the artifact actually names.","2026-08-28"
"ME","Piscataquis","County","","23021","False","True","11","County unit added for antique-era coverage. Maine licences were issued through town clerks and name the town and county; Wildlife Management Districts were created around 2000 and do not appear on earlier items. Counties coexist with the state's management units in this table - record whichever the artifact actually names.","2026-08-28"
"ME","Sagadahoc","County","","23023","False","True","12","County unit added for antique-era coverage. Maine licences were issued through town clerks and name the town and county; Wildlife Management Districts were created around 2000 and do not appear on earlier items. Counties coexist with the state's management units in this table - record whichever the artifact actually names.","2026-08-28"
"ME","Somerset","County","","23025","False","True","13","County unit added for antique-era coverage. Maine licences were issued through town clerks and name the town and county; Wildlife Management Districts were created around 2000 and do not appear on earlier items. Counties coexist with the state's management units in this table - record whichever the artifact actually names.","2026-08-28"
"ME","Waldo","County","","23027","False","True","14","County unit added for antique-era coverage. Maine licences were issued through town clerks and name the town and county; Wildlife Management Districts were created around 2000 and do not appear on earlier items. Counties coexist with the state's management units in this table - record whichever the artifact actually names.","2026-08-28"
"ME","Washington","County","","23029","False","True","15","County unit added for antique-era coverage. Maine licences were issued through town clerks and name the town and county; Wildlife Management Districts were created around 2000 and do not appear on earlier items. Counties coexist with the state's management units in this table - record whichever the artifact actually names.","2026-08-28"
"ME","York","County","","23031","False","True","16","County unit added for antique-era coverage. Maine licences were issued through town clerks and name the town and county; Wildlife Management Districts were created around 2000 and do not appear on earlier items. Counties coexist with the state's management units in this table - record whichever the artifact actually names.","2026-08-28"
"MI","Alcona","County","","26001","False","True","1","County unit added for antique-era coverage. Michigan Deer Management Units are modern; many Lower Peninsula DMUs correspond to a single county. Counties coexist with the state's management units in this table - record whichever the artifact actually names.","2026-08-28"
"MI","Alger","County","","26003","False","True","2","County unit added for antique-era coverage. Michigan Deer Management Units are modern; many Lower Peninsula DMUs correspond to a single county. Counties coexist with the state's management units in this table - record whichever the artifact actually names.","2026-08-28"
"MI","Allegan","County","","26005","False","True","3","County unit added for antique-era coverage. Michigan Deer Management Units are modern; many Lower Peninsula DMUs correspond to a single county. Counties coexist with the state's management units in this table - record whichever the artifact actually names.","2026-08-28"
"MI","Alpena","County","","26007","False","True","4","County unit added for antique-era coverage. Michigan Deer Management Units are modern; many Lower Peninsula DMUs correspond to a single county. Counties coexist with the state's management units in this table - record whichever the artifact actually names.","2026-08-28"
"MI","Antrim","County","","26009","False","True","5","County unit added for antique-era coverage. Michigan Deer Management Units are modern; many Lower Peninsula DMUs correspond to a single county. Counties coexist with the state's management units in this table - record whichever the artifact actually names.","2026-08-28"
"MI","Arenac","County","","26011","False","True","6","County unit added for antique-era coverage. Michigan Deer Management Units are modern; many Lower Peninsula DMUs correspond to a single county. Counties coexist with the state's management units in this table - record whichever the artifact actually names.","2026-08-28"
"MI","Baraga","County","","26013","False","True","7","County unit added for antique-era coverage. Michigan Deer Management Units are modern; many Lower Peninsula DMUs correspond to a single county. Counties coexist with the state's management units in this table - record whichever the artifact actually names.","2026-08-28"
"MI","Barry","County","","26015","False","True","8","County unit added for antique-era coverage. Michigan Deer Management Units are modern; many Lower Peninsula DMUs correspond to a single county. Counties coexist with the state's management units in this table - record whichever the artifact actually names.","2026-08-28"
"MI","Bay","County","","26017","False","True","9","County unit added for antique-era coverage. Michigan Deer Management Units are modern; many Lower Peninsula DMUs correspond to a single county. Counties coexist with the state's management units in this table - record whichever the artifact actually names.","2026-08-28"
"MI","Benzie","County","","26019","False","True","10","County unit added for antique-era coverage. Michigan Deer Management Units are modern; many Lower Peninsula DMUs correspond to a single county. Counties coexist with the state's management units in this table - record whichever the artifact actually names.","2026-08-28"
"MI","Berrien","County","","26021","False","True","11","County unit added for antique-era coverage. Michigan Deer Management Units are modern; many Lower Peninsula DMUs correspond to a single county. Counties coexist with the state's management units in this table - record whichever the artifact actually names.","2026-08-28"
"MI","Branch","County","","26023","False","True","12","County unit added for antique-era coverage. Michigan Deer Management Units are modern; many Lower Peninsula DMUs correspond to a single county. Counties coexist with the state's management units in this table - record whichever the artifact actually names.","2026-08-28"
"MI","Calhoun","County","","26025","False","True","13","County unit added for antique-era coverage. Michigan Deer Management Units are modern; many Lower Peninsula DMUs correspond to a single county. Counties coexist with the state's management units in this table - record whichever the artifact actually names.","2026-08-28"
"MI","Cass","County","","26027","False","True","14","County unit added for antique-era coverage. Michigan Deer Management Units are modern; many Lower Peninsula DMUs correspond to a single county. Counties coexist with the state's management units in this table - record whichever the artifact actually names.","2026-08-28"
"MI","Charlevoix","County","","26029","False","True","15","County unit added for antique-era coverage. Michigan Deer Management Units are modern; many Lower Peninsula DMUs correspond to a single county. Counties coexist with the state's management units in this table - record whichever the artifact actually names.","2026-08-28"
"MI","Cheboygan","County","","26031","False","True","16","County unit added for antique-era coverage. Michigan Deer Management Units are modern; many Lower Peninsula DMUs correspond to a single county. Counties coexist with the state's management units in this table - record whichever the artifact actually names.","2026-08-28"
"MI","Chippewa","County","","26033","False","True","17","County unit added for antique-era coverage. Michigan Deer Management Units are modern; many Lower Peninsula DMUs correspond to a single county. Counties coexist with the state's management units in this table - record whichever the artifact actually names.","2026-08-28"
"MI","Clare","County","","26035","False","True","18","County unit added for antique-era coverage. Michigan Deer Management Units are modern; many Lower Peninsula DMUs correspond to a single county. Counties coexist with the state's management units in this table - record whichever the artifact actually names.","2026-08-28"
"MI","Clinton","County","","26037","False","True","19","County unit added for antique-era coverage. Michigan Deer Management Units are modern; many Lower Peninsula DMUs correspond to a single county. Counties coexist with the state's management units in this table - record whichever the artifact actually names.","2026-08-28"
"MI","Crawford","County","","26039","False","True","20","County unit added for antique-era coverage. Michigan Deer Management Units are modern; many Lower Peninsula DMUs correspond to a single county. Counties coexist with the state's management units in this table - record whichever the artifact actually names.","2026-08-28"
"MI","Delta","County","","26041","False","True","21","County unit added for antique-era coverage. Michigan Deer Management Units are modern; many Lower Peninsula DMUs correspond to a single county. Counties coexist with the state's management units in this table - record whichever the artifact actually names.","2026-08-28"
"MI","Dickinson","County","","26043","False","True","22","County unit added for antique-era coverage. Michigan Deer Management Units are modern; many Lower Peninsula DMUs correspond to a single county. Counties coexist with the state's management units in this table - record whichever the artifact actually names.","2026-08-28"
"MI","Eaton","County","","26045","False","True","23","County unit added for antique-era coverage. Michigan Deer Management Units are modern; many Lower Peninsula DMUs correspond to a single county. Counties coexist with the state's management units in this table - record whichever the artifact actually names.","2026-08-28"
"MI","Emmet","County","","26047","False","True","24","County unit added for antique-era coverage. Michigan Deer Management Units are modern; many Lower Peninsula DMUs correspond to a single county. Counties coexist with the state's management units in this table - record whichever the artifact actually names.","2026-08-28"
"MI","Genesee","County","","26049","False","True","25","County unit added for antique-era coverage. Michigan Deer Management Units are modern; many Lower Peninsula DMUs correspond to a single county. Counties coexist with the state's management units in this table - record whichever the artifact actually names.","2026-08-28"
"MI","Gladwin","County","","26051","False","True","26","County unit added for antique-era coverage. Michigan Deer Management Units are modern; many Lower Peninsula DMUs correspond to a single county. Counties coexist with the state's management units in this table - record whichever the artifact actually names.","2026-08-28"
"MI","Gogebic","County","","26053","False","True","27","County unit added for antique-era coverage. Michigan Deer Management Units are modern; many Lower Peninsula DMUs correspond to a single county. Counties coexist with the state's management units in this table - record whichever the artifact actually names.","2026-08-28"
"MI","Grand Traverse","County","","26055","False","True","28","County unit added for antique-era coverage. Michigan Deer Management Units are modern; many Lower Peninsula DMUs correspond to a single county. Counties coexist with the state's management units in this table - record whichever the artifact actually names.","2026-08-28"
"MI","Gratiot","County","","26057","False","True","29","County unit added for antique-era coverage. Michigan Deer Management Units are modern; many Lower Peninsula DMUs correspond to a single county. Counties coexist with the state's management units in this table - record whichever the artifact actually names.","2026-08-28"
"MI","Hillsdale","County","","26059","False","True","30","County unit added for antique-era coverage. Michigan Deer Management Units are modern; many Lower Peninsula DMUs correspond to a single county. Counties coexist with the state's management units in this table - record whichever the artifact actually names.","2026-08-28"
"MI","Houghton","County","","26061","False","True","31","County unit added for antique-era coverage. Michigan Deer Management Units are modern; many Lower Peninsula DMUs correspond to a single county. Counties coexist with the state's management units in this table - record whichever the artifact actually names.","2026-08-28"
"MI","Huron","County","","26063","False","True","32","County unit added for antique-era coverage. Michigan Deer Management Units are modern; many Lower Peninsula DMUs correspond to a single county. Counties coexist with the state's management units in this table - record whichever the artifact actually names.","2026-08-28"
"MI","Ingham","County","","26065","False","True","33","County unit added for antique-era coverage. Michigan Deer Management Units are modern; many Lower Peninsula DMUs correspond to a single county. Counties coexist with the state's management units in this table - record whichever the artifact actually names.","2026-08-28"
"MI","Ionia","County","","26067","False","True","34","County unit added for antique-era coverage. Michigan Deer Management Units are modern; many Lower Peninsula DMUs correspond to a single county. Counties coexist with the state's management units in this table - record whichever the artifact actually names.","2026-08-28"
"MI","Iosco","County","","26069","False","True","35","County unit added for antique-era coverage. Michigan Deer Management Units are modern; many Lower Peninsula DMUs correspond to a single county. Counties coexist with the state's management units in this table - record whichever the artifact actually names.","2026-08-28"
"MI","Iron","County","","26071","False","True","36","County unit added for antique-era coverage. Michigan Deer Management Units are modern; many Lower Peninsula DMUs correspond to a single county. Counties coexist with the state's management units in this table - record whichever the artifact actually names.","2026-08-28"
"MI","Isabella","County","","26073","False","True","37","County unit added for antique-era coverage. Michigan Deer Management Units are modern; many Lower Peninsula DMUs correspond to a single county. Counties coexist with the state's management units in this table - record whichever the artifact actually names.","2026-08-28"
"MI","Jackson","County","","26075","False","True","38","County unit added for antique-era coverage. Michigan Deer Management Units are modern; many Lower Peninsula DMUs correspond to a single county. Counties coexist with the state's management units in this table - record whichever the artifact actually names.","2026-08-28"
"MI","Kalamazoo","County","","26077","False","True","39","County unit added for antique-era coverage. Michigan Deer Management Units are modern; many Lower Peninsula DMUs correspond to a single county. Counties coexist with the state's management units in this table - record whichever the artifact actually names.","2026-08-28"
"MI","Kalkaska","County","","26079","False","True","40","County unit added for antique-era coverage. Michigan Deer Management Units are modern; many Lower Peninsula DMUs correspond to a single county. Counties coexist with the state's management units in this table - record whichever the artifact actually names.","2026-08-28"
"MI","Kent","County","","26081","False","True","41","County unit added for antique-era coverage. Michigan Deer Management Units are modern; many Lower Peninsula DMUs correspond to a single county. Counties coexist with the state's management units in this table - record whichever the artifact actually names.","2026-08-28"
"MI","Keweenaw","County","","26083","False","True","42","County unit added for antique-era coverage. Michigan Deer Management Units are modern; many Lower Peninsula DMUs correspond to a single county. Counties coexist with the state's management units in this table - record whichever the artifact actually names.","2026-08-28"
"MI","Lake","County","","26085","False","True","43","County unit added for antique-era coverage. Michigan Deer Management Units are modern; many Lower Peninsula DMUs correspond to a single county. Counties coexist with the state's management units in this table - record whichever the artifact actually names.","2026-08-28"
"MI","Lapeer","County","","26087","False","True","44","County unit added for antique-era coverage. Michigan Deer Management Units are modern; many Lower Peninsula DMUs correspond to a single county. Counties coexist with the state's management units in this table - record whichever the artifact actually names.","2026-08-28"
"MI","Leelanau","County","","26089","False","True","45","County unit added for antique-era coverage. Michigan Deer Management Units are modern; many Lower Peninsula DMUs correspond to a single county. Counties coexist with the state's management units in this table - record whichever the artifact actually names.","2026-08-28"
"MI","Lenawee","County","","26091","False","True","46","County unit added for antique-era coverage. Michigan Deer Management Units are modern; many Lower Peninsula DMUs correspond to a single county. Counties coexist with the state's management units in this table - record whichever the artifact actually names.","2026-08-28"
"MI","Livingston","County","","26093","False","True","47","County unit added for antique-era coverage. Michigan Deer Management Units are modern; many Lower Peninsula DMUs correspond to a single county. Counties coexist with the state's management units in this table - record whichever the artifact actually names.","2026-08-28"
"MI","Luce","County","","26095","False","True","48","County unit added for antique-era coverage. Michigan Deer Management Units are modern; many Lower Peninsula DMUs correspond to a single county. Counties coexist with the state's management units in this table - record whichever the artifact actually names.","2026-08-28"
"MI","Mackinac","County","","26097","False","True","49","County unit added for antique-era coverage. Michigan Deer Management Units are modern; many Lower Peninsula DMUs correspond to a single county. Counties coexist with the state's management units in this table - record whichever the artifact actually names.","2026-08-28"
"MI","Macomb","County","","26099","False","True","50","County unit added for antique-era coverage. Michigan Deer Management Units are modern; many Lower Peninsula DMUs correspond to a single county. Counties coexist with the state's management units in this table - record whichever the artifact actually names.","2026-08-28"
"MI","Manistee","County","","26101","False","True","51","County unit added for antique-era coverage. Michigan Deer Management Units are modern; many Lower Peninsula DMUs correspond to a single county. Counties coexist with the state's management units in this table - record whichever the artifact actually names.","2026-08-28"
"MI","Marquette","County","","26103","False","True","52","County unit added for antique-era coverage. Michigan Deer Management Units are modern; many Lower Peninsula DMUs correspond to a single county. Counties coexist with the state's management units in this table - record whichever the artifact actually names.","2026-08-28"
"MI","Mason","County","","26105","False","True","53","County unit added for antique-era coverage. Michigan Deer Management Units are modern; many Lower Peninsula DMUs correspond to a single county. Counties coexist with the state's management units in this table - record whichever the artifact actually names.","2026-08-28"
"MI","Mecosta","County","","26107","False","True","54","County unit added for antique-era coverage. Michigan Deer Management Units are modern; many Lower Peninsula DMUs correspond to a single county. Counties coexist with the state's management units in this table - record whichever the artifact actually names.","2026-08-28"
"MI","Menominee","County","","26109","False","True","55","County unit added for antique-era coverage. Michigan Deer Management Units are modern; many Lower Peninsula DMUs correspond to a single county. Counties coexist with the state's management units in this table - record whichever the artifact actually names.","2026-08-28"
"MI","Midland","County","","26111","False","True","56","County unit added for antique-era coverage. Michigan Deer Management Units are modern; many Lower Peninsula DMUs correspond to a single county. Counties coexist with the state's management units in this table - record whichever the artifact actually names.","2026-08-28"
"MI","Missaukee","County","","26113","False","True","57","County unit added for antique-era coverage. Michigan Deer Management Units are modern; many Lower Peninsula DMUs correspond to a single county. Counties coexist with the state's management units in this table - record whichever the artifact actually names.","2026-08-28"
"MI","Monroe","County","","26115","False","True","58","County unit added for antique-era coverage. Michigan Deer Management Units are modern; many Lower Peninsula DMUs correspond to a single county. Counties coexist with the state's management units in this table - record whichever the artifact actually names.","2026-08-28"
"MI","Montcalm","County","","26117","False","True","59","County unit added for antique-era coverage. Michigan Deer Management Units are modern; many Lower Peninsula DMUs correspond to a single county. Counties coexist with the state's management units in this table - record whichever the artifact actually names.","2026-08-28"
"MI","Montmorency","County","","26119","False","True","60","County unit added for antique-era coverage. Michigan Deer Management Units are modern; many Lower Peninsula DMUs correspond to a single county. Counties coexist with the state's management units in this table - record whichever the artifact actually names.","2026-08-28"
"MI","Muskegon","County","","26121","False","True","61","County unit added for antique-era coverage. Michigan Deer Management Units are modern; many Lower Peninsula DMUs correspond to a single county. Counties coexist with the state's management units in this table - record whichever the artifact actually names.","2026-08-28"
"MI","Newaygo","County","","26123","False","True","62","County unit added for antique-era coverage. Michigan Deer Management Units are modern; many Lower Peninsula DMUs correspond to a single county. Counties coexist with the state's management units in this table - record whichever the artifact actually names.","2026-08-28"
"MI","Oakland","County","","26125","False","True","63","County unit added for antique-era coverage. Michigan Deer Management Units are modern; many Lower Peninsula DMUs correspond to a single county. Counties coexist with the state's management units in this table - record whichever the artifact actually names.","2026-08-28"
"MI","Oceana","County","","26127","False","True","64","County unit added for antique-era coverage. Michigan Deer Management Units are modern; many Lower Peninsula DMUs correspond to a single county. Counties coexist with the state's management units in this table - record whichever the artifact actually names.","2026-08-28"
"MI","Ogemaw","County","","26129","False","True","65","County unit added for antique-era coverage. Michigan Deer Management Units are modern; many Lower Peninsula DMUs correspond to a single county. Counties coexist with the state's management units in this table - record whichever the artifact actually names.","2026-08-28"
"MI","Ontonagon","County","","26131","False","True","66","County unit added for antique-era coverage. Michigan Deer Management Units are modern; many Lower Peninsula DMUs correspond to a single county. Counties coexist with the state's management units in this table - record whichever the artifact actually names.","2026-08-28"
"MI","Osceola","County","","26133","False","True","67","County unit added for antique-era coverage. Michigan Deer Management Units are modern; many Lower Peninsula DMUs correspond to a single county. Counties coexist with the state's management units in this table - record whichever the artifact actually names.","2026-08-28"
"MI","Oscoda","County","","26135","False","True","68","County unit added for antique-era coverage. Michigan Deer Management Units are modern; many Lower Peninsula DMUs correspond to a single county. Counties coexist with the state's management units in this table - record whichever the artifact actually names.","2026-08-28"
"MI","Otsego","County","","26137","False","True","69","County unit added for antique-era coverage. Michigan Deer Management Units are modern; many Lower Peninsula DMUs correspond to a single county. Counties coexist with the state's management units in this table - record whichever the artifact actually names.","2026-08-28"
"MI","Ottawa","County","","26139","False","True","70","County unit added for antique-era coverage. Michigan Deer Management Units are modern; many Lower Peninsula DMUs correspond to a single county. Counties coexist with the state's management units in this table - record whichever the artifact actually names.","2026-08-28"
"MI","Presque Isle","County","","26141","False","True","71","County unit added for antique-era coverage. Michigan Deer Management Units are modern; many Lower Peninsula DMUs correspond to a single county. Counties coexist with the state's management units in this table - record whichever the artifact actually names.","2026-08-28"
"MI","Roscommon","County","","26143","False","True","72","County unit added for antique-era coverage. Michigan Deer Management Units are modern; many Lower Peninsula DMUs correspond to a single county. Counties coexist with the state's management units in this table - record whichever the artifact actually names.","2026-08-28"
"MI","Saginaw","County","","26145","False","True","73","County unit added for antique-era coverage. Michigan Deer Management Units are modern; many Lower Peninsula DMUs correspond to a single county. Counties coexist with the state's management units in this table - record whichever the artifact actually names.","2026-08-28"
"MI","Sanilac","County","","26151","False","True","74","County unit added for antique-era coverage. Michigan Deer Management Units are modern; many Lower Peninsula DMUs correspond to a single county. Counties coexist with the state's management units in this table - record whichever the artifact actually names.","2026-08-28"
"MI","Schoolcraft","County","","26153","False","True","75","County unit added for antique-era coverage. Michigan Deer Management Units are modern; many Lower Peninsula DMUs correspond to a single county. Counties coexist with the state's management units in this table - record whichever the artifact actually names.","2026-08-28"
"MI","Shiawassee","County","","26155","False","True","76","County unit added for antique-era coverage. Michigan Deer Management Units are modern; many Lower Peninsula DMUs correspond to a single county. Counties coexist with the state's management units in this table - record whichever the artifact actually names.","2026-08-28"
"MI","St. Clair","County","","26147","False","True","77","County unit added for antique-era coverage. Michigan Deer Management Units are modern; many Lower Peninsula DMUs correspond to a single county. Counties coexist with the state's management units in this table - record whichever the artifact actually names.","2026-08-28"
"MI","St. Joseph","County","","26149","False","True","78","County unit added for antique-era coverage. Michigan Deer Management Units are modern; many Lower Peninsula DMUs correspond to a single county. Counties coexist with the state's management units in this table - record whichever the artifact actually names.","2026-08-28"
"MI","Tuscola","County","","26157","False","True","79","County unit added for antique-era coverage. Michigan Deer Management Units are modern; many Lower Peninsula DMUs correspond to a single county. Counties coexist with the state's management units in this table - record whichever the artifact actually names.","2026-08-28"
"MI","Van Buren","County","","26159","False","True","80","County unit added for antique-era coverage. Michigan Deer Management Units are modern; many Lower Peninsula DMUs correspond to a single county. Counties coexist with the state's management units in this table - record whichever the artifact actually names.","2026-08-28"
"MI","Washtenaw","County","","26161","False","True","81","County unit added for antique-era coverage. Michigan Deer Management Units are modern; many Lower Peninsula DMUs correspond to a single county. Counties coexist with the state's management units in this table - record whichever the artifact actually names.","2026-08-28"
"MI","Wayne","County","","26163","False","True","82","County unit added for antique-era coverage. Michigan Deer Management Units are modern; many Lower Peninsula DMUs correspond to a single county. Counties coexist with the state's management units in this table - record whichever the artifact actually names.","2026-08-28"
"MI","Wexford","County","","26165","False","True","83","County unit added for antique-era coverage. Michigan Deer Management Units are modern; many Lower Peninsula DMUs correspond to a single county. Counties coexist with the state's management units in this table - record whichever the artifact actually names.","2026-08-28"
"MN","Aitkin","County","","27001","False","True","1","County unit added for antique-era coverage. Minnesota Deer Permit Areas are modern and group counties by habitat rather than following county lines. Counties coexist with the state's management units in this table - record whichever the artifact actually names.","2026-08-28"
"MN","Anoka","County","","27003","False","True","2","County unit added for antique-era coverage. Minnesota Deer Permit Areas are modern and group counties by habitat rather than following county lines. Counties coexist with the state's management units in this table - record whichever the artifact actually names.","2026-08-28"
"MN","Becker","County","","27005","False","True","3","County unit added for antique-era coverage. Minnesota Deer Permit Areas are modern and group counties by habitat rather than following county lines. Counties coexist with the state's management units in this table - record whichever the artifact actually names.","2026-08-28"
"MN","Beltrami","County","","27007","False","True","4","County unit added for antique-era coverage. Minnesota Deer Permit Areas are modern and group counties by habitat rather than following county lines. Counties coexist with the state's management units in this table - record whichever the artifact actually names.","2026-08-28"
"MN","Benton","County","","27009","False","True","5","County unit added for antique-era coverage. Minnesota Deer Permit Areas are modern and group counties by habitat rather than following county lines. Counties coexist with the state's management units in this table - record whichever the artifact actually names.","2026-08-28"
"MN","Big Stone","County","","27011","False","True","6","County unit added for antique-era coverage. Minnesota Deer Permit Areas are modern and group counties by habitat rather than following county lines. Counties coexist with the state's management units in this table - record whichever the artifact actually names.","2026-08-28"
"MN","Blue Earth","County","","27013","False","True","7","County unit added for antique-era coverage. Minnesota Deer Permit Areas are modern and group counties by habitat rather than following county lines. Counties coexist with the state's management units in this table - record whichever the artifact actually names.","2026-08-28"
"MN","Brown","County","","27015","False","True","8","County unit added for antique-era coverage. Minnesota Deer Permit Areas are modern and group counties by habitat rather than following county lines. Counties coexist with the state's management units in this table - record whichever the artifact actually names.","2026-08-28"
"MN","Carlton","County","","27017","False","True","9","County unit added for antique-era coverage. Minnesota Deer Permit Areas are modern and group counties by habitat rather than following county lines. Counties coexist with the state's management units in this table - record whichever the artifact actually names.","2026-08-28"
"MN","Carver","County","","27019","False","True","10","County unit added for antique-era coverage. Minnesota Deer Permit Areas are modern and group counties by habitat rather than following county lines. Counties coexist with the state's management units in this table - record whichever the artifact actually names.","2026-08-28"
"MN","Cass","County","","27021","False","True","11","County unit added for antique-era coverage. Minnesota Deer Permit Areas are modern and group counties by habitat rather than following county lines. Counties coexist with the state's management units in this table - record whichever the artifact actually names.","2026-08-28"
"MN","Chippewa","County","","27023","False","True","12","County unit added for antique-era coverage. Minnesota Deer Permit Areas are modern and group counties by habitat rather than following county lines. Counties coexist with the state's management units in this table - record whichever the artifact actually names.","2026-08-28"
"MN","Chisago","County","","27025","False","True","13","County unit added for antique-era coverage. Minnesota Deer Permit Areas are modern and group counties by habitat rather than following county lines. Counties coexist with the state's management units in this table - record whichever the artifact actually names.","2026-08-28"
"MN","Clay","County","","27027","False","True","14","County unit added for antique-era coverage. Minnesota Deer Permit Areas are modern and group counties by habitat rather than following county lines. Counties coexist with the state's management units in this table - record whichever the artifact actually names.","2026-08-28"
"MN","Clearwater","County","","27029","False","True","15","County unit added for antique-era coverage. Minnesota Deer Permit Areas are modern and group counties by habitat rather than following county lines. Counties coexist with the state's management units in this table - record whichever the artifact actually names.","2026-08-28"
"MN","Cook","County","","27031","False","True","16","County unit added for antique-era coverage. Minnesota Deer Permit Areas are modern and group counties by habitat rather than following county lines. Counties coexist with the state's management units in this table - record whichever the artifact actually names.","2026-08-28"
"MN","Cottonwood","County","","27033","False","True","17","County unit added for antique-era coverage. Minnesota Deer Permit Areas are modern and group counties by habitat rather than following county lines. Counties coexist with the state's management units in this table - record whichever the artifact actually names.","2026-08-28"
"MN","Crow Wing","County","","27035","False","True","18","County unit added for antique-era coverage. Minnesota Deer Permit Areas are modern and group counties by habitat rather than following county lines. Counties coexist with the state's management units in this table - record whichever the artifact actually names.","2026-08-28"
"MN","Dakota","County","","27037","False","True","19","County unit added for antique-era coverage. Minnesota Deer Permit Areas are modern and group counties by habitat rather than following county lines. Counties coexist with the state's management units in this table - record whichever the artifact actually names.","2026-08-28"
"MN","Dodge","County","","27039","False","True","20","County unit added for antique-era coverage. Minnesota Deer Permit Areas are modern and group counties by habitat rather than following county lines. Counties coexist with the state's management units in this table - record whichever the artifact actually names.","2026-08-28"
"MN","Douglas","County","","27041","False","True","21","County unit added for antique-era coverage. Minnesota Deer Permit Areas are modern and group counties by habitat rather than following county lines. Counties coexist with the state's management units in this table - record whichever the artifact actually names.","2026-08-28"
"MN","Faribault","County","","27043","False","True","22","County unit added for antique-era coverage. Minnesota Deer Permit Areas are modern and group counties by habitat rather than following county lines. Counties coexist with the state's management units in this table - record whichever the artifact actually names.","2026-08-28"
"MN","Fillmore","County","","27045","False","True","23","County unit added for antique-era coverage. Minnesota Deer Permit Areas are modern and group counties by habitat rather than following county lines. Counties coexist with the state's management units in this table - record whichever the artifact actually names.","2026-08-28"
"MN","Freeborn","County","","27047","False","True","24","County unit added for antique-era coverage. Minnesota Deer Permit Areas are modern and group counties by habitat rather than following county lines. Counties coexist with the state's management units in this table - record whichever the artifact actually names.","2026-08-28"
"MN","Goodhue","County","","27049","False","True","25","County unit added for antique-era coverage. Minnesota Deer Permit Areas are modern and group counties by habitat rather than following county lines. Counties coexist with the state's management units in this table - record whichever the artifact actually names.","2026-08-28"
"MN","Grant","County","","27051","False","True","26","County unit added for antique-era coverage. Minnesota Deer Permit Areas are modern and group counties by habitat rather than following county lines. Counties coexist with the state's management units in this table - record whichever the artifact actually names.","2026-08-28"
"MN","Hennepin","County","","27053","False","True","27","County unit added for antique-era coverage. Minnesota Deer Permit Areas are modern and group counties by habitat rather than following county lines. Counties coexist with the state's management units in this table - record whichever the artifact actually names.","2026-08-28"
"MN","Houston","County","","27055","False","True","28","County unit added for antique-era coverage. Minnesota Deer Permit Areas are modern and group counties by habitat rather than following county lines. Counties coexist with the state's management units in this table - record whichever the artifact actually names.","2026-08-28"
"MN","Hubbard","County","","27057","False","True","29","County unit added for antique-era coverage. Minnesota Deer Permit Areas are modern and group counties by habitat rather than following county lines. Counties coexist with the state's management units in this table - record whichever the artifact actually names.","2026-08-28"
"MN","Isanti","County","","27059","False","True","30","County unit added for antique-era coverage. Minnesota Deer Permit Areas are modern and group counties by habitat rather than following county lines. Counties coexist with the state's management units in this table - record whichever the artifact actually names.","2026-08-28"
"MN","Itasca","County","","27061","False","True","31","County unit added for antique-era coverage. Minnesota Deer Permit Areas are modern and group counties by habitat rather than following county lines. Counties coexist with the state's management units in this table - record whichever the artifact actually names.","2026-08-28"
"MN","Jackson","County","","27063","False","True","32","County unit added for antique-era coverage. Minnesota Deer Permit Areas are modern and group counties by habitat rather than following county lines. Counties coexist with the state's management units in this table - record whichever the artifact actually names.","2026-08-28"
"MN","Kanabec","County","","27065","False","True","33","County unit added for antique-era coverage. Minnesota Deer Permit Areas are modern and group counties by habitat rather than following county lines. Counties coexist with the state's management units in this table - record whichever the artifact actually names.","2026-08-28"
"MN","Kandiyohi","County","","27067","False","True","34","County unit added for antique-era coverage. Minnesota Deer Permit Areas are modern and group counties by habitat rather than following county lines. Counties coexist with the state's management units in this table - record whichever the artifact actually names.","2026-08-28"
"MN","Kittson","County","","27069","False","True","35","County unit added for antique-era coverage. Minnesota Deer Permit Areas are modern and group counties by habitat rather than following county lines. Counties coexist with the state's management units in this table - record whichever the artifact actually names.","2026-08-28"
"MN","Koochiching","County","","27071","False","True","36","County unit added for antique-era coverage. Minnesota Deer Permit Areas are modern and group counties by habitat rather than following county lines. Counties coexist with the state's management units in this table - record whichever the artifact actually names.","2026-08-28"
"MN","Lac qui Parle","County","","27073","False","True","37","County unit added for antique-era coverage. Minnesota Deer Permit Areas are modern and group counties by habitat rather than following county lines. Counties coexist with the state's management units in this table - record whichever the artifact actually names.","2026-08-28"
"MN","Lake","County","","27075","False","True","38","County unit added for antique-era coverage. Minnesota Deer Permit Areas are modern and group counties by habitat rather than following county lines. Counties coexist with the state's management units in this table - record whichever the artifact actually names.","2026-08-28"
"MN","Lake of the Woods","County","","27077","False","True","39","County unit added for antique-era coverage. Minnesota Deer Permit Areas are modern and group counties by habitat rather than following county lines. Counties coexist with the state's management units in this table - record whichever the artifact actually names.","2026-08-28"
"MN","Le Sueur","County","","27079","False","True","40","County unit added for antique-era coverage. Minnesota Deer Permit Areas are modern and group counties by habitat rather than following county lines. Counties coexist with the state's management units in this table - record whichever the artifact actually names.","2026-08-28"
"MN","Lincoln","County","","27081","False","True","41","County unit added for antique-era coverage. Minnesota Deer Permit Areas are modern and group counties by habitat rather than following county lines. Counties coexist with the state's management units in this table - record whichever the artifact actually names.","2026-08-28"
"MN","Lyon","County","","27083","False","True","42","County unit added for antique-era coverage. Minnesota Deer Permit Areas are modern and group counties by habitat rather than following county lines. Counties coexist with the state's management units in this table - record whichever the artifact actually names.","2026-08-28"
"MN","Mahnomen","County","","27087","False","True","43","County unit added for antique-era coverage. Minnesota Deer Permit Areas are modern and group counties by habitat rather than following county lines. Counties coexist with the state's management units in this table - record whichever the artifact actually names.","2026-08-28"
"MN","Marshall","County","","27089","False","True","44","County unit added for antique-era coverage. Minnesota Deer Permit Areas are modern and group counties by habitat rather than following county lines. Counties coexist with the state's management units in this table - record whichever the artifact actually names.","2026-08-28"
"MN","Martin","County","","27091","False","True","45","County unit added for antique-era coverage. Minnesota Deer Permit Areas are modern and group counties by habitat rather than following county lines. Counties coexist with the state's management units in this table - record whichever the artifact actually names.","2026-08-28"
"MN","McLeod","County","","27085","False","True","46","County unit added for antique-era coverage. Minnesota Deer Permit Areas are modern and group counties by habitat rather than following county lines. Counties coexist with the state's management units in this table - record whichever the artifact actually names.","2026-08-28"
"MN","Meeker","County","","27093","False","True","47","County unit added for antique-era coverage. Minnesota Deer Permit Areas are modern and group counties by habitat rather than following county lines. Counties coexist with the state's management units in this table - record whichever the artifact actually names.","2026-08-28"
"MN","Mille Lacs","County","","27095","False","True","48","County unit added for antique-era coverage. Minnesota Deer Permit Areas are modern and group counties by habitat rather than following county lines. Counties coexist with the state's management units in this table - record whichever the artifact actually names.","2026-08-28"
"MN","Morrison","County","","27097","False","True","49","County unit added for antique-era coverage. Minnesota Deer Permit Areas are modern and group counties by habitat rather than following county lines. Counties coexist with the state's management units in this table - record whichever the artifact actually names.","2026-08-28"
"MN","Mower","County","","27099","False","True","50","County unit added for antique-era coverage. Minnesota Deer Permit Areas are modern and group counties by habitat rather than following county lines. Counties coexist with the state's management units in this table - record whichever the artifact actually names.","2026-08-28"
"MN","Murray","County","","27101","False","True","51","County unit added for antique-era coverage. Minnesota Deer Permit Areas are modern and group counties by habitat rather than following county lines. Counties coexist with the state's management units in this table - record whichever the artifact actually names.","2026-08-28"
"MN","Nicollet","County","","27103","False","True","52","County unit added for antique-era coverage. Minnesota Deer Permit Areas are modern and group counties by habitat rather than following county lines. Counties coexist with the state's management units in this table - record whichever the artifact actually names.","2026-08-28"
"MN","Nobles","County","","27105","False","True","53","County unit added for antique-era coverage. Minnesota Deer Permit Areas are modern and group counties by habitat rather than following county lines. Counties coexist with the state's management units in this table - record whichever the artifact actually names.","2026-08-28"
"MN","Norman","County","","27107","False","True","54","County unit added for antique-era coverage. Minnesota Deer Permit Areas are modern and group counties by habitat rather than following county lines. Counties coexist with the state's management units in this table - record whichever the artifact actually names.","2026-08-28"
"MN","Olmsted","County","","27109","False","True","55","County unit added for antique-era coverage. Minnesota Deer Permit Areas are modern and group counties by habitat rather than following county lines. Counties coexist with the state's management units in this table - record whichever the artifact actually names.","2026-08-28"
"MN","Otter Tail","County","","27111","False","True","56","County unit added for antique-era coverage. Minnesota Deer Permit Areas are modern and group counties by habitat rather than following county lines. Counties coexist with the state's management units in this table - record whichever the artifact actually names.","2026-08-28"
"MN","Pennington","County","","27113","False","True","57","County unit added for antique-era coverage. Minnesota Deer Permit Areas are modern and group counties by habitat rather than following county lines. Counties coexist with the state's management units in this table - record whichever the artifact actually names.","2026-08-28"
"MN","Pine","County","","27115","False","True","58","County unit added for antique-era coverage. Minnesota Deer Permit Areas are modern and group counties by habitat rather than following county lines. Counties coexist with the state's management units in this table - record whichever the artifact actually names.","2026-08-28"
"MN","Pipestone","County","","27117","False","True","59","County unit added for antique-era coverage. Minnesota Deer Permit Areas are modern and group counties by habitat rather than following county lines. Counties coexist with the state's management units in this table - record whichever the artifact actually names.","2026-08-28"
"MN","Polk","County","","27119","False","True","60","County unit added for antique-era coverage. Minnesota Deer Permit Areas are modern and group counties by habitat rather than following county lines. Counties coexist with the state's management units in this table - record whichever the artifact actually names.","2026-08-28"
"MN","Pope","County","","27121","False","True","61","County unit added for antique-era coverage. Minnesota Deer Permit Areas are modern and group counties by habitat rather than following county lines. Counties coexist with the state's management units in this table - record whichever the artifact actually names.","2026-08-28"
"MN","Ramsey","County","","27123","False","True","62","County unit added for antique-era coverage. Minnesota Deer Permit Areas are modern and group counties by habitat rather than following county lines. Counties coexist with the state's management units in this table - record whichever the artifact actually names.","2026-08-28"
"MN","Red Lake","County","","27125","False","True","63","County unit added for antique-era coverage. Minnesota Deer Permit Areas are modern and group counties by habitat rather than following county lines. Counties coexist with the state's management units in this table - record whichever the artifact actually names.","2026-08-28"
"MN","Redwood","County","","27127","False","True","64","County unit added for antique-era coverage. Minnesota Deer Permit Areas are modern and group counties by habitat rather than following county lines. Counties coexist with the state's management units in this table - record whichever the artifact actually names.","2026-08-28"
"MN","Renville","County","","27129","False","True","65","County unit added for antique-era coverage. Minnesota Deer Permit Areas are modern and group counties by habitat rather than following county lines. Counties coexist with the state's management units in this table - record whichever the artifact actually names.","2026-08-28"
"MN","Rice","County","","27131","False","True","66","County unit added for antique-era coverage. Minnesota Deer Permit Areas are modern and group counties by habitat rather than following county lines. Counties coexist with the state's management units in this table - record whichever the artifact actually names.","2026-08-28"
"MN","Rock","County","","27133","False","True","67","County unit added for antique-era coverage. Minnesota Deer Permit Areas are modern and group counties by habitat rather than following county lines. Counties coexist with the state's management units in this table - record whichever the artifact actually names.","2026-08-28"
"MN","Roseau","County","","27135","False","True","68","County unit added for antique-era coverage. Minnesota Deer Permit Areas are modern and group counties by habitat rather than following county lines. Counties coexist with the state's management units in this table - record whichever the artifact actually names.","2026-08-28"
"MN","Scott","County","","27139","False","True","69","County unit added for antique-era coverage. Minnesota Deer Permit Areas are modern and group counties by habitat rather than following county lines. Counties coexist with the state's management units in this table - record whichever the artifact actually names.","2026-08-28"
"MN","Sherburne","County","","27141","False","True","70","County unit added for antique-era coverage. Minnesota Deer Permit Areas are modern and group counties by habitat rather than following county lines. Counties coexist with the state's management units in this table - record whichever the artifact actually names.","2026-08-28"
"MN","Sibley","County","","27143","False","True","71","County unit added for antique-era coverage. Minnesota Deer Permit Areas are modern and group counties by habitat rather than following county lines. Counties coexist with the state's management units in this table - record whichever the artifact actually names.","2026-08-28"
"MN","St. Louis","County","","27137","False","True","72","County unit added for antique-era coverage. Minnesota Deer Permit Areas are modern and group counties by habitat rather than following county lines. Counties coexist with the state's management units in this table - record whichever the artifact actually names.","2026-08-28"
"MN","Stearns","County","","27145","False","True","73","County unit added for antique-era coverage. Minnesota Deer Permit Areas are modern and group counties by habitat rather than following county lines. Counties coexist with the state's management units in this table - record whichever the artifact actually names.","2026-08-28"
"MN","Steele","County","","27147","False","True","74","County unit added for antique-era coverage. Minnesota Deer Permit Areas are modern and group counties by habitat rather than following county lines. Counties coexist with the state's management units in this table - record whichever the artifact actually names.","2026-08-28"
"MN","Stevens","County","","27149","False","True","75","County unit added for antique-era coverage. Minnesota Deer Permit Areas are modern and group counties by habitat rather than following county lines. Counties coexist with the state's management units in this table - record whichever the artifact actually names.","2026-08-28"
"MN","Swift","County","","27151","False","True","76","County unit added for antique-era coverage. Minnesota Deer Permit Areas are modern and group counties by habitat rather than following county lines. Counties coexist with the state's management units in this table - record whichever the artifact actually names.","2026-08-28"
"MN","Todd","County","","27153","False","True","77","County unit added for antique-era coverage. Minnesota Deer Permit Areas are modern and group counties by habitat rather than following county lines. Counties coexist with the state's management units in this table - record whichever the artifact actually names.","2026-08-28"
"MN","Traverse","County","","27155","False","True","78","County unit added for antique-era coverage. Minnesota Deer Permit Areas are modern and group counties by habitat rather than following county lines. Counties coexist with the state's management units in this table - record whichever the artifact actually names.","2026-08-28"
"MN","Wabasha","County","","27157","False","True","79","County unit added for antique-era coverage. Minnesota Deer Permit Areas are modern and group counties by habitat rather than following county lines. Counties coexist with the state's management units in this table - record whichever the artifact actually names.","2026-08-28"
"MN","Wadena","County","","27159","False","True","80","County unit added for antique-era coverage. Minnesota Deer Permit Areas are modern and group counties by habitat rather than following county lines. Counties coexist with the state's management units in this table - record whichever the artifact actually names.","2026-08-28"
"MN","Waseca","County","","27161","False","True","81","County unit added for antique-era coverage. Minnesota Deer Permit Areas are modern and group counties by habitat rather than following county lines. Counties coexist with the state's management units in this table - record whichever the artifact actually names.","2026-08-28"
"MN","Washington","County","","27163","False","True","82","County unit added for antique-era coverage. Minnesota Deer Permit Areas are modern and group counties by habitat rather than following county lines. Counties coexist with the state's management units in this table - record whichever the artifact actually names.","2026-08-28"
"MN","Watonwan","County","","27165","False","True","83","County unit added for antique-era coverage. Minnesota Deer Permit Areas are modern and group counties by habitat rather than following county lines. Counties coexist with the state's management units in this table - record whichever the artifact actually names.","2026-08-28"
"MN","Wilkin","County","","27167","False","True","84","County unit added for antique-era coverage. Minnesota Deer Permit Areas are modern and group counties by habitat rather than following county lines. Counties coexist with the state's management units in this table - record whichever the artifact actually names.","2026-08-28"
"MN","Winona","County","","27169","False","True","85","County unit added for antique-era coverage. Minnesota Deer Permit Areas are modern and group counties by habitat rather than following county lines. Counties coexist with the state's management units in this table - record whichever the artifact actually names.","2026-08-28"
"MN","Wright","County","","27171","False","True","86","County unit added for antique-era coverage. Minnesota Deer Permit Areas are modern and group counties by habitat rather than following county lines. Counties coexist with the state's management units in this table - record whichever the artifact actually names.","2026-08-28"
"MN","Yellow Medicine","County","","27173","False","True","87","County unit added for antique-era coverage. Minnesota Deer Permit Areas are modern and group counties by habitat rather than following county lines. Counties coexist with the state's management units in this table - record whichever the artifact actually names.","2026-08-28"
"MT","Beaverhead","County","","30001","False","True","1","County unit added for antique-era coverage. Montana Hunting Districts are modern and do not follow county boundaries. Counties coexist with the state's management units in this table - record whichever the artifact actually names.","2026-08-28"
"MT","Big Horn","County","","30003","False","True","2","County unit added for antique-era coverage. Montana Hunting Districts are modern and do not follow county boundaries. Counties coexist with the state's management units in this table - record whichever the artifact actually names.","2026-08-28"
"MT","Blaine","County","","30005","False","True","3","County unit added for antique-era coverage. Montana Hunting Districts are modern and do not follow county boundaries. Counties coexist with the state's management units in this table - record whichever the artifact actually names.","2026-08-28"
"MT","Broadwater","County","","30007","False","True","4","County unit added for antique-era coverage. Montana Hunting Districts are modern and do not follow county boundaries. Counties coexist with the state's management units in this table - record whichever the artifact actually names.","2026-08-28"
"MT","Carbon","County","","30009","False","True","5","County unit added for antique-era coverage. Montana Hunting Districts are modern and do not follow county boundaries. Counties coexist with the state's management units in this table - record whichever the artifact actually names.","2026-08-28"
"MT","Carter","County","","30011","False","True","6","County unit added for antique-era coverage. Montana Hunting Districts are modern and do not follow county boundaries. Counties coexist with the state's management units in this table - record whichever the artifact actually names.","2026-08-28"
"MT","Cascade","County","","30013","False","True","7","County unit added for antique-era coverage. Montana Hunting Districts are modern and do not follow county boundaries. Counties coexist with the state's management units in this table - record whichever the artifact actually names.","2026-08-28"
"MT","Chouteau","County","","30015","False","True","8","County unit added for antique-era coverage. Montana Hunting Districts are modern and do not follow county boundaries. Counties coexist with the state's management units in this table - record whichever the artifact actually names.","2026-08-28"
"MT","Custer","County","","30017","False","True","9","County unit added for antique-era coverage. Montana Hunting Districts are modern and do not follow county boundaries. Counties coexist with the state's management units in this table - record whichever the artifact actually names.","2026-08-28"
"MT","Daniels","County","","30019","False","True","10","County unit added for antique-era coverage. Montana Hunting Districts are modern and do not follow county boundaries. Counties coexist with the state's management units in this table - record whichever the artifact actually names.","2026-08-28"
"MT","Dawson","County","","30021","False","True","11","County unit added for antique-era coverage. Montana Hunting Districts are modern and do not follow county boundaries. Counties coexist with the state's management units in this table - record whichever the artifact actually names.","2026-08-28"
"MT","Deer Lodge","County","","30023","False","True","12","County unit added for antique-era coverage. Montana Hunting Districts are modern and do not follow county boundaries. Counties coexist with the state's management units in this table - record whichever the artifact actually names.","2026-08-28"
"MT","Fallon","County","","30025","False","True","13","County unit added for antique-era coverage. Montana Hunting Districts are modern and do not follow county boundaries. Counties coexist with the state's management units in this table - record whichever the artifact actually names.","2026-08-28"
"MT","Fergus","County","","30027","False","True","14","County unit added for antique-era coverage. Montana Hunting Districts are modern and do not follow county boundaries. Counties coexist with the state's management units in this table - record whichever the artifact actually names.","2026-08-28"
"MT","Flathead","County","","30029","False","True","15","County unit added for antique-era coverage. Montana Hunting Districts are modern and do not follow county boundaries. Counties coexist with the state's management units in this table - record whichever the artifact actually names.","2026-08-28"
"MT","Gallatin","County","","30031","False","True","16","County unit added for antique-era coverage. Montana Hunting Districts are modern and do not follow county boundaries. Counties coexist with the state's management units in this table - record whichever the artifact actually names.","2026-08-28"
"MT","Garfield","County","","30033","False","True","17","County unit added for antique-era coverage. Montana Hunting Districts are modern and do not follow county boundaries. Counties coexist with the state's management units in this table - record whichever the artifact actually names.","2026-08-28"
"MT","Glacier","County","","30035","False","True","18","County unit added for antique-era coverage. Montana Hunting Districts are modern and do not follow county boundaries. Counties coexist with the state's management units in this table - record whichever the artifact actually names.","2026-08-28"
"MT","Golden Valley","County","","30037","False","True","19","County unit added for antique-era coverage. Montana Hunting Districts are modern and do not follow county boundaries. Counties coexist with the state's management units in this table - record whichever the artifact actually names.","2026-08-28"
"MT","Granite","County","","30039","False","True","20","County unit added for antique-era coverage. Montana Hunting Districts are modern and do not follow county boundaries. Counties coexist with the state's management units in this table - record whichever the artifact actually names.","2026-08-28"
"MT","Hill","County","","30041","False","True","21","County unit added for antique-era coverage. Montana Hunting Districts are modern and do not follow county boundaries. Counties coexist with the state's management units in this table - record whichever the artifact actually names.","2026-08-28"
"MT","Jefferson","County","","30043","False","True","22","County unit added for antique-era coverage. Montana Hunting Districts are modern and do not follow county boundaries. Counties coexist with the state's management units in this table - record whichever the artifact actually names.","2026-08-28"
"MT","Judith Basin","County","","30045","False","True","23","County unit added for antique-era coverage. Montana Hunting Districts are modern and do not follow county boundaries. Counties coexist with the state's management units in this table - record whichever the artifact actually names.","2026-08-28"
"MT","Lake","County","","30047","False","True","24","County unit added for antique-era coverage. Montana Hunting Districts are modern and do not follow county boundaries. Counties coexist with the state's management units in this table - record whichever the artifact actually names.","2026-08-28"
"MT","Lewis and Clark","County","","30049","False","True","25","County unit added for antique-era coverage. Montana Hunting Districts are modern and do not follow county boundaries. Counties coexist with the state's management units in this table - record whichever the artifact actually names.","2026-08-28"
"MT","Liberty","County","","30051","False","True","26","County unit added for antique-era coverage. Montana Hunting Districts are modern and do not follow county boundaries. Counties coexist with the state's management units in this table - record whichever the artifact actually names.","2026-08-28"
"MT","Lincoln","County","","30053","False","True","27","County unit added for antique-era coverage. Montana Hunting Districts are modern and do not follow county boundaries. Counties coexist with the state's management units in this table - record whichever the artifact actually names.","2026-08-28"
"MT","Madison","County","","30057","False","True","28","County unit added for antique-era coverage. Montana Hunting Districts are modern and do not follow county boundaries. Counties coexist with the state's management units in this table - record whichever the artifact actually names.","2026-08-28"
"MT","McCone","County","","30055","False","True","29","County unit added for antique-era coverage. Montana Hunting Districts are modern and do not follow county boundaries. Counties coexist with the state's management units in this table - record whichever the artifact actually names.","2026-08-28"
"MT","Meagher","County","","30059","False","True","30","County unit added for antique-era coverage. Montana Hunting Districts are modern and do not follow county boundaries. Counties coexist with the state's management units in this table - record whichever the artifact actually names.","2026-08-28"
"MT","Mineral","County","","30061","False","True","31","County unit added for antique-era coverage. Montana Hunting Districts are modern and do not follow county boundaries. Counties coexist with the state's management units in this table - record whichever the artifact actually names.","2026-08-28"
"MT","Missoula","County","","30063","False","True","32","County unit added for antique-era coverage. Montana Hunting Districts are modern and do not follow county boundaries. Counties coexist with the state's management units in this table - record whichever the artifact actually names.","2026-08-28"
"MT","Musselshell","County","","30065","False","True","33","County unit added for antique-era coverage. Montana Hunting Districts are modern and do not follow county boundaries. Counties coexist with the state's management units in this table - record whichever the artifact actually names.","2026-08-28"
"MT","Park","County","","30067","False","True","34","County unit added for antique-era coverage. Montana Hunting Districts are modern and do not follow county boundaries. Counties coexist with the state's management units in this table - record whichever the artifact actually names.","2026-08-28"
"MT","Petroleum","County","","30069","False","True","35","County unit added for antique-era coverage. Montana Hunting Districts are modern and do not follow county boundaries. Counties coexist with the state's management units in this table - record whichever the artifact actually names.","2026-08-28"
"MT","Phillips","County","","30071","False","True","36","County unit added for antique-era coverage. Montana Hunting Districts are modern and do not follow county boundaries. Counties coexist with the state's management units in this table - record whichever the artifact actually names.","2026-08-28"
"MT","Pondera","County","","30073","False","True","37","County unit added for antique-era coverage. Montana Hunting Districts are modern and do not follow county boundaries. Counties coexist with the state's management units in this table - record whichever the artifact actually names.","2026-08-28"
"MT","Powder River","County","","30075","False","True","38","County unit added for antique-era coverage. Montana Hunting Districts are modern and do not follow county boundaries. Counties coexist with the state's management units in this table - record whichever the artifact actually names.","2026-08-28"
"MT","Powell","County","","30077","False","True","39","County unit added for antique-era coverage. Montana Hunting Districts are modern and do not follow county boundaries. Counties coexist with the state's management units in this table - record whichever the artifact actually names.","2026-08-28"
"MT","Prairie","County","","30079","False","True","40","County unit added for antique-era coverage. Montana Hunting Districts are modern and do not follow county boundaries. Counties coexist with the state's management units in this table - record whichever the artifact actually names.","2026-08-28"
"MT","Ravalli","County","","30081","False","True","41","County unit added for antique-era coverage. Montana Hunting Districts are modern and do not follow county boundaries. Counties coexist with the state's management units in this table - record whichever the artifact actually names.","2026-08-28"
"MT","Richland","County","","30083","False","True","42","County unit added for antique-era coverage. Montana Hunting Districts are modern and do not follow county boundaries. Counties coexist with the state's management units in this table - record whichever the artifact actually names.","2026-08-28"
"MT","Roosevelt","County","","30085","False","True","43","County unit added for antique-era coverage. Montana Hunting Districts are modern and do not follow county boundaries. Counties coexist with the state's management units in this table - record whichever the artifact actually names.","2026-08-28"
"MT","Rosebud","County","","30087","False","True","44","County unit added for antique-era coverage. Montana Hunting Districts are modern and do not follow county boundaries. Counties coexist with the state's management units in this table - record whichever the artifact actually names.","2026-08-28"
"MT","Sanders","County","","30089","False","True","45","County unit added for antique-era coverage. Montana Hunting Districts are modern and do not follow county boundaries. Counties coexist with the state's management units in this table - record whichever the artifact actually names.","2026-08-28"
"MT","Sheridan","County","","30091","False","True","46","County unit added for antique-era coverage. Montana Hunting Districts are modern and do not follow county boundaries. Counties coexist with the state's management units in this table - record whichever the artifact actually names.","2026-08-28"
"MT","Silver Bow","County","","30093","False","True","47","County unit added for antique-era coverage. Montana Hunting Districts are modern and do not follow county boundaries. Counties coexist with the state's management units in this table - record whichever the artifact actually names.","2026-08-28"
"MT","Stillwater","County","","30095","False","True","48","County unit added for antique-era coverage. Montana Hunting Districts are modern and do not follow county boundaries. Counties coexist with the state's management units in this table - record whichever the artifact actually names.","2026-08-28"
"MT","Sweet Grass","County","","30097","False","True","49","County unit added for antique-era coverage. Montana Hunting Districts are modern and do not follow county boundaries. Counties coexist with the state's management units in this table - record whichever the artifact actually names.","2026-08-28"
"MT","Teton","County","","30099","False","True","50","County unit added for antique-era coverage. Montana Hunting Districts are modern and do not follow county boundaries. Counties coexist with the state's management units in this table - record whichever the artifact actually names.","2026-08-28"
"MT","Toole","County","","30101","False","True","51","County unit added for antique-era coverage. Montana Hunting Districts are modern and do not follow county boundaries. Counties coexist with the state's management units in this table - record whichever the artifact actually names.","2026-08-28"
"MT","Treasure","County","","30103","False","True","52","County unit added for antique-era coverage. Montana Hunting Districts are modern and do not follow county boundaries. Counties coexist with the state's management units in this table - record whichever the artifact actually names.","2026-08-28"
"MT","Valley","County","","30105","False","True","53","County unit added for antique-era coverage. Montana Hunting Districts are modern and do not follow county boundaries. Counties coexist with the state's management units in this table - record whichever the artifact actually names.","2026-08-28"
"MT","Wheatland","County","","30107","False","True","54","County unit added for antique-era coverage. Montana Hunting Districts are modern and do not follow county boundaries. Counties coexist with the state's management units in this table - record whichever the artifact actually names.","2026-08-28"
"MT","Wibaux","County","","30109","False","True","55","County unit added for antique-era coverage. Montana Hunting Districts are modern and do not follow county boundaries. Counties coexist with the state's management units in this table - record whichever the artifact actually names.","2026-08-28"
"MT","Yellowstone","County","","30111","False","True","56","County unit added for antique-era coverage. Montana Hunting Districts are modern and do not follow county boundaries. Counties coexist with the state's management units in this table - record whichever the artifact actually names.","2026-08-28"
"NH","Belknap","County","","33001","False","True","1","County unit added for antique-era coverage. New Hampshire Wildlife Management Units are modern; licences were sold through town clerks. Counties coexist with the state's management units in this table - record whichever the artifact actually names.","2026-08-28"
"NH","Carroll","County","","33003","False","True","2","County unit added for antique-era coverage. New Hampshire Wildlife Management Units are modern; licences were sold through town clerks. Counties coexist with the state's management units in this table - record whichever the artifact actually names.","2026-08-28"
"NH","Cheshire","County","","33005","False","True","3","County unit added for antique-era coverage. New Hampshire Wildlife Management Units are modern; licences were sold through town clerks. Counties coexist with the state's management units in this table - record whichever the artifact actually names.","2026-08-28"
"NH","Coos","County","","33007","False","True","4","County unit added for antique-era coverage. New Hampshire Wildlife Management Units are modern; licences were sold through town clerks. Counties coexist with the state's management units in this table - record whichever the artifact actually names.","2026-08-28"
"NH","Grafton","County","","33009","False","True","5","County unit added for antique-era coverage. New Hampshire Wildlife Management Units are modern; licences were sold through town clerks. Counties coexist with the state's management units in this table - record whichever the artifact actually names.","2026-08-28"
"NH","Hillsborough","County","","33011","False","True","6","County unit added for antique-era coverage. New Hampshire Wildlife Management Units are modern; licences were sold through town clerks. Counties coexist with the state's management units in this table - record whichever the artifact actually names.","2026-08-28"
"NH","Merrimack","County","","33013","False","True","7","County unit added for antique-era coverage. New Hampshire Wildlife Management Units are modern; licences were sold through town clerks. Counties coexist with the state's management units in this table - record whichever the artifact actually names.","2026-08-28"
"NH","Rockingham","County","","33015","False","True","8","County unit added for antique-era coverage. New Hampshire Wildlife Management Units are modern; licences were sold through town clerks. Counties coexist with the state's management units in this table - record whichever the artifact actually names.","2026-08-28"
"NH","Strafford","County","","33017","False","True","9","County unit added for antique-era coverage. New Hampshire Wildlife Management Units are modern; licences were sold through town clerks. Counties coexist with the state's management units in this table - record whichever the artifact actually names.","2026-08-28"
"NH","Sullivan","County","","33019","False","True","10","County unit added for antique-era coverage. New Hampshire Wildlife Management Units are modern; licences were sold through town clerks. Counties coexist with the state's management units in this table - record whichever the artifact actually names.","2026-08-28"
"NY","Albany","County","","36001","False","True","1","County unit added for antique-era coverage. New York Wildlife Management Units replaced Deer Management Units after the 1997-98 season, so no pre-1998 item names a WMU. Counties coexist with the state's management units in this table - record whichever the artifact actually names.","2026-08-28"
"NY","Allegany","County","","36003","False","True","2","County unit added for antique-era coverage. New York Wildlife Management Units replaced Deer Management Units after the 1997-98 season, so no pre-1998 item names a WMU. Counties coexist with the state's management units in this table - record whichever the artifact actually names.","2026-08-28"
"NY","Bronx","County","","36005","False","True","3","County unit added for antique-era coverage. New York Wildlife Management Units replaced Deer Management Units after the 1997-98 season, so no pre-1998 item names a WMU. Counties coexist with the state's management units in this table - record whichever the artifact actually names.","2026-08-28"
"NY","Broome","County","","36007","False","True","4","County unit added for antique-era coverage. New York Wildlife Management Units replaced Deer Management Units after the 1997-98 season, so no pre-1998 item names a WMU. Counties coexist with the state's management units in this table - record whichever the artifact actually names.","2026-08-28"
"NY","Cattaraugus","County","","36009","False","True","5","County unit added for antique-era coverage. New York Wildlife Management Units replaced Deer Management Units after the 1997-98 season, so no pre-1998 item names a WMU. Counties coexist with the state's management units in this table - record whichever the artifact actually names.","2026-08-28"
"NY","Cayuga","County","","36011","False","True","6","County unit added for antique-era coverage. New York Wildlife Management Units replaced Deer Management Units after the 1997-98 season, so no pre-1998 item names a WMU. Counties coexist with the state's management units in this table - record whichever the artifact actually names.","2026-08-28"
"NY","Chautauqua","County","","36013","False","True","7","County unit added for antique-era coverage. New York Wildlife Management Units replaced Deer Management Units after the 1997-98 season, so no pre-1998 item names a WMU. Counties coexist with the state's management units in this table - record whichever the artifact actually names.","2026-08-28"
"NY","Chemung","County","","36015","False","True","8","County unit added for antique-era coverage. New York Wildlife Management Units replaced Deer Management Units after the 1997-98 season, so no pre-1998 item names a WMU. Counties coexist with the state's management units in this table - record whichever the artifact actually names.","2026-08-28"
"NY","Chenango","County","","36017","False","True","9","County unit added for antique-era coverage. New York Wildlife Management Units replaced Deer Management Units after the 1997-98 season, so no pre-1998 item names a WMU. Counties coexist with the state's management units in this table - record whichever the artifact actually names.","2026-08-28"
"NY","Clinton","County","","36019","False","True","10","County unit added for antique-era coverage. New York Wildlife Management Units replaced Deer Management Units after the 1997-98 season, so no pre-1998 item names a WMU. Counties coexist with the state's management units in this table - record whichever the artifact actually names.","2026-08-28"
"NY","Columbia","County","","36021","False","True","11","County unit added for antique-era coverage. New York Wildlife Management Units replaced Deer Management Units after the 1997-98 season, so no pre-1998 item names a WMU. Counties coexist with the state's management units in this table - record whichever the artifact actually names.","2026-08-28"
"NY","Cortland","County","","36023","False","True","12","County unit added for antique-era coverage. New York Wildlife Management Units replaced Deer Management Units after the 1997-98 season, so no pre-1998 item names a WMU. Counties coexist with the state's management units in this table - record whichever the artifact actually names.","2026-08-28"
"NY","Delaware","County","","36025","False","True","13","County unit added for antique-era coverage. New York Wildlife Management Units replaced Deer Management Units after the 1997-98 season, so no pre-1998 item names a WMU. Counties coexist with the state's management units in this table - record whichever the artifact actually names.","2026-08-28"
"NY","Dutchess","County","","36027","False","True","14","County unit added for antique-era coverage. New York Wildlife Management Units replaced Deer Management Units after the 1997-98 season, so no pre-1998 item names a WMU. Counties coexist with the state's management units in this table - record whichever the artifact actually names.","2026-08-28"
"NY","Erie","County","","36029","False","True","15","County unit added for antique-era coverage. New York Wildlife Management Units replaced Deer Management Units after the 1997-98 season, so no pre-1998 item names a WMU. Counties coexist with the state's management units in this table - record whichever the artifact actually names.","2026-08-28"
"NY","Essex","County","","36031","False","True","16","County unit added for antique-era coverage. New York Wildlife Management Units replaced Deer Management Units after the 1997-98 season, so no pre-1998 item names a WMU. Counties coexist with the state's management units in this table - record whichever the artifact actually names.","2026-08-28"
"NY","Franklin","County","","36033","False","True","17","County unit added for antique-era coverage. New York Wildlife Management Units replaced Deer Management Units after the 1997-98 season, so no pre-1998 item names a WMU. Counties coexist with the state's management units in this table - record whichever the artifact actually names.","2026-08-28"
"NY","Fulton","County","","36035","False","True","18","County unit added for antique-era coverage. New York Wildlife Management Units replaced Deer Management Units after the 1997-98 season, so no pre-1998 item names a WMU. Counties coexist with the state's management units in this table - record whichever the artifact actually names.","2026-08-28"
"NY","Genesee","County","","36037","False","True","19","County unit added for antique-era coverage. New York Wildlife Management Units replaced Deer Management Units after the 1997-98 season, so no pre-1998 item names a WMU. Counties coexist with the state's management units in this table - record whichever the artifact actually names.","2026-08-28"
"NY","Greene","County","","36039","False","True","20","County unit added for antique-era coverage. New York Wildlife Management Units replaced Deer Management Units after the 1997-98 season, so no pre-1998 item names a WMU. Counties coexist with the state's management units in this table - record whichever the artifact actually names.","2026-08-28"
"NY","Hamilton","County","","36041","False","True","21","County unit added for antique-era coverage. New York Wildlife Management Units replaced Deer Management Units after the 1997-98 season, so no pre-1998 item names a WMU. Counties coexist with the state's management units in this table - record whichever the artifact actually names.","2026-08-28"
"NY","Herkimer","County","","36043","False","True","22","County unit added for antique-era coverage. New York Wildlife Management Units replaced Deer Management Units after the 1997-98 season, so no pre-1998 item names a WMU. Counties coexist with the state's management units in this table - record whichever the artifact actually names.","2026-08-28"
"NY","Jefferson","County","","36045","False","True","23","County unit added for antique-era coverage. New York Wildlife Management Units replaced Deer Management Units after the 1997-98 season, so no pre-1998 item names a WMU. Counties coexist with the state's management units in this table - record whichever the artifact actually names.","2026-08-28"
"NY","Kings","County","","36047","False","True","24","County unit added for antique-era coverage. New York Wildlife Management Units replaced Deer Management Units after the 1997-98 season, so no pre-1998 item names a WMU. Counties coexist with the state's management units in this table - record whichever the artifact actually names.","2026-08-28"
"NY","Lewis","County","","36049","False","True","25","County unit added for antique-era coverage. New York Wildlife Management Units replaced Deer Management Units after the 1997-98 season, so no pre-1998 item names a WMU. Counties coexist with the state's management units in this table - record whichever the artifact actually names.","2026-08-28"
"NY","Livingston","County","","36051","False","True","26","County unit added for antique-era coverage. New York Wildlife Management Units replaced Deer Management Units after the 1997-98 season, so no pre-1998 item names a WMU. Counties coexist with the state's management units in this table - record whichever the artifact actually names.","2026-08-28"
"NY","Madison","County","","36053","False","True","27","County unit added for antique-era coverage. New York Wildlife Management Units replaced Deer Management Units after the 1997-98 season, so no pre-1998 item names a WMU. Counties coexist with the state's management units in this table - record whichever the artifact actually names.","2026-08-28"
"NY","Monroe","County","","36055","False","True","28","County unit added for antique-era coverage. New York Wildlife Management Units replaced Deer Management Units after the 1997-98 season, so no pre-1998 item names a WMU. Counties coexist with the state's management units in this table - record whichever the artifact actually names.","2026-08-28"
"NY","Montgomery","County","","36057","False","True","29","County unit added for antique-era coverage. New York Wildlife Management Units replaced Deer Management Units after the 1997-98 season, so no pre-1998 item names a WMU. Counties coexist with the state's management units in this table - record whichever the artifact actually names.","2026-08-28"
"NY","Nassau","County","","36059","False","True","30","County unit added for antique-era coverage. New York Wildlife Management Units replaced Deer Management Units after the 1997-98 season, so no pre-1998 item names a WMU. Counties coexist with the state's management units in this table - record whichever the artifact actually names.","2026-08-28"
"NY","New York","County","","36061","False","True","31","County unit added for antique-era coverage. New York Wildlife Management Units replaced Deer Management Units after the 1997-98 season, so no pre-1998 item names a WMU. Counties coexist with the state's management units in this table - record whichever the artifact actually names.","2026-08-28"
"NY","Niagara","County","","36063","False","True","32","County unit added for antique-era coverage. New York Wildlife Management Units replaced Deer Management Units after the 1997-98 season, so no pre-1998 item names a WMU. Counties coexist with the state's management units in this table - record whichever the artifact actually names.","2026-08-28"
"NY","Oneida","County","","36065","False","True","33","County unit added for antique-era coverage. New York Wildlife Management Units replaced Deer Management Units after the 1997-98 season, so no pre-1998 item names a WMU. Counties coexist with the state's management units in this table - record whichever the artifact actually names.","2026-08-28"
"NY","Onondaga","County","","36067","False","True","34","County unit added for antique-era coverage. New York Wildlife Management Units replaced Deer Management Units after the 1997-98 season, so no pre-1998 item names a WMU. Counties coexist with the state's management units in this table - record whichever the artifact actually names.","2026-08-28"
"NY","Ontario","County","","36069","False","True","35","County unit added for antique-era coverage. New York Wildlife Management Units replaced Deer Management Units after the 1997-98 season, so no pre-1998 item names a WMU. Counties coexist with the state's management units in this table - record whichever the artifact actually names.","2026-08-28"
"NY","Orange","County","","36071","False","True","36","County unit added for antique-era coverage. New York Wildlife Management Units replaced Deer Management Units after the 1997-98 season, so no pre-1998 item names a WMU. Counties coexist with the state's management units in this table - record whichever the artifact actually names.","2026-08-28"
"NY","Orleans","County","","36073","False","True","37","County unit added for antique-era coverage. New York Wildlife Management Units replaced Deer Management Units after the 1997-98 season, so no pre-1998 item names a WMU. Counties coexist with the state's management units in this table - record whichever the artifact actually names.","2026-08-28"
"NY","Oswego","County","","36075","False","True","38","County unit added for antique-era coverage. New York Wildlife Management Units replaced Deer Management Units after the 1997-98 season, so no pre-1998 item names a WMU. Counties coexist with the state's management units in this table - record whichever the artifact actually names.","2026-08-28"
"NY","Otsego","County","","36077","False","True","39","County unit added for antique-era coverage. New York Wildlife Management Units replaced Deer Management Units after the 1997-98 season, so no pre-1998 item names a WMU. Counties coexist with the state's management units in this table - record whichever the artifact actually names.","2026-08-28"
"NY","Putnam","County","","36079","False","True","40","County unit added for antique-era coverage. New York Wildlife Management Units replaced Deer Management Units after the 1997-98 season, so no pre-1998 item names a WMU. Counties coexist with the state's management units in this table - record whichever the artifact actually names.","2026-08-28"
"NY","Queens","County","","36081","False","True","41","County unit added for antique-era coverage. New York Wildlife Management Units replaced Deer Management Units after the 1997-98 season, so no pre-1998 item names a WMU. Counties coexist with the state's management units in this table - record whichever the artifact actually names.","2026-08-28"
"NY","Rensselaer","County","","36083","False","True","42","County unit added for antique-era coverage. New York Wildlife Management Units replaced Deer Management Units after the 1997-98 season, so no pre-1998 item names a WMU. Counties coexist with the state's management units in this table - record whichever the artifact actually names.","2026-08-28"
"NY","Richmond","County","","36085","False","True","43","County unit added for antique-era coverage. New York Wildlife Management Units replaced Deer Management Units after the 1997-98 season, so no pre-1998 item names a WMU. Counties coexist with the state's management units in this table - record whichever the artifact actually names.","2026-08-28"
"NY","Rockland","County","","36087","False","True","44","County unit added for antique-era coverage. New York Wildlife Management Units replaced Deer Management Units after the 1997-98 season, so no pre-1998 item names a WMU. Counties coexist with the state's management units in this table - record whichever the artifact actually names.","2026-08-28"
"NY","Saratoga","County","","36091","False","True","45","County unit added for antique-era coverage. New York Wildlife Management Units replaced Deer Management Units after the 1997-98 season, so no pre-1998 item names a WMU. Counties coexist with the state's management units in this table - record whichever the artifact actually names.","2026-08-28"
"NY","Schenectady","County","","36093","False","True","46","County unit added for antique-era coverage. New York Wildlife Management Units replaced Deer Management Units after the 1997-98 season, so no pre-1998 item names a WMU. Counties coexist with the state's management units in this table - record whichever the artifact actually names.","2026-08-28"
"NY","Schoharie","County","","36095","False","True","47","County unit added for antique-era coverage. New York Wildlife Management Units replaced Deer Management Units after the 1997-98 season, so no pre-1998 item names a WMU. Counties coexist with the state's management units in this table - record whichever the artifact actually names.","2026-08-28"
"NY","Schuyler","County","","36097","False","True","48","County unit added for antique-era coverage. New York Wildlife Management Units replaced Deer Management Units after the 1997-98 season, so no pre-1998 item names a WMU. Counties coexist with the state's management units in this table - record whichever the artifact actually names.","2026-08-28"
"NY","Seneca","County","","36099","False","True","49","County unit added for antique-era coverage. New York Wildlife Management Units replaced Deer Management Units after the 1997-98 season, so no pre-1998 item names a WMU. Counties coexist with the state's management units in this table - record whichever the artifact actually names.","2026-08-28"
"NY","St. Lawrence","County","","36089","False","True","50","County unit added for antique-era coverage. New York Wildlife Management Units replaced Deer Management Units after the 1997-98 season, so no pre-1998 item names a WMU. Counties coexist with the state's management units in this table - record whichever the artifact actually names.","2026-08-28"
"NY","Steuben","County","","36101","False","True","51","County unit added for antique-era coverage. New York Wildlife Management Units replaced Deer Management Units after the 1997-98 season, so no pre-1998 item names a WMU. Counties coexist with the state's management units in this table - record whichever the artifact actually names.","2026-08-28"
"NY","Suffolk","County","","36103","False","True","52","County unit added for antique-era coverage. New York Wildlife Management Units replaced Deer Management Units after the 1997-98 season, so no pre-1998 item names a WMU. Counties coexist with the state's management units in this table - record whichever the artifact actually names.","2026-08-28"
"NY","Sullivan","County","","36105","False","True","53","County unit added for antique-era coverage. New York Wildlife Management Units replaced Deer Management Units after the 1997-98 season, so no pre-1998 item names a WMU. Counties coexist with the state's management units in this table - record whichever the artifact actually names.","2026-08-28"
"NY","Tioga","County","","36107","False","True","54","County unit added for antique-era coverage. New York Wildlife Management Units replaced Deer Management Units after the 1997-98 season, so no pre-1998 item names a WMU. Counties coexist with the state's management units in this table - record whichever the artifact actually names.","2026-08-28"
"NY","Tompkins","County","","36109","False","True","55","County unit added for antique-era coverage. New York Wildlife Management Units replaced Deer Management Units after the 1997-98 season, so no pre-1998 item names a WMU. Counties coexist with the state's management units in this table - record whichever the artifact actually names.","2026-08-28"
"NY","Ulster","County","","36111","False","True","56","County unit added for antique-era coverage. New York Wildlife Management Units replaced Deer Management Units after the 1997-98 season, so no pre-1998 item names a WMU. Counties coexist with the state's management units in this table - record whichever the artifact actually names.","2026-08-28"
"NY","Warren","County","","36113","False","True","57","County unit added for antique-era coverage. New York Wildlife Management Units replaced Deer Management Units after the 1997-98 season, so no pre-1998 item names a WMU. Counties coexist with the state's management units in this table - record whichever the artifact actually names.","2026-08-28"
"NY","Washington","County","","36115","False","True","58","County unit added for antique-era coverage. New York Wildlife Management Units replaced Deer Management Units after the 1997-98 season, so no pre-1998 item names a WMU. Counties coexist with the state's management units in this table - record whichever the artifact actually names.","2026-08-28"
"NY","Wayne","County","","36117","False","True","59","County unit added for antique-era coverage. New York Wildlife Management Units replaced Deer Management Units after the 1997-98 season, so no pre-1998 item names a WMU. Counties coexist with the state's management units in this table - record whichever the artifact actually names.","2026-08-28"
"NY","Westchester","County","","36119","False","True","60","County unit added for antique-era coverage. New York Wildlife Management Units replaced Deer Management Units after the 1997-98 season, so no pre-1998 item names a WMU. Counties coexist with the state's management units in this table - record whichever the artifact actually names.","2026-08-28"
"NY","Wyoming","County","","36121","False","True","61","County unit added for antique-era coverage. New York Wildlife Management Units replaced Deer Management Units after the 1997-98 season, so no pre-1998 item names a WMU. Counties coexist with the state's management units in this table - record whichever the artifact actually names.","2026-08-28"
"NY","Yates","County","","36123","False","True","62","County unit added for antique-era coverage. New York Wildlife Management Units replaced Deer Management Units after the 1997-98 season, so no pre-1998 item names a WMU. Counties coexist with the state's management units in this table - record whichever the artifact actually names.","2026-08-28"
"VT","Addison","County","","50001","False","True","1","County unit added for antique-era coverage. Vermont Wildlife Management Units were established in 1979; pre-1979 items cannot name one. Counties coexist with the state's management units in this table - record whichever the artifact actually names.","2026-08-28"
"VT","Bennington","County","","50003","False","True","2","County unit added for antique-era coverage. Vermont Wildlife Management Units were established in 1979; pre-1979 items cannot name one. Counties coexist with the state's management units in this table - record whichever the artifact actually names.","2026-08-28"
"VT","Caledonia","County","","50005","False","True","3","County unit added for antique-era coverage. Vermont Wildlife Management Units were established in 1979; pre-1979 items cannot name one. Counties coexist with the state's management units in this table - record whichever the artifact actually names.","2026-08-28"
"VT","Chittenden","County","","50007","False","True","4","County unit added for antique-era coverage. Vermont Wildlife Management Units were established in 1979; pre-1979 items cannot name one. Counties coexist with the state's management units in this table - record whichever the artifact actually names.","2026-08-28"
"VT","Essex","County","","50009","False","True","5","County unit added for antique-era coverage. Vermont Wildlife Management Units were established in 1979; pre-1979 items cannot name one. Counties coexist with the state's management units in this table - record whichever the artifact actually names.","2026-08-28"
"VT","Franklin","County","","50011","False","True","6","County unit added for antique-era coverage. Vermont Wildlife Management Units were established in 1979; pre-1979 items cannot name one. Counties coexist with the state's management units in this table - record whichever the artifact actually names.","2026-08-28"
"VT","Grand Isle","County","","50013","False","True","7","County unit added for antique-era coverage. Vermont Wildlife Management Units were established in 1979; pre-1979 items cannot name one. Counties coexist with the state's management units in this table - record whichever the artifact actually names.","2026-08-28"
"VT","Lamoille","County","","50015","False","True","8","County unit added for antique-era coverage. Vermont Wildlife Management Units were established in 1979; pre-1979 items cannot name one. Counties coexist with the state's management units in this table - record whichever the artifact actually names.","2026-08-28"
"VT","Orange","County","","50017","False","True","9","County unit added for antique-era coverage. Vermont Wildlife Management Units were established in 1979; pre-1979 items cannot name one. Counties coexist with the state's management units in this table - record whichever the artifact actually names.","2026-08-28"
"VT","Orleans","County","","50019","False","True","10","County unit added for antique-era coverage. Vermont Wildlife Management Units were established in 1979; pre-1979 items cannot name one. Counties coexist with the state's management units in this table - record whichever the artifact actually names.","2026-08-28"
"VT","Rutland","County","","50021","False","True","11","County unit added for antique-era coverage. Vermont Wildlife Management Units were established in 1979; pre-1979 items cannot name one. Counties coexist with the state's management units in this table - record whichever the artifact actually names.","2026-08-28"
"VT","Washington","County","","50023","False","True","12","County unit added for antique-era coverage. Vermont Wildlife Management Units were established in 1979; pre-1979 items cannot name one. Counties coexist with the state's management units in this table - record whichever the artifact actually names.","2026-08-28"
"VT","Windham","County","","50025","False","True","13","County unit added for antique-era coverage. Vermont Wildlife Management Units were established in 1979; pre-1979 items cannot name one. Counties coexist with the state's management units in this table - record whichever the artifact actually names.","2026-08-28"
"VT","Windsor","County","","50027","False","True","14","County unit added for antique-era coverage. Vermont Wildlife Management Units were established in 1979; pre-1979 items cannot name one. Counties coexist with the state's management units in this table - record whichever the artifact actually names.","2026-08-28"
"WY","Albany","County","","56001","False","True","1","County unit added for antique-era coverage. Wyoming Hunt Areas are modern, vary by species, and do not follow county boundaries. Counties coexist with the state's management units in this table - record whichever the artifact actually names.","2026-08-28"
"WY","Big Horn","County","","56003","False","True","2","County unit added for antique-era coverage. Wyoming Hunt Areas are modern, vary by species, and do not follow county boundaries. Counties coexist with the state's management units in this table - record whichever the artifact actually names.","2026-08-28"
"WY","Campbell","County","","56005","False","True","3","County unit added for antique-era coverage. Wyoming Hunt Areas are modern, vary by species, and do not follow county boundaries. Counties coexist with the state's management units in this table - record whichever the artifact actually names.","2026-08-28"
"WY","Carbon","County","","56007","False","True","4","County unit added for antique-era coverage. Wyoming Hunt Areas are modern, vary by species, and do not follow county boundaries. Counties coexist with the state's management units in this table - record whichever the artifact actually names.","2026-08-28"
"WY","Converse","County","","56009","False","True","5","County unit added for antique-era coverage. Wyoming Hunt Areas are modern, vary by species, and do not follow county boundaries. Counties coexist with the state's management units in this table - record whichever the artifact actually names.","2026-08-28"
"WY","Crook","County","","56011","False","True","6","County unit added for antique-era coverage. Wyoming Hunt Areas are modern, vary by species, and do not follow county boundaries. Counties coexist with the state's management units in this table - record whichever the artifact actually names.","2026-08-28"
"WY","Fremont","County","","56013","False","True","7","County unit added for antique-era coverage. Wyoming Hunt Areas are modern, vary by species, and do not follow county boundaries. Counties coexist with the state's management units in this table - record whichever the artifact actually names.","2026-08-28"
"WY","Goshen","County","","56015","False","True","8","County unit added for antique-era coverage. Wyoming Hunt Areas are modern, vary by species, and do not follow county boundaries. Counties coexist with the state's management units in this table - record whichever the artifact actually names.","2026-08-28"
"WY","Hot Springs","County","","56017","False","True","9","County unit added for antique-era coverage. Wyoming Hunt Areas are modern, vary by species, and do not follow county boundaries. Counties coexist with the state's management units in this table - record whichever the artifact actually names.","2026-08-28"
"WY","Johnson","County","","56019","False","True","10","County unit added for antique-era coverage. Wyoming Hunt Areas are modern, vary by species, and do not follow county boundaries. Counties coexist with the state's management units in this table - record whichever the artifact actually names.","2026-08-28"
"WY","Laramie","County","","56021","False","True","11","County unit added for antique-era coverage. Wyoming Hunt Areas are modern, vary by species, and do not follow county boundaries. Counties coexist with the state's management units in this table - record whichever the artifact actually names.","2026-08-28"
"WY","Lincoln","County","","56023","False","True","12","County unit added for antique-era coverage. Wyoming Hunt Areas are modern, vary by species, and do not follow county boundaries. Counties coexist with the state's management units in this table - record whichever the artifact actually names.","2026-08-28"
"WY","Natrona","County","","56025","False","True","13","County unit added for antique-era coverage. Wyoming Hunt Areas are modern, vary by species, and do not follow county boundaries. Counties coexist with the state's management units in this table - record whichever the artifact actually names.","2026-08-28"
"WY","Niobrara","County","","56027","False","True","14","County unit added for antique-era coverage. Wyoming Hunt Areas are modern, vary by species, and do not follow county boundaries. Counties coexist with the state's management units in this table - record whichever the artifact actually names.","2026-08-28"
"WY","Park","County","","56029","False","True","15","County unit added for antique-era coverage. Wyoming Hunt Areas are modern, vary by species, and do not follow county boundaries. Counties coexist with the state's management units in this table - record whichever the artifact actually names.","2026-08-28"
"WY","Platte","County","","56031","False","True","16","County unit added for antique-era coverage. Wyoming Hunt Areas are modern, vary by species, and do not follow county boundaries. Counties coexist with the state's management units in this table - record whichever the artifact actually names.","2026-08-28"
"WY","Sheridan","County","","56033","False","True","17","County unit added for antique-era coverage. Wyoming Hunt Areas are modern, vary by species, and do not follow county boundaries. Counties coexist with the state's management units in this table - record whichever the artifact actually names.","2026-08-28"
"WY","Sublette","County","","56035","False","True","18","County unit added for antique-era coverage. Wyoming Hunt Areas are modern, vary by species, and do not follow county boundaries. Counties coexist with the state's management units in this table - record whichever the artifact actually names.","2026-08-28"
"WY","Sweetwater","County","","56037","False","True","19","County unit added for antique-era coverage. Wyoming Hunt Areas are modern, vary by species, and do not follow county boundaries. Counties coexist with the state's management units in this table - record whichever the artifact actually names.","2026-08-28"
"WY","Teton","County","","56039","False","True","20","County unit added for antique-era coverage. Wyoming Hunt Areas are modern, vary by species, and do not follow county boundaries. Counties coexist with the state's management units in this table - record whichever the artifact actually names.","2026-08-28"
"WY","Uinta","County","","56041","False","True","21","County unit added for antique-era coverage. Wyoming Hunt Areas are modern, vary by species, and do not follow county boundaries. Counties coexist with the state's management units in this table - record whichever the artifact actually names.","2026-08-28"
"WY","Washakie","County","","56043","False","True","22","County unit added for antique-era coverage. Wyoming Hunt Areas are modern, vary by species, and do not follow county boundaries. Counties coexist with the state's management units in this table - record whichever the artifact actually names.","2026-08-28"
"WY","Weston","County","","56045","False","True","23","County unit added for antique-era coverage. Wyoming Hunt Areas are modern, vary by species, and do not follow county boundaries. Counties coexist with the state's management units in this table - record whichever the artifact actually names.","2026-08-28"
"VA","Elizabeth City County","County","","","False","True","137","HISTORICAL UNIT - abolished. One of Virginia's eight original 1634 shires; merged into the city of Hampton in 1952. VA licences from 1916-1952 can name Elizabeth City County. No FIPS code: FIPS 6-4 was not established until 1970, so jurisdictions that ceased before then never received one. Blank is correct, not missing.","2026-08-28"
"VA","Warwick","County","","","False","True","138","HISTORICAL UNIT - abolished. Warwick County until 1952, then the independent city of Warwick, consolidated into Newport News in 1958. Licences from 1916-1952 name the county and 1952-1958 the city. No FIPS code: FIPS 6-4 was not established until 1970, so jurisdictions that ceased before then never received one. Blank is correct, not missing.","2026-08-28"
"VA","Norfolk County","County","","","False","True","139","HISTORICAL UNIT - abolished. Created 1691 from Lower Norfolk; merged with the city of South Norfolk in 1963 to form the city of Chesapeake. Named with the County suffix because the independent city of Norfolk (51710) still exists and is a separate jurisdiction. No FIPS code: FIPS 6-4 was not established until 1970, so jurisdictions that ceased before then never received one. Blank is correct, not missing.","2026-08-28"
"VA","Princess Anne","County","","","False","True","140","HISTORICAL UNIT - abolished. Created 1691 from Lower Norfolk; merged into the city of Virginia Beach on 1 Jan 1963. VA licences from 1916-1963 can name Princess Anne County. No FIPS code: FIPS 6-4 was not established until 1970, so jurisdictions that ceased before then never received one. Blank is correct, not missing.","2026-08-28"
"VA","South Norfolk","Independent City","","","False","True","141","HISTORICAL UNIT - abolished. Independent city 1919-1963, then combined with Norfolk County to form the city of Chesapeake. No FIPS code: FIPS 6-4 was not established until 1970, so jurisdictions that ceased before then never received one. Blank is correct, not missing.","2026-08-28"
"VA","Nansemond","County","","","False","True","142","HISTORICAL UNIT - abolished. Nansemond County 1646-1972, then the independent city of Nansemond for eighteen months, consolidated into the city of Suffolk in 1974. Licences from 1916-1972 name the county. No FIPS code: FIPS 6-4 was not established until 1970, so jurisdictions that ceased before then never received one. Blank is correct, not missing.","2026-08-28"
"VA","South Boston","Independent City","","51780","False","True","143","HISTORICAL UNIT - abolished. Independent city until it reverted to town status in 1995 and returned to Halifax County. FIPS 51780 is annotated in the official FIPS table as 'After 1990, part of Halifax County'.","2026-08-28"
