"state_abbrev","license_class_name","residency","holder_eligibility","activity_scope","duration","approx_first_year","approx_last_year","was_issued_by_unit","notes","source_url","added_date","first_year_source"
"CO","Resident Annual Small Game License","Resident","General","General Hunting","Annual","1903","","False","Base small game hunting license for CO residents","https://cpw.state.co.us/hunting/big-game/qualifying-license","",""
"CO","Nonresident Annual Small Game License","Nonresident","General","General Hunting","Annual","1903","","False","Base small game hunting license for nonresidents","https://cpw.state.co.us/hunting/big-game/qualifying-license","",""
"CO","Youth Small Game License","Any","Youth","General Hunting","Annual","","","False","Available to hunters under 18","https://cpw.state.co.us/hunting/big-game/qualifying-license","",""
"CO","Resident Small Game and Fishing Combination","Resident","General","Combo Hunt+Fish","Annual","","","False","Combined small game hunting and fishing license","https://cpw.state.co.us/hunting/big-game/qualifying-license","",""
"CO","Resident Veteran Lifetime Combination License","Resident","Veteran","Combo Hunt+Fish","Lifetime","","","False","Lifetime combo for qualifying veterans","https://cpw.state.co.us/hunting/big-game/qualifying-license","",""
"CO","Mobility-Impaired Hunting License","Any","Disabled","General Hunting","Annual","","","False","For hunters with qualifying mobility impairments","https://cpw.state.co.us/hunting/big-game/qualifying-license","",""
"GA","Resident Hunting License","Resident","General","General Hunting","Annual","1911","","False","Base annual hunting license for GA residents","https://georgiawildlife.com/licenses-permits-passes/choose","",""
"GA","Nonresident Annual Hunting License","Nonresident","General","General Hunting","Annual","1911","","False","Annual license for nonresidents","https://georgiawildlife.com/licenses-permits-passes/choose","",""
"GA","Nonresident 1-Day Hunting License","Nonresident","General","General Hunting","1-day","","","False","Single-day nonresident hunting license","https://georgiawildlife.com/licenses-permits-passes/choose","",""
"GA","Nonresident 3-Day Hunting License","Nonresident","General","General Hunting","3-day","","","False","Three-day nonresident hunting license","https://georgiawildlife.com/licenses-permits-passes/choose","",""
"GA","Nonresident 7-Day Hunting License","Nonresident","General","General Hunting","7-day","","","False","Seven-day nonresident hunting license","https://georgiawildlife.com/licenses-permits-passes/choose","",""
"GA","Resident Sportsman's License","Resident","General","Sportsman","Annual","","","False","Includes hunting and fishing privileges","https://georgiawildlife.com/licenses-permits-passes/choose","",""
"GA","Nonresident Sportsman's License","Nonresident","General","Sportsman","Annual","","","False","Nonresident combo sportsman license","https://georgiawildlife.com/licenses-permits-passes/choose","",""
"GA","Resident Combination Hunt/Fish License","Resident","General","Combo Hunt+Fish","Annual","","","False","Resident combination hunting and fishing","https://georgiawildlife.com/licenses-permits-passes/choose","",""
"GA","Resident Optional Youth Sportsman's License","Resident","Youth","Sportsman","Annual","","","False","Optional sportsman license for resident youth","https://georgiawildlife.com/licenses-permits-passes/choose","",""
"GA","Lifetime Sportsman's License","Resident","General","Sportsman","Lifetime","","","False","Lifetime sportsman license for residents","https://georgiawildlife.com/licenses-permits-passes/choose","",""
"GA","Senior Lifetime Sportsman's License","Resident","Senior","Sportsman","Lifetime","","","False","Free lifetime for residents born before Jul 1 1952","https://georgiawildlife.com/licenses-permits-passes/choose","",""
"GA","Disability Hunting License","Any","Disabled","General Hunting","Annual","","","False","For qualifying disabled hunters","https://georgiawildlife.com/licenses-permits-passes/choose","",""
"GA","Honorary Veterans License","Any","Veteran","General Hunting","Annual","","","False","Honorary license for qualifying veterans","https://georgiawildlife.com/licenses-permits-passes/choose","",""
"IL","Resident Hunting License","Resident","General","General Hunting","Annual","1903","","False","Standard annual hunting license for IL residents. First issued Jun 11 1903.","https://dnr.illinois.gov/lpr/huntinglicensesfees.html","",""
"IL","Resident Youth Hunting and Trapping License","Resident","Youth","Trapping/Furbearer","Annual","","","False","Combo hunt and trap license for resident youth","https://dnr.illinois.gov/lpr/huntinglicensesfees.html","",""
"IL","Resident Combination Hunting/Fishing License","Resident","General","Combo Hunt+Fish","Annual","","","False","Resident combo hunting and fishing","https://dnr.illinois.gov/lpr/huntinglicensesfees.html","",""
"IL","Resident Senior Hunting License","Resident","Senior","General Hunting","Annual","","","False","Reduced-fee license for residents 65+","https://dnr.illinois.gov/lpr/huntinglicensesfees.html","",""
"IL","Nonresident Hunting License","Nonresident","General","General Hunting","Annual","1903","","False","Standard annual hunting license for nonresidents","https://dnr.illinois.gov/lpr/huntinglicensesfees.html","",""
"IL","Apprentice Hunting License","Any","Apprentice","General Hunting","Annual","","","False","For first-time hunters; must hunt with licensed adult","https://dnr.illinois.gov/lpr/huntinglicensesfees.html","",""
"IL","Resident Lifetime Hunting License","Resident","General","General Hunting","Lifetime","","","False","One-time purchase lifetime hunting license for residents","https://dnr.illinois.gov/lpr/huntinglicensesfees.html","",""
"IN","Resident Annual Hunting License","Resident","General","General Hunting","Annual","1901","","False","Standard annual hunting license for IN residents","https://www.in.gov/dnr/fish-and-wildlife/licenses-and-permits/license-fees/","",""
"IN","Resident Youth Consolidated Hunt/Trap License","Resident","Youth","Trapping/Furbearer","Annual","","","False","Youth combo hunting and trapping license","https://www.in.gov/dnr/fish-and-wildlife/licenses-and-permits/license-fees/","",""
"IN","Resident Hunting and Fishing Combination","Resident","General","Combo Hunt+Fish","Annual","","","False","Resident combo hunting and fishing","https://www.in.gov/dnr/fish-and-wildlife/licenses-and-permits/license-fees/","",""
"IN","DAV Hunting and Fishing License","Resident","Disabled","Combo Hunt+Fish","Annual","","","False","Disabled American Veteran combination license","https://www.in.gov/dnr/fish-and-wildlife/licenses-and-permits/license-fees/","",""
"IN","10-Year DAV Hunting and Fishing License","Resident","Disabled","Combo Hunt+Fish","Multi-year","","","False","10-year version of the DAV combo license","https://www.in.gov/dnr/fish-and-wildlife/licenses-and-permits/license-fees/","",""
"IN","Nonresident Annual Hunting License","Nonresident","General","General Hunting","Annual","1901","","False","Annual hunting license for nonresidents","https://www.in.gov/dnr/fish-and-wildlife/licenses-and-permits/license-fees/","",""
"IN","Nonresident Youth Annual Hunting License","Nonresident","Youth","General Hunting","Annual","","","False","Annual hunting license for nonresident youth","https://www.in.gov/dnr/fish-and-wildlife/licenses-and-permits/license-fees/","",""
"IN","Nonresident Five-Day Hunting License","Nonresident","General","General Hunting","5-day","","","False","Short-term five-day license for nonresidents","https://www.in.gov/dnr/fish-and-wildlife/licenses-and-permits/license-fees/","",""
"IA","Resident Hunting License","Resident","General","General Hunting","Annual","1909","","False","Standard annual hunting license for IA residents","https://www.iowadnr.gov/hunting/hunting-licenses-laws","",""
"IA","Resident Hunting/Habitat Fee Combination","Resident","General","General Hunting","Annual","","","False","Hunting license bundled with mandatory habitat fee","https://www.iowadnr.gov/hunting/hunting-licenses-laws","",""
"IA","Resident Outdoor Combination (Hunt+Fish+Habitat)","Resident","General","Combo Hunt+Fish","Annual","","","False","All-inclusive combo for residents","https://www.iowadnr.gov/hunting/hunting-licenses-laws","",""
"IA","Nonresident Hunting License","Nonresident","General","General Hunting","Annual","1909","","False","Annual hunting license for nonresidents","https://www.iowadnr.gov/hunting/hunting-licenses-laws","",""
"IA","Under 18 Hunting License","Any","Youth","General Hunting","Annual","","","False","Reduced-fee license for hunters under 18","https://www.iowadnr.gov/hunting/hunting-licenses-laws","",""
"IA","Lifetime Hunting License","Resident","General","General Hunting","Lifetime","","","False","One-time purchase lifetime license for residents","https://www.iowadnr.gov/hunting/hunting-licenses-laws","",""
"IA","Fur Harvester License","Resident","General","Trapping/Furbearer","Annual","","","False","License for fur-bearing animal harvest","https://www.iowadnr.gov/hunting/hunting-licenses-laws","",""
"IA","Trapping License","Any","General","Trapping/Furbearer","Annual","","","False","License for trapping activities","https://www.iowadnr.gov/hunting/hunting-licenses-laws","",""
"KS","Resident Annual Hunting License","Resident","General","General Hunting","Annual","1905","","False","Standard annual hunting license for KS residents","https://ksoutdoors.gov/Hunting/Applications-and-Fees/General","",""
"KS","Resident Senior Annual Hunting License","Resident","Senior","General Hunting","Annual","","","False","Reduced-fee license for residents 65+","https://ksoutdoors.gov/Hunting/Applications-and-Fees/General","",""
"KS","Resident Youth Multi-year Hunting License","Resident","Youth","General Hunting","Multi-year","","","False","Multi-year hunting license for resident youth","https://ksoutdoors.gov/Hunting/Applications-and-Fees/General","",""
"KS","Resident Annual Hunt/Fish Combination","Resident","General","Combo Hunt+Fish","Annual","","","False","Resident combo hunting and fishing","https://ksoutdoors.gov/Hunting/Applications-and-Fees/General","",""
"KS","Nonresident Annual Hunting License","Nonresident","General","General Hunting","Annual","1905","","False","Annual hunting license for nonresidents","https://ksoutdoors.gov/Hunting/Applications-and-Fees/General","",""
"KS","Lifetime Hunting License","Resident","General","General Hunting","Lifetime","","","False","One-time purchase lifetime license for residents","https://ksoutdoors.gov/Hunting/Applications-and-Fees/General","",""
"KS","Lifetime Hunt/Fish Combination","Resident","General","Combo Hunt+Fish","Lifetime","","","False","Lifetime combo hunting and fishing for residents","https://ksoutdoors.gov/Hunting/Applications-and-Fees/General","",""
"KS","Controlled Shooting Area License","Any","General","General Hunting","Annual","","","False","License for hunting at licensed controlled shooting areas","https://ksoutdoors.gov/Hunting/Applications-and-Fees/General","",""
"KS","National Guard Permit","Resident","Military","General Hunting","Annual","","","False","Reduced-fee permit for National Guard members","https://ksoutdoors.gov/Hunting/Applications-and-Fees/General","",""
"KS","Resident Furharvester License","Resident","General","Trapping/Furbearer","Annual","","","False","License for fur-bearing animal harvest","https://ksoutdoors.gov/Hunting/Applications-and-Fees/General","",""
"KY","Resident Hunting License","Resident","General","General Hunting","Annual","1912","","False","Standard annual hunting license for KY residents","https://fw.ky.gov/Licenses/Pages/default.aspx","",""
"KY","Nonresident Annual Hunting License","Nonresident","General","General Hunting","Annual","1912","","False","Annual hunting license for nonresidents","https://fw.ky.gov/Licenses/Pages/default.aspx","",""
"KY","1-Day Hunting License","Any","General","General Hunting","1-day","","","False","Single-day hunting license","https://fw.ky.gov/Licenses/Pages/default.aspx","",""
"KY","7-Day Small Game Hunting License","Any","General","General Hunting","7-day","","","False","Seven-day small game hunting license","https://fw.ky.gov/Licenses/Pages/default.aspx","",""
"KY","Nonresident 5-Day Hunting License","Nonresident","General","General Hunting","5-day","","","False","Five-day hunting license for nonresidents","https://fw.ky.gov/Licenses/Pages/default.aspx","",""
"KY","Jr. Hunting License (12-15)","Any","Junior","General Hunting","Annual","","","False","Junior hunting license for ages 12-15","https://fw.ky.gov/Licenses/Pages/default.aspx","",""
"KY","Combination Fishing and Hunting License","Any","General","Combo Hunt+Fish","Annual","","","False","Combined hunting and fishing license","https://fw.ky.gov/Licenses/Pages/default.aspx","",""
"KY","Sportsman License","Any","General","Sportsman","Annual","","","False","All-inclusive sportsman license","https://fw.ky.gov/Licenses/Pages/default.aspx","",""
"KY","Jr. Sportsman License","Any","Junior","Sportsman","Annual","","","False","Junior all-inclusive sportsman license","https://fw.ky.gov/Licenses/Pages/default.aspx","",""
"KY","Senior/Disabled License (65+)","Resident","Senior","General Hunting","Annual","","","False","Reduced-fee license for residents 65+ or disabled","https://fw.ky.gov/Licenses/Pages/default.aspx","",""
"KY","Senior Lifetime Sportsman's License","Resident","Senior","Sportsman","Lifetime","","","False","Lifetime sportsman license for qualifying seniors","https://fw.ky.gov/Licenses/Pages/default.aspx","",""
"KY","Resident Trapping License","Resident","General","Trapping/Furbearer","Annual","","","False","Annual trapping license for residents","https://fw.ky.gov/Licenses/Pages/default.aspx","",""
"ME","Resident Hunting License (Big Game)","Resident","General","General Hunting","Annual","1919","","False","Standard annual hunting license covering big game","https://www.maine.gov/ifw/hunting-trapping/hunting/laws-rules/licenses-permits.html","",""
"ME","Resident Small Game Hunting License","Resident","General","General Hunting","Annual","1919","","False","Resident license for small game only (no deer/bear)","https://www.maine.gov/ifw/hunting-trapping/hunting/laws-rules/licenses-permits.html","",""
"ME","Resident Archery Hunting License","Resident","General","General Hunting","Annual","","","False","Resident license for archery hunting","https://www.maine.gov/ifw/hunting-trapping/hunting/laws-rules/licenses-permits.html","",""
"ME","Resident Combination Fish/Hunt License","Resident","General","Combo Hunt+Fish","Annual","","","False","Resident combo hunting and fishing license","https://www.maine.gov/ifw/hunting-trapping/hunting/laws-rules/licenses-permits.html","",""
"ME","Resident Super Pack License","Resident","General","Sportsman","Annual","","","False","All-inclusive license bundle for residents at approximately $212","https://www.maine.gov/ifw/hunting-trapping/hunting/laws-rules/licenses-permits.html","",""
"ME","Nonresident Hunting License","Nonresident","General","General Hunting","Annual","1903","","False","Standard annual hunting license for nonresidents","https://www.maine.gov/ifw/hunting-trapping/hunting/laws-rules/licenses-permits.html","",""
"ME","Nonresident 3-Day Small Game License","Nonresident","General","General Hunting","3-day","","","False","Three-day small game license for nonresidents","https://www.maine.gov/ifw/hunting-trapping/hunting/laws-rules/licenses-permits.html","",""
"ME","Nonresident Alien Hunting License","Nonresident","General","General Hunting","Annual","","","False","For non-US citizen nonresident hunters","https://www.maine.gov/ifw/hunting-trapping/hunting/laws-rules/licenses-permits.html","",""
"ME","Junior Hunting License (under 16)","Any","Junior","General Hunting","Annual","","","False","Hunting license for hunters under age 16","https://www.maine.gov/ifw/hunting-trapping/hunting/laws-rules/licenses-permits.html","",""
"ME","Apprentice Hunting License","Any","Apprentice","General Hunting","Annual","","","False","For first-time hunters; must hunt with licensed mentor","https://www.maine.gov/ifw/hunting-trapping/hunting/laws-rules/licenses-permits.html","",""
"ME","Lifetime License","Resident","General","General Hunting","Lifetime","","","False","Age-tiered pricing; available for residents","https://www.maine.gov/ifw/hunting-trapping/hunting/laws-rules/licenses-permits.html","",""
"ME","Complimentary License","Any","Disabled","General Hunting","Annual","","","False","Free license for 50%+ disabled veterans and tribal members","https://www.maine.gov/ifw/hunting-trapping/hunting/laws-rules/licenses-permits.html","",""
"MD","Resident Regular Hunting License","Resident","General","General Hunting","Annual","1910","","False","Standard annual hunting license for MD residents. County-based until ~1916-18.","https://dnr.maryland.gov/pages/service_hunting_license.aspx","",""
"MD","Resident Junior Hunting License","Resident","Junior","General Hunting","Annual","","","False","Reduced-fee license for resident youth under 16","https://dnr.maryland.gov/pages/service_hunting_license.aspx","",""
"MD","Resident Senior Hunting License","Resident","Senior","General Hunting","Annual","","","False","Reduced-fee license for residents 65+","https://dnr.maryland.gov/pages/service_hunting_license.aspx","",""
"MD","Nonresident Hunting License","Nonresident","General","General Hunting","Annual","1910","","False","Annual hunting license for nonresidents","https://dnr.maryland.gov/pages/service_hunting_license.aspx","",""
"MD","Nonresident Junior Hunting License","Nonresident","Junior","General Hunting","Annual","","","False","Nonresident license for youth hunters","https://dnr.maryland.gov/pages/service_hunting_license.aspx","",""
"MD","Nonresident Senior Hunting License","Nonresident","Senior","General Hunting","Annual","","","False","Nonresident license for senior hunters","https://dnr.maryland.gov/pages/service_hunting_license.aspx","",""
"MD","Nonresident 3-Day Waterfowl and Small Game License","Nonresident","General","Waterfowl/Migratory","3-day","","","False","Short-term nonresident license focused on waterfowl","https://dnr.maryland.gov/pages/service_hunting_license.aspx","",""
"MD","Nonresident Trapping License","Nonresident","General","Trapping/Furbearer","Annual","","","False","Annual trapping license for nonresidents","https://dnr.maryland.gov/pages/service_hunting_license.aspx","",""
"MD","Resident Apprentice Hunting License","Resident","Apprentice","General Hunting","Annual","","","False","For first-time resident hunters","https://dnr.maryland.gov/pages/service_hunting_license.aspx","",""
"MD","Complimentary Lifetime License","Any","Disabled","General Hunting","Lifetime","","","False","Free lifetime for 100% disabled veterans and POWs","https://dnr.maryland.gov/pages/service_hunting_license.aspx","",""
"MI","Resident Base License","Resident","General","General Hunting","Annual","1895","","False","Required base license before purchasing species-specific licenses","https://www.eregulations.com/michigan/hunting/licenses-fees","",""
"MI","Nonresident Base License","Nonresident","General","General Hunting","Annual","1895","","False","Required base license for nonresidents","https://www.eregulations.com/michigan/hunting/licenses-fees","",""
"MI","Senior Hunting License","Resident","Senior","General Hunting","Annual","","","False","Reduced-fee base license for residents 65+","https://www.eregulations.com/michigan/hunting/licenses-fees","",""
"MI","Mentored Youth License","Any","Youth","General Hunting","Annual","","","False","For youth hunters hunting under direct adult supervision","https://www.eregulations.com/michigan/hunting/licenses-fees","",""
"MI","Hunt/Fish Combination License","Resident","General","Combo Hunt+Fish","Annual","","","False","Resident combo hunting and fishing","https://www.eregulations.com/michigan/hunting/licenses-fees","",""
"MI","Lifetime Comprehensive Hunt/Fish License","Resident","General","Combo Hunt+Fish","Lifetime","","","False","One-time purchase lifetime combo for residents","https://www.eregulations.com/michigan/hunting/licenses-fees","",""
"MI","Fur Harvester License","Any","General","Trapping/Furbearer","Annual","","","False","License for trapping and fur harvesting","https://www.eregulations.com/michigan/hunting/licenses-fees","",""
"MI","Nonresident 7-Day Small Game License","Nonresident","General","General Hunting","7-day","","","False","Seven-day small game license for nonresidents","https://www.eregulations.com/michigan/hunting/licenses-fees","",""
"MI","Nonresident 3-Day Small Game License","Nonresident","General","General Hunting","3-day","","","False","Three-day small game license for nonresidents","https://www.eregulations.com/michigan/hunting/licenses-fees","",""
"MN","Resident Small Game License","Resident","General","General Hunting","Annual","1899","","False","Base small game hunting license for MN residents. MN has species-specific licensing.","https://www.eregulations.com/minnesota/hunting/hunting-licenses-and-fees","",""
"MN","Nonresident Small Game License","Nonresident","General","General Hunting","Annual","1899","","False","Base small game hunting license for nonresidents","https://www.eregulations.com/minnesota/hunting/hunting-licenses-and-fees","",""
"MN","Resident Firearm Deer License","Resident","General","Big Game","Annual","","","True","Deer license specific to declared Deer Permit Area (DPA)","https://www.eregulations.com/minnesota/hunting/hunting-licenses-and-fees","",""
"MN","Resident Archery Deer License","Resident","General","Big Game","Annual","","","True","Archery deer license; DPA declared at purchase","https://www.eregulations.com/minnesota/hunting/hunting-licenses-and-fees","",""
"MN","Resident Muzzleloader Deer License","Resident","General","Big Game","Annual","","","True","Muzzleloader deer license; DPA declared at purchase","https://www.eregulations.com/minnesota/hunting/hunting-licenses-and-fees","",""
"MN","Sporting License (Combination)","Resident","General","Sportsman","Annual","","","False","Combo license covering multiple species/activities","https://www.eregulations.com/minnesota/hunting/hunting-licenses-and-fees","",""
"MN","Super Sports License","Resident","General","Sportsman","Annual","","","False","All-inclusive super sportsman license","https://www.eregulations.com/minnesota/hunting/hunting-licenses-and-fees","",""
"MN","Youth Small Game License","Any","Youth","General Hunting","Annual","","","False","Small game license for hunters under 18","https://www.eregulations.com/minnesota/hunting/hunting-licenses-and-fees","",""
"MN","Bear License","Any","General","Big Game","Annual","","","False","Black bear hunting license","https://www.eregulations.com/minnesota/hunting/hunting-licenses-and-fees","",""
"MN","Turkey License","Any","General","Big Game","Annual","","","False","Wild turkey hunting license","https://www.eregulations.com/minnesota/hunting/hunting-licenses-and-fees","",""
"MN","Trapping License","Any","General","Trapping/Furbearer","Annual","","","False","License for trapping furbearers","https://www.eregulations.com/minnesota/hunting/hunting-licenses-and-fees","",""
"MO","Resident Small Game Hunting Permit","Resident","General","General Hunting","Annual","1913","","False","MO uses 'permits' not 'licenses'. Base small game permit for residents.","https://mdc.mo.gov/permits/hunting-permits","",""
"MO","Resident Hunting and Fishing Permit","Resident","General","Combo Hunt+Fish","Annual","","","False","Resident combo hunting and fishing permit","https://mdc.mo.gov/permits/hunting-permits","",""
"MO","Resident Lifetime Small Game Hunting Permit","Resident","General","General Hunting","Lifetime","","","False","Lifetime small game permit for residents","https://mdc.mo.gov/permits/hunting-permits","",""
"MO","Resident Lifetime Conservation Partner Permit","Resident","General","Combo Hunt+Fish","Lifetime","","","False","All-inclusive lifetime permit for residents","https://mdc.mo.gov/permits/hunting-permits","",""
"MO","Nonresident Small Game Hunting Permit","Nonresident","General","General Hunting","Annual","1913","","False","Base small game permit for nonresidents","https://mdc.mo.gov/permits/hunting-permits","",""
"MO","Apprentice Hunter Authorization","Any","Apprentice","General Hunting","Annual","","","False","For first-time hunters; must hunt with licensed adult","https://mdc.mo.gov/permits/hunting-permits","",""
"MO","Military Reduced Cost Permit","Any","Military","General Hunting","Annual","","","False","Reduced-cost hunting permit for active military","https://mdc.mo.gov/permits/hunting-permits","",""
"MT","Conservation License","Any","General","General Hunting","Annual","1905","","False","Prerequisite for all other licenses; required before purchasing any species license","https://fwp.mt.gov/buyandapply/hunting-licenses/resident-licenses/fees","",""
"MT","Base Hunting License","Any","General","General Hunting","Annual","1905","","False","Second prerequisite; required before species-specific licenses","https://fwp.mt.gov/buyandapply/hunting-licenses/resident-licenses/fees","",""
"MT","Sportsman License (with Bear)","Resident","General","Sportsman","Annual","","","False","Comprehensive license bundle including black bear","https://fwp.mt.gov/buyandapply/hunting-licenses/resident-licenses/fees","",""
"MT","Sportsman License (without Bear)","Resident","General","Sportsman","Annual","","","False","Comprehensive license bundle excluding bear","https://fwp.mt.gov/buyandapply/hunting-licenses/resident-licenses/fees","",""
"MT","General Deer License","Any","General","Big Game","Annual","","","True","General deer license; hunting district declared","https://fwp.mt.gov/buyandapply/hunting-licenses/resident-licenses/fees","",""
"MT","General Elk License","Any","General","Big Game","Annual","","","True","General elk license; hunting district declared","https://fwp.mt.gov/buyandapply/hunting-licenses/resident-licenses/fees","",""
"MT","Antelope License (Draw)","Any","General","Big Game","Annual","","","True","Limited entry antelope license via draw","https://fwp.mt.gov/buyandapply/hunting-licenses/resident-licenses/fees","",""
"MT","Deer B License","Any","General","Big Game","Annual","","","True","Secondary antlerless deer license for specific districts","https://fwp.mt.gov/buyandapply/hunting-licenses/resident-licenses/fees","",""
"MT","Elk B License","Any","General","Big Game","Annual","","","True","Secondary antlerless elk license for specific districts","https://fwp.mt.gov/buyandapply/hunting-licenses/resident-licenses/fees","",""
"MT","Black Bear License","Any","General","Big Game","Annual","","","False","Black bear hunting license","https://fwp.mt.gov/buyandapply/hunting-licenses/resident-licenses/fees","",""
"MT","Turkey License","Any","General","Big Game","Annual","","","False","Wild turkey hunting license","https://fwp.mt.gov/buyandapply/hunting-licenses/resident-licenses/fees","",""
"MT","Upland Game Bird License","Any","General","General Hunting","Annual","","","False","License covering upland birds (pheasant grouse partridge)","https://fwp.mt.gov/buyandapply/hunting-licenses/resident-licenses/fees","",""
"MT","Mountain Lion License","Any","General","Big Game","Annual","","","False","Mountain lion hunting license","https://fwp.mt.gov/buyandapply/hunting-licenses/resident-licenses/fees","",""
"NH","Resident Hunting License","Resident","General","General Hunting","Annual","1909","","False","Standard annual hunting license for NH residents","https://www.wildlife.nh.gov/licenses-and-permits/nh-license-requirements","",""
"NH","Resident Combination Hunting and Fishing License","Resident","General","Combo Hunt+Fish","Annual","","","False","Resident combo hunting and fishing","https://www.wildlife.nh.gov/licenses-and-permits/nh-license-requirements","",""
"NH","Nonresident Hunting License","Nonresident","General","General Hunting","Annual","1909","","False","Annual hunting license for nonresidents","https://www.wildlife.nh.gov/licenses-and-permits/nh-license-requirements","",""
"NH","Nonresident Small Game License","Nonresident","General","General Hunting","Annual","","","False","Small game only license for nonresidents","https://www.wildlife.nh.gov/licenses-and-permits/nh-license-requirements","",""
"NH","Nonresident 3-Day Small Game License","Nonresident","General","General Hunting","3-day","","","False","Three-day small game license for nonresidents","https://www.wildlife.nh.gov/licenses-and-permits/nh-license-requirements","",""
"NH","Senior Combination License (68+)","Resident","Senior","Combo Hunt+Fish","Annual","","","False","Reduced-fee combo for residents 68+","https://www.wildlife.nh.gov/licenses-and-permits/nh-license-requirements","",""
"NH","Permanent/Milestone License","Resident","Senior","General Hunting","Lifetime","","","False","Free license for NH residents born 1947 or earlier","https://www.wildlife.nh.gov/licenses-and-permits/nh-license-requirements","",""
"NH","Lifetime License","Resident","General","General Hunting","Lifetime","","","False","Age-tiered lifetime license for residents. Newborn combo available for $300.","https://www.wildlife.nh.gov/licenses-and-permits/nh-license-requirements","",""
"NH","Apprentice Hunting License","Any","Apprentice","General Hunting","Annual","","","False","For first-time hunters; must hunt with licensed mentor","https://www.wildlife.nh.gov/licenses-and-permits/nh-license-requirements","",""
"NH","Disabled Veteran/Paraplegic License","Any","Disabled","General Hunting","Annual","","","False","Free license for qualifying disabled veterans and paraplegics","https://www.wildlife.nh.gov/licenses-and-permits/nh-license-requirements","",""
"NY","Resident Hunting License","Resident","General","General Hunting","Annual","1908","","False","Standard annual hunting license for NY residents","https://dec.ny.gov/regulatory/permits-licenses/sporting-and-use/sporting/hunting-license","",""
"NY","Nonresident Hunting License","Nonresident","General","General Hunting","Annual","1908","","False","Annual hunting license for nonresidents","https://dec.ny.gov/regulatory/permits-licenses/sporting-and-use/sporting/hunting-license","",""
"NY","Resident Junior Hunting License (12-15)","Resident","Junior","General Hunting","Annual","","","False","Reduced-fee license for resident hunters ages 12-15","https://dec.ny.gov/regulatory/permits-licenses/sporting-and-use/sporting/hunting-license","",""
"NY","Nonresident Junior Hunting License","Nonresident","Junior","General Hunting","Annual","","","False","Junior hunting license for nonresident youth","https://dec.ny.gov/regulatory/permits-licenses/sporting-and-use/sporting/hunting-license","",""
"NY","Lifetime Hunting License","Resident","General","General Hunting","Lifetime","","","False","Must be purchased under age 16; valid for life","https://dec.ny.gov/regulatory/permits-licenses/sporting-and-use/sporting/hunting-license","",""
"NY","Sportsman License","Any","General","Sportsman","Annual","","","False","Includes hunting plus archery and muzzleloading privileges","https://dec.ny.gov/regulatory/permits-licenses/sporting-and-use/sporting/hunting-license","",""
"NY","Active Military Free Hunting License","Any","Military","General Hunting","Annual","","","False","Free hunting license for active duty military","https://dec.ny.gov/regulatory/permits-licenses/sporting-and-use/sporting/hunting-license","",""
"NY","Disabled Veteran (40%+) Free License","Any","Veteran","General Hunting","Annual","","","False","Free license for veterans with 40%+ disability rating","https://dec.ny.gov/regulatory/permits-licenses/sporting-and-use/sporting/hunting-license","",""
"NY","Senior (70+) Free License","Resident","Senior","General Hunting","Annual","","","False","Free hunting license for NY residents age 70 and older","https://dec.ny.gov/regulatory/permits-licenses/sporting-and-use/sporting/hunting-license","",""
"NY","Legally Blind Free License","Any","Disabled","General Hunting","Annual","","","False","Free hunting license for legally blind hunters","https://dec.ny.gov/regulatory/permits-licenses/sporting-and-use/sporting/hunting-license","",""
"NC","Resident State Hunting License","Resident","General","General Hunting","Annual","1935","","False","Base annual hunting license for NC residents","https://www.ncwildlife.gov/hunting/hunting-licenses","",""
"NC","Resident Comprehensive Hunting License","Resident","General","General Hunting","Annual","","","False","Adds big game and waterfowl to base; equivalent to full hunting license","https://www.ncwildlife.gov/hunting/hunting-licenses","",""
"NC","Nonresident State Hunting License","Nonresident","General","General Hunting","Annual","1935","","False","Annual hunting license for nonresidents","https://www.ncwildlife.gov/hunting/hunting-licenses","",""
"NC","Nonresident 10-Day Hunting License","Nonresident","General","General Hunting","10-day","","","False","Short-term 10-day license for nonresidents; reciprocal with GA/SC/TN/VA","https://www.ncwildlife.gov/hunting/hunting-licenses","",""
"NC","Resident Sportsman License","Resident","General","Sportsman","Annual","","","False","All-inclusive annual sportsman license for residents","https://www.ncwildlife.gov/hunting/hunting-licenses","",""
"NC","Resident Unified Sportsman License","Resident","General","Sportsman","Annual","","","False","Comprehensive all-activities license for residents","https://www.ncwildlife.gov/hunting/hunting-licenses","",""
"NC","Lifetime Comprehensive Hunting License","Resident","General","General Hunting","Lifetime","","","False","One-time purchase lifetime license for residents","https://www.ncwildlife.gov/hunting/hunting-licenses","",""
"NC","Senior Sportsman License (Lifetime)","Resident","Senior","Sportsman","Lifetime","","","False","Lifetime sportsman license for qualifying seniors","https://www.ncwildlife.gov/hunting/hunting-licenses","",""
"NC","Totally Disabled Sportsman License","Any","Disabled","Sportsman","Annual","","","False","Free annual sportsman license for totally disabled hunters","https://www.ncwildlife.gov/hunting/hunting-licenses","",""
"NC","Disabled Veteran Sportsman License","Any","Veteran","Sportsman","Annual","","","False","Free annual sportsman license for qualifying disabled veterans","https://www.ncwildlife.gov/hunting/hunting-licenses","",""
"NC","State Trapping License","Any","General","Trapping/Furbearer","Annual","","","False","License for trapping furbearing animals","https://www.ncwildlife.gov/hunting/hunting-licenses","",""
"NC","Falconry Hunting License","Any","General","Other","Annual","","","False","License for hunting with falconry; Other activity scope as it is specialized","https://www.ncwildlife.gov/hunting/hunting-licenses","",""
"OH","Resident Hunting License","Resident","General","General Hunting","Annual","1913","","False","Standard annual hunting license for OH residents. First issued Sep 27 1913.","https://wildlife.ohiodnr.gov/","",""
"OH","Nonresident Hunting License","Nonresident","General","General Hunting","Annual","1913","","False","Annual hunting license for nonresidents","https://wildlife.ohiodnr.gov/","",""
"OH","One-Day Nonresident Hunting License","Nonresident","General","General Hunting","1-day","","","False","Single-day hunting license for nonresidents","https://wildlife.ohiodnr.gov/","",""
"OH","Youth Hunting License","Any","Youth","General Hunting","Annual","","","False","Reduced-fee license for hunters under 18","https://wildlife.ohiodnr.gov/","",""
"OH","Senior Hunting License","Resident","Senior","General Hunting","Annual","","","False","Reduced-fee license for residents 65+","https://wildlife.ohiodnr.gov/","",""
"OH","Free Senior Hunting License","Resident","Senior","General Hunting","Annual","","","False","Free license for residents born on/before Dec 31 1937","https://wildlife.ohiodnr.gov/","",""
"OH","Disabled Veteran Hunting License","Any","Veteran","General Hunting","Annual","","","False","Free or reduced-fee license for qualifying disabled veterans","https://wildlife.ohiodnr.gov/","",""
"OH","Multi-year Hunting License (3-year)","Resident","General","General Hunting","Multi-year","","","False","Three-year hunting license for residents","https://wildlife.ohiodnr.gov/","",""
"OH","Multi-year Hunting License (5-year)","Resident","General","General Hunting","Multi-year","","","False","Five-year hunting license for residents","https://wildlife.ohiodnr.gov/","",""
"OH","Multi-year Hunting License (10-year)","Resident","General","General Hunting","Multi-year","","","False","Ten-year hunting license for residents","https://wildlife.ohiodnr.gov/","",""
"OH","Adult Lifetime Hunting License","Resident","General","General Hunting","Lifetime","","","False","Lifetime hunting license for adult residents","https://wildlife.ohiodnr.gov/","",""
"OH","Youth Lifetime Hunting License","Resident","Youth","General Hunting","Lifetime","","","False","Lifetime hunting license for residents under 18","https://wildlife.ohiodnr.gov/","",""
"OH","Senior Lifetime Hunting License","Resident","Senior","General Hunting","Lifetime","","","False","Lifetime hunting license for residents 65+","https://wildlife.ohiodnr.gov/","",""
"OH","Apprentice Hunting License","Any","Apprentice","General Hunting","Annual","","","False","For first-time hunters; must hunt with licensed mentor","https://wildlife.ohiodnr.gov/","",""
"PA","Resident Adult Hunting License","Resident","General","General Hunting","Annual","1913","","False","Standard annual hunting license for PA residents. First sold in 1913 for $1.","https://www.pa.gov/agencies/pgc/huntingandtrapping/licenses-and-permits/license-types","",""
"PA","Resident Junior Hunting License","Resident","Junior","General Hunting","Annual","1913","","False","Reduced-fee annual license for resident hunters under 17","https://www.pa.gov/agencies/pgc/huntingandtrapping/licenses-and-permits/license-types","",""
"PA","Resident Senior Hunting License","Resident","Senior","General Hunting","Annual","","","False","Reduced-fee license for resident hunters 65+","https://www.pa.gov/agencies/pgc/huntingandtrapping/licenses-and-permits/license-types","",""
"PA","Resident Senior Lifetime Hunting License","Resident","Senior","General Hunting","Lifetime","","","False","Lifetime hunting license for qualifying senior residents","https://www.pa.gov/agencies/pgc/huntingandtrapping/licenses-and-permits/license-types","",""
"PA","Nonresident Adult Hunting License","Nonresident","General","General Hunting","Annual","1913","","False","Annual hunting license for nonresident adults","https://www.pa.gov/agencies/pgc/huntingandtrapping/licenses-and-permits/license-types","",""
"PA","Nonresident 7-Day Small Game License","Nonresident","General","General Hunting","7-day","","","False","Seven-day small game license for nonresidents","https://www.pa.gov/agencies/pgc/huntingandtrapping/licenses-and-permits/license-types","",""
"PA","Resident Furtaker License","Resident","General","Trapping/Furbearer","Annual","","","False","Annual trapping/fur harvesting license for residents","https://www.pa.gov/agencies/pgc/huntingandtrapping/licenses-and-permits/license-types","",""
"PA","Nonresident Furtaker License","Nonresident","General","Trapping/Furbearer","Annual","","","False","Annual trapping/fur harvesting license for nonresidents","https://www.pa.gov/agencies/pgc/huntingandtrapping/licenses-and-permits/license-types","",""
"PA","Resident Junior Combination License","Resident","Junior","Combo Hunt+Fish","Annual","","","False","Combo hunting and fishing license for resident junior hunters","https://www.pa.gov/agencies/pgc/huntingandtrapping/licenses-and-permits/license-types","",""
"PA","Mentored Youth Permit","Resident","Youth","General Hunting","Annual","","","False","For youth hunters hunting under direct adult supervision","https://www.pa.gov/agencies/pgc/huntingandtrapping/licenses-and-permits/license-types","",""
"PA","Resident Disabled Veteran Hunting License","Resident","Veteran","General Hunting","Annual","","","False","Free or reduced-fee license for qualifying disabled veteran residents","https://www.pa.gov/agencies/pgc/huntingandtrapping/licenses-and-permits/license-types","",""
"PA","Resident Military Hunting License","Resident","Military","General Hunting","Annual","","","False","Reduced-fee license for qualifying active military residents","https://www.pa.gov/agencies/pgc/huntingandtrapping/licenses-and-permits/license-types","",""
"TN","Resident Junior Hunt/Fish/Trap License","Resident","Junior","Sportsman","Annual","","","False","All-inclusive license for resident youth","https://www.tn.gov/twra/license-sales.html","",""
"TN","Resident Combination Hunt/Fish License","Resident","General","Combo Hunt+Fish","Annual","1920","","False","Standard resident hunting and fishing combination","https://www.tn.gov/twra/license-sales.html","",""
"TN","Resident Annual Sportsman License","Resident","General","Sportsman","Annual","","","False","All-inclusive annual sportsman license for residents","https://www.tn.gov/twra/license-sales.html","",""
"TN","Resident Senior Sportsman License (65+)","Resident","Senior","Sportsman","Annual","","","False","Reduced-fee sportsman license for residents 65+","https://www.tn.gov/twra/license-sales.html","",""
"TN","Resident Senior Citizen Hunt/Fish/Trap License","Resident","Senior","Sportsman","Annual","","","False","Full combo license for senior residents","https://www.tn.gov/twra/license-sales.html","",""
"TN","Resident Permanent Senior Citizen License","Resident","Senior","Sportsman","Lifetime","","","False","Permanent (lifetime) license for qualifying senior residents","https://www.tn.gov/twra/license-sales.html","",""
"TN","Resident Lifetime Sportsman License","Resident","General","Sportsman","Lifetime","","","False","One-time purchase lifetime sportsman license for residents","https://www.tn.gov/twra/license-sales.html","",""
"TN","Nonresident 7-Day All Game License","Nonresident","General","Sportsman","7-day","","","False","Seven-day all-game license for nonresidents","https://www.tn.gov/twra/license-sales.html","",""
"TN","Nonresident Annual All Game License","Nonresident","General","Sportsman","Annual","","","False","Annual all-game license for nonresidents","https://www.tn.gov/twra/license-sales.html","",""
"TN","Nonresident 7-Day Hunt/Small Game/Waterfowl","Nonresident","General","General Hunting","7-day","","","False","Seven-day small game and waterfowl license for nonresidents","https://www.tn.gov/twra/license-sales.html","",""
"TN","Nonresident Annual Hunt/Small Game/Waterfowl","Nonresident","General","General Hunting","Annual","","","False","Annual small game and waterfowl license for nonresidents","https://www.tn.gov/twra/license-sales.html","",""
"TN","Apprentice Hunter Education Permit","Any","Apprentice","General Hunting","Annual","","","False","For first-time hunters prior to completing hunter education","https://www.tn.gov/twra/license-sales.html","",""
"TN","Nonresident Native Tennessean License","Nonresident","General","General Hunting","Annual","","","False","Nonresidents born in TN receive resident rates","https://www.tn.gov/twra/license-sales.html","",""
"TN","Disabled Veteran Hunting and Fishing License","Any","Veteran","Combo Hunt+Fish","Annual","","","False","Reduced-fee combo license for qualifying disabled veterans","https://www.tn.gov/twra/license-sales.html","",""
"TN","Wheelchair Hunt/Fish License","Any","Disabled","Combo Hunt+Fish","Annual","","","False","For hunters using wheelchairs or with qualifying mobility impairments","https://www.tn.gov/twra/license-sales.html","",""
"TX","Resident General Hunting License","Resident","General","General Hunting","Annual","1909","","False","Standard annual hunting license for TX residents","https://tpwd.texas.gov/regulations/outdoor-annual/licenses/hunting-licenses-and-permits/hunting-licenses","",""
"TX","Nonresident General Hunting License","Nonresident","General","General Hunting","Annual","1909","","False","Annual hunting license for nonresidents","https://tpwd.texas.gov/regulations/outdoor-annual/licenses/hunting-licenses-and-permits/hunting-licenses","",""
"TX","Nonresident Special 5-Day Small Game License","Nonresident","General","General Hunting","5-day","","","False","Five-day small game license for nonresidents","https://tpwd.texas.gov/regulations/outdoor-annual/licenses/hunting-licenses-and-permits/hunting-licenses","",""
"TX","Senior Resident Hunting License","Resident","Senior","General Hunting","Annual","","","False","Reduced-fee license for resident hunters 65+","https://tpwd.texas.gov/regulations/outdoor-annual/licenses/hunting-licenses-and-permits/hunting-licenses","",""
"TX","Youth Hunting License","Any","Youth","General Hunting","Annual","","","False","Reduced-fee license for hunters under 17","https://tpwd.texas.gov/regulations/outdoor-annual/licenses/hunting-licenses-and-permits/hunting-licenses","",""
"TX","Lifetime Hunting License","Resident","General","General Hunting","Lifetime","","","False","One-time purchase lifetime hunting license for residents","https://tpwd.texas.gov/regulations/outdoor-annual/licenses/hunting-licenses-and-permits/hunting-licenses","",""
"TX","Disabled Veteran Hunting License","Any","Veteran","General Hunting","Annual","","","False","Free or reduced-fee license for qualifying disabled veterans","https://tpwd.texas.gov/regulations/outdoor-annual/licenses/hunting-licenses-and-permits/hunting-licenses","",""
"TX","Resident Super Combo License","Resident","General","Sportsman","Annual","","","False","All-inclusive combo covering hunting fishing and endorsements","https://tpwd.texas.gov/regulations/outdoor-annual/licenses/hunting-licenses-and-permits/hunting-licenses","",""
"TX","Nonresident Super Combo License","Nonresident","General","Sportsman","Annual","","","False","All-inclusive combo for nonresidents","https://tpwd.texas.gov/regulations/outdoor-annual/licenses/hunting-licenses-and-permits/hunting-licenses","",""
"TX","Trapper's License","Any","General","Trapping/Furbearer","Annual","","","False","License for trapping furbearing animals","https://tpwd.texas.gov/regulations/outdoor-annual/licenses/hunting-licenses-and-permits/hunting-licenses","",""
"VT","Resident Hunting License","Resident","General","General Hunting","Annual","1908","","False","Standard annual hunting license for VT residents","https://www.eregulations.com/vermont/hunting/license-information","",""
"VT","Nonresident Hunting License","Nonresident","General","General Hunting","Annual","1908","","False","Annual hunting license for nonresidents","https://www.eregulations.com/vermont/hunting/license-information","",""
"VT","Resident Combination Hunting and Fishing License","Resident","General","Combo Hunt+Fish","Annual","","","False","Resident combo hunting and fishing","https://www.eregulations.com/vermont/hunting/license-information","",""
"VT","Youth Hunting License (under 18)","Any","Youth","General Hunting","Annual","","","False","Reduced-fee license for hunters under 18","https://www.eregulations.com/vermont/hunting/license-information","",""
"VT","Mentored Hunting License","Any","Apprentice","General Hunting","Annual","","","False","For first-time hunters hunting under direct adult mentorship","https://www.eregulations.com/vermont/hunting/license-information","",""
"VT","Permanent License (66+)","Resident","Senior","General Hunting","Lifetime","","","False","One-time $60 permanent license for residents 66+","https://www.eregulations.com/vermont/hunting/license-information","",""
"VT","Lifetime License","Resident","General","General Hunting","Lifetime","","","False","Age-tiered pricing lifetime license for residents","https://www.eregulations.com/vermont/hunting/license-information","",""
"VT","Trapping License","Any","General","Trapping/Furbearer","Annual","","","False","Annual license for trapping furbearing animals","https://www.eregulations.com/vermont/hunting/license-information","",""
"VT","Free License (Paraplegic)","Any","Disabled","General Hunting","Annual","","","False","Free annual license for paraplegic hunters","https://www.eregulations.com/vermont/hunting/license-information","",""
"VT","Free License (60%+ Disabled Veteran)","Any","Veteran","General Hunting","Annual","","","False","Free annual license for veterans with 60%+ disability rating","https://www.eregulations.com/vermont/hunting/license-information","",""
"VT","Free License (Tribal Member)","Any","Honorary","General Hunting","Annual","","","False","Free license for recognized tribal members","https://www.eregulations.com/vermont/hunting/license-information","",""
"VA","Resident Hunting License (1-year)","Resident","General","General Hunting","Annual","1916","","False","Standard annual hunting license for VA residents","https://dwr.virginia.gov/hunting/regulations/licenses/","",""
"VA","Resident Hunting License (2-year)","Resident","General","General Hunting","Multi-year","","","False","Two-year hunting license for residents","https://dwr.virginia.gov/hunting/regulations/licenses/","",""
"VA","Resident Hunting License (3-year)","Resident","General","General Hunting","Multi-year","","","False","Three-year hunting license for residents","https://dwr.virginia.gov/hunting/regulations/licenses/","",""
"VA","Resident Hunting License (4-year)","Resident","General","General Hunting","Multi-year","","","False","Four-year hunting license for residents","https://dwr.virginia.gov/hunting/regulations/licenses/","",""
"VA","Resident County or City Hunting License","Resident","General","General Hunting","Annual","","","True","County/city-specific license cheaper than statewide; valid only in named jurisdiction","https://dwr.virginia.gov/hunting/regulations/licenses/","",""
"VA","Resident Junior Hunting License","Resident","Junior","General Hunting","Annual","","","False","Reduced-fee license for resident youth hunters","https://dwr.virginia.gov/hunting/regulations/licenses/","",""
"VA","Resident Youth Combination Hunting License","Resident","Youth","Combo Hunt+Fish","Annual","","","False","Youth combo hunting and fishing license","https://dwr.virginia.gov/hunting/regulations/licenses/","",""
"VA","Resident Sportsman's License","Resident","General","Sportsman","Annual","","","False","All-inclusive sportsman license for residents","https://dwr.virginia.gov/hunting/regulations/licenses/","",""
"VA","Resident Senior Citizen Hunting License (65+)","Resident","Senior","General Hunting","Annual","","","False","Reduced-fee license for residents 65+","https://dwr.virginia.gov/hunting/regulations/licenses/","",""
"VA","Nonresident Hunting License","Nonresident","General","General Hunting","Annual","1916","","False","Annual hunting license for nonresidents","https://dwr.virginia.gov/hunting/regulations/licenses/","",""
"VA","Nonresident 3-Day Hunt License","Nonresident","General","General Hunting","3-day","","","False","Three-day short-term hunting license for nonresidents","https://dwr.virginia.gov/hunting/regulations/licenses/","",""
"VA","Resident Fox Hunting License","Resident","General","Other","Annual","","","False","License specifically for fox hunting; Other activity scope","https://dwr.virginia.gov/hunting/regulations/licenses/","",""
"VA","Disabled Veteran Lifetime License","Any","Veteran","General Hunting","Lifetime","","","False","Free lifetime license for qualifying disabled veterans","https://dwr.virginia.gov/hunting/regulations/licenses/","",""
"VA","Legacy License (Youth Lifetime)","Resident","Youth","General Hunting","Lifetime","","","False","Lifetime license purchased for youth residents","https://dwr.virginia.gov/hunting/regulations/licenses/","",""
"VA","Trapping License","Any","General","Trapping/Furbearer","Annual","","","False","Annual license for trapping furbearing animals","https://dwr.virginia.gov/hunting/regulations/licenses/","",""
"WV","Hunting License Class A","Resident","General","General Hunting","Annual","1909","","False","Standard annual hunting license for WV residents","https://wvdnr.gov/frequently-asked-questions/regulations-and-licenses/","",""
"WV","Sportsman License Class X","Any","General","Sportsman","Annual","","","False","All-inclusive sportsman license","https://wvdnr.gov/frequently-asked-questions/regulations-and-licenses/","",""
"WV","3-Year Sportsman License Class X3","Resident","General","Sportsman","Multi-year","","","False","Three-year sportsman license for residents","https://wvdnr.gov/frequently-asked-questions/regulations-and-licenses/","",""
"WV","Permanent Sportsman License Class XP","Resident","General","Sportsman","Lifetime","","","False","Permanent (lifetime) sportsman license for residents","https://wvdnr.gov/frequently-asked-questions/regulations-and-licenses/","",""
"WV","Junior Sportsman License Class XJ","Any","Junior","Sportsman","Annual","","","False","All-inclusive sportsman license for youth","https://wvdnr.gov/frequently-asked-questions/regulations-and-licenses/","",""
"WV","Senior Hunting/Trapping/Fishing License Class XS","Resident","Senior","Sportsman","Annual","","","False","Free all-inclusive license for residents 65+","https://wvdnr.gov/frequently-asked-questions/regulations-and-licenses/","",""
"WV","Lifetime Hunting License Class A-L","Resident","General","General Hunting","Lifetime","","","False","Lifetime hunting license for residents","https://wvdnr.gov/frequently-asked-questions/regulations-and-licenses/","",""
"WV","Lifetime Combo License Class AB-L","Resident","General","Combo Hunt+Fish","Lifetime","","","False","Lifetime combo hunting and fishing for residents","https://wvdnr.gov/frequently-asked-questions/regulations-and-licenses/","",""
"WV","Nonresident Hunting License Class E","Nonresident","General","General Hunting","Annual","1899","","False","Annual hunting license for nonresidents. WV first issued NR license in 1899.","https://wvdnr.gov/frequently-asked-questions/regulations-and-licenses/","",""
"WV","Nonresident Bear Hunting License Class EE","Nonresident","General","Big Game","Annual","","","False","Bear-specific hunting license for nonresidents","https://wvdnr.gov/frequently-asked-questions/regulations-and-licenses/","",""
"WV","Nonresident Junior Sportsman License Class XXJ","Nonresident","Junior","Sportsman","Annual","","","False","All-inclusive sportsman license for nonresident youth","https://wvdnr.gov/frequently-asked-questions/regulations-and-licenses/","",""
"WV","Apprentice Hunting License Class AH","Any","Apprentice","General Hunting","Annual","","","False","For first-time hunters; must hunt with licensed mentor","https://wvdnr.gov/frequently-asked-questions/regulations-and-licenses/","",""
"WV","Disabled Hunting Permit Class Q","Any","Disabled","General Hunting","Annual","","","False","Special permit for qualifying disabled hunters","https://wvdnr.gov/frequently-asked-questions/regulations-and-licenses/","",""
"WI","Resident Small Game License","Resident","General","General Hunting","Annual","1897","","False","Standard annual small game hunting license for WI residents. First issued 1897.","https://www.eregulations.com/wisconsin/hunting/hunting-licenses-and-fees","",""
"WI","Resident Gun Deer License","Resident","General","Big Game","Annual","1897","","False","Annual firearm deer hunting license for residents","https://www.eregulations.com/wisconsin/hunting/hunting-licenses-and-fees","",""
"WI","Resident Archer License","Resident","General","Big Game","Annual","","","False","Annual archery deer hunting license for residents","https://www.eregulations.com/wisconsin/hunting/hunting-licenses-and-fees","",""
"WI","Nonresident Small Game License","Nonresident","General","General Hunting","Annual","1897","","False","Annual small game license for nonresidents","https://www.eregulations.com/wisconsin/hunting/hunting-licenses-and-fees","",""
"WI","Nonresident 5-Day Small Game License","Nonresident","General","General Hunting","5-day","","","False","Five-day small game license for nonresidents","https://www.eregulations.com/wisconsin/hunting/hunting-licenses-and-fees","",""
"WI","Conservation Patron License","Resident","General","Sportsman","Annual","","","False","All-inclusive bundle covering multiple activities","https://www.eregulations.com/wisconsin/hunting/hunting-licenses-and-fees","",""
"WI","Junior Conservation Patron License","Resident","Junior","Sportsman","Annual","","","False","All-inclusive bundle for resident youth","https://www.eregulations.com/wisconsin/hunting/hunting-licenses-and-fees","",""
"WI","Sports License","Resident","General","Combo Hunt+Fish","Annual","","","False","Resident combo hunting and fishing license","https://www.eregulations.com/wisconsin/hunting/hunting-licenses-and-fees","",""
"WI","Resident Trapping License","Resident","General","Trapping/Furbearer","Annual","","","False","Annual trapping license for residents","https://www.eregulations.com/wisconsin/hunting/hunting-licenses-and-fees","",""
"WI","Youth Small Game License","Any","Youth","General Hunting","Annual","","","False","Reduced-fee small game license for hunters under 18","https://www.eregulations.com/wisconsin/hunting/hunting-licenses-and-fees","",""
"WI","Senior Small Game License","Resident","Senior","General Hunting","Annual","","","False","Reduced-fee license for residents 65+","https://www.eregulations.com/wisconsin/hunting/hunting-licenses-and-fees","",""
"WY","Conservation Stamp","Any","General","General Hunting","Annual","1899","","False","Prerequisite conservation stamp required before all hunting licenses","https://wgfd.wyo.gov/licenses-applications/license-fee-list","",""
"WY","General Elk License (OTC)","Any","General","Big Game","Annual","","","True","Over-the-counter general elk license; hunt area specific","https://wgfd.wyo.gov/licenses-applications/license-fee-list","",""
"WY","Limited Quota Elk License","Any","General","Big Game","Annual","","","True","Draw-only limited quota elk license; hunt area specific","https://wgfd.wyo.gov/licenses-applications/license-fee-list","",""
"WY","General Deer License (OTC)","Any","General","Big Game","Annual","","","True","Over-the-counter general deer license; hunt area specific","https://wgfd.wyo.gov/licenses-applications/license-fee-list","",""
"WY","Limited Quota Deer License","Any","General","Big Game","Annual","","","True","Draw-only limited quota deer license; hunt area specific","https://wgfd.wyo.gov/licenses-applications/license-fee-list","",""
"WY","Limited Quota Antelope License","Any","General","Big Game","Annual","","","True","Draw-only limited quota antelope license; hunt area specific","https://wgfd.wyo.gov/licenses-applications/license-fee-list","",""
"WY","Bird/Small Game License","Any","General","General Hunting","Annual","","","False","License for upland birds and small game","https://wgfd.wyo.gov/licenses-applications/license-fee-list","",""
"WY","Pioneer License (65+ 30-year resident)","Resident","Senior","General Hunting","Annual","","","False","Reduced-fee license for residents 65+ who have been residents for 30+ years","https://wgfd.wyo.gov/licenses-applications/license-fee-list","",""
"WY","Pioneer Heritage License","Resident","Senior","General Hunting","Annual","","","False","Heritage license for long-term senior residents","https://wgfd.wyo.gov/licenses-applications/license-fee-list","",""
"WY","Disabled Veteran License","Any","Veteran","General Hunting","Annual","","","False","Free or reduced-fee license for qualifying disabled veterans","https://wgfd.wyo.gov/licenses-applications/license-fee-list","",""
"WY","Youth Hunting License","Any","Youth","General Hunting","Annual","","","False","Reduced-fee hunting license for youth","https://wgfd.wyo.gov/licenses-applications/license-fee-list","",""
"NJ","Resident Firearm Hunting License","Resident","General","General Hunting","Annual","1909","","False","Standard annual firearm hunting license for NJ residents. Calendar year, expires Dec 31.","https://dep.nj.gov/njfw/hunting/nj-hunting-trapping-license-information/","2026-08-27",""
"NJ","Senior Resident Firearm Hunting License","Resident","Senior","General Hunting","Annual","","","False","Reduced-fee firearm license for residents 65 and older.","https://dep.nj.gov/njfw/hunting/nj-hunting-trapping-license-information/","2026-08-27",""
"NJ","Non-Resident Firearm Hunting License","Nonresident","General","General Hunting","Annual","1902","","False","NJ's first license of any kind was a nonresident hunting license introduced in 1902.","https://dep.nj.gov/njfw/hunting/nj-hunting-trapping-license-information/","2026-08-27",""
"NJ","Non-Resident Two-Day Small Game Firearm Hunting License","Nonresident","General","General Hunting","2-day","","","False","Two consecutive days; small game including waterfowl. Not valid for wild turkey.","https://dep.nj.gov/njfw/hunting/nj-hunting-trapping-license-information/","2026-08-27",""
"NJ","Special One-Day Hunting License","Any","General","General Hunting","1-day","","","False","Valid only on a licensed commercial shooting preserve on the day issued.","https://dep.nj.gov/njfw/hunting/nj-hunting-trapping-license-information/","2026-08-27",""
"NJ","Youth Hunting License","Any","Youth","General Hunting","Annual","","","False","Free for youths 15 and under with hunter education; valid until end of the year the holder turns 16.","https://dep.nj.gov/njfw/hunting/nj-hunting-trapping-license-information/","2026-08-27",""
"NJ","Resident Bow and Arrow Hunting License","Resident","General","General Hunting","Annual","","","False","Annual archery license for NJ residents.","https://dep.nj.gov/njfw/hunting/nj-hunting-trapping-license-information/","2026-08-27",""
"NJ","Senior Resident Bow and Arrow Hunting License","Resident","Senior","General Hunting","Annual","","","False","Reduced-fee archery license for residents 65 and older.","https://dep.nj.gov/njfw/hunting/nj-hunting-trapping-license-information/","2026-08-27",""
"NJ","Non-Resident Bow and Arrow Hunting License","Nonresident","General","General Hunting","Annual","","","False","Annual archery license for nonresidents.","https://dep.nj.gov/njfw/hunting/nj-hunting-trapping-license-information/","2026-08-27",""
"NJ","Resident Trapping License","Resident","General","Trapping/Furbearer","Annual","","","False","Annual trapping license for NJ residents.","https://dep.nj.gov/njfw/hunting/nj-hunting-trapping-license-information/","2026-08-27",""
"NJ","Non-Resident Trapping License","Nonresident","General","Trapping/Furbearer","Annual","","","False","Annual trapping license for nonresidents.","https://dep.nj.gov/njfw/hunting/nj-hunting-trapping-license-information/","2026-08-27",""
"NJ","All-Around Sportsman License","Resident","General","Sportsman","Annual","","","False","Bundles resident firearm hunting, bow and arrow hunting and fishing licenses.","https://dep.nj.gov/njfw/hunting/nj-hunting-trapping-license-information/","2026-08-27",""
"NJ","Apprentice Hunting License","Any","Apprentice","General Hunting","Annual","","","False","For those without hunter education; apprentice must hunt with a mentor. Same fees as regular licenses.","https://dep.nj.gov/njfw/hunting/nj-hunting-trapping-license-information/","2026-08-27",""
"NJ","Disabled Veteran Free License","Resident","Veteran","General Hunting","Annual","","","False","Free licenses, stamps and permits for resident veterans with a service-connected disability.","https://dep.nj.gov/njfw/hunting/nj-hunting-trapping-license-information/","2026-08-27",""
"NJ","National Guard Free License","Resident","Military","General Hunting","Annual","","","False","Free licenses, permits and stamps for eligible active NJ National Guard personnel.","https://dep.nj.gov/njfw/hunting/nj-hunting-trapping-license-information/","2026-08-27",""
"DE","Resident Hunting License","Resident","General","General Hunting","Annual","1913","","False","Ages 16 to 64. License year runs July 1 - June 30.","https://dnrec.delaware.gov/fish-wildlife/licenses/fees/","2026-08-27",""
"DE","Non-Resident Hunting License","Nonresident","General","General Hunting","Annual","","","False","Age 16 and over.","https://dnrec.delaware.gov/fish-wildlife/licenses/fees/","2026-08-27",""
"DE","Resident Junior Hunting License","Resident","Junior","General Hunting","Annual","","","False","Ages 13 to 15.","https://dnrec.delaware.gov/fish-wildlife/licenses/fees/","2026-08-27",""
"DE","Non-Resident Junior Hunting License","Nonresident","Junior","General Hunting","Annual","","","False","Ages 13 to 15.","https://dnrec.delaware.gov/fish-wildlife/licenses/fees/","2026-08-27",""
"DE","Non-Resident 3-Day Hunting License (Small Game)","Nonresident","General","General Hunting","3-day","","","False","Small game only, age 16 and over.","https://dnrec.delaware.gov/fish-wildlife/licenses/fees/","2026-08-27",""
"DE","Resident Guide/Hunting License","Resident","General","Other","Annual","","","False","Required for anyone receiving compensation for guide service. Ages 16 to 64.","https://dnrec.delaware.gov/fish-wildlife/licenses/fees/","2026-08-27",""
"DE","Non-Resident Guide/Hunting License","Nonresident","General","Other","Annual","","","False","Required for anyone receiving compensation for guide service.","https://dnrec.delaware.gov/fish-wildlife/licenses/fees/","2026-08-27",""
"DE","Resident Trapping License","Resident","General","Trapping/Furbearer","Annual","","","False","Purchased through the Division of Fish and Wildlife; trappers receive a permanent license number.","https://dnrec.delaware.gov/fish-wildlife/licenses/fees/","2026-08-27",""
"DE","Non-Resident Trapping License","Nonresident","General","Trapping/Furbearer","Annual","","","False","Purchased through the Division of Fish and Wildlife.","https://dnrec.delaware.gov/fish-wildlife/licenses/fees/","2026-08-27",""
"DE","License Exempt Number (LEN)","Any","General","General Hunting","Annual","","","False","Free annual number required of license-exempt hunters and trappers; separate LEN needed for each activity.","https://dnrec.delaware.gov/fish-wildlife/licenses/fees/","2026-08-27",""
"MA","Resident Hunting License","Resident","General","General Hunting","Annual","1909","","False","Includes 2 antlered deer tags valid statewide. Calendar year.","https://www.mass.gov/info-details/license-types-and-fees","2026-08-27",""
"MA","Resident Minor Hunting License","Resident","Youth","General Hunting","Annual","","","False","Ages 15 to 17. Includes 2 antlered deer tags valid statewide.","https://www.mass.gov/info-details/license-types-and-fees","2026-08-27",""
"MA","Resident Hunting License (Age 65-69)","Resident","Senior","General Hunting","Annual","","","False","Half the standard resident rate. Includes 2 antlered deer tags.","https://www.mass.gov/info-details/license-types-and-fees","2026-08-27",""
"MA","Resident/Non-resident Hunting License, Paraplegic","Any","Disabled","General Hunting","Annual","","","False","Free; requires pre-approval through MassWildlife. Includes 2 antlered deer tags.","https://www.mass.gov/info-details/license-types-and-fees","2026-08-27",""
"MA","Non-resident Hunting License, Big Game","Nonresident","General","Big Game","Annual","","","False","Age 15 and over. Includes 2 antlered deer tags valid statewide.","https://www.mass.gov/info-details/license-types-and-fees","2026-08-27",""
"MA","Non-resident Hunting License, Small Game","Nonresident","General","General Hunting","Annual","","","False","Age 15 and over. Does not include deer tags.","https://www.mass.gov/info-details/license-types-and-fees","2026-08-27",""
"MA","Resident Commercial Shooting Preserve License","Resident","General","General Hunting","1-day","","","False","Single-day license valid on commercial shooting preserves.","https://www.mass.gov/info-details/license-types-and-fees","2026-08-27",""
"MA","Non-resident Commercial Shooting Preserve License","Nonresident","General","General Hunting","1-day","","","False","Single-day license valid on commercial shooting preserves.","https://www.mass.gov/info-details/license-types-and-fees","2026-08-27",""
"MA","Resident Sporting License","Resident","General","Combo Hunt+Fish","Annual","","","False","Combination hunting and freshwater fishing. Includes 2 antlered deer tags valid statewide.","https://www.mass.gov/info-details/license-types-and-fees","2026-08-27",""
"MA","Resident Sporting License (Age 65-69)","Resident","Senior","Combo Hunt+Fish","Annual","","","False","Half the standard rate. Includes 2 antlered deer tags.","https://www.mass.gov/info-details/license-types-and-fees","2026-08-27",""
"MA","Resident Sporting License (Age 70 or over)","Resident","Senior","Combo Hunt+Fish","Annual","","","False","Free and includes trapping. Includes 2 antlered deer tags.","https://www.mass.gov/info-details/license-types-and-fees","2026-08-27",""
"MA","Resident/Non-resident Sporting License, Paraplegic","Any","Disabled","Combo Hunt+Fish","Annual","","","False","Free; requires pre-approval through MassWildlife.","https://www.mass.gov/info-details/license-types-and-fees","2026-08-27",""
"MA","Resident Trapping License","Resident","General","Trapping/Furbearer","Annual","","","False","Annual trapping license for MA residents.","https://www.mass.gov/info-details/license-types-and-fees","2026-08-27",""
"MA","Resident Minor Trapping License","Resident","Youth","Trapping/Furbearer","Annual","","","False","Ages 12 to 17.","https://www.mass.gov/info-details/license-types-and-fees","2026-08-27",""
"MA","Resident Trapping License (Age 65-69)","Resident","Senior","Trapping/Furbearer","Annual","","","False","Half the standard resident trapping rate.","https://www.mass.gov/info-details/license-types-and-fees","2026-08-27",""
"MA","Non-resident Trapping Permit","Nonresident","General","Trapping/Furbearer","Annual","","","False","Requires pre-approval; not sold online.","https://www.mass.gov/info-details/license-types-and-fees","2026-08-27",""
"CT","Firearms Hunting License","Any","General","General Hunting","Annual","1907","","False","Base firearms hunting license. Calendar year. Resident 16 and 17 year olds pay a reduced fee.","https://portal.ct.gov/deep/hunting/2026-connecticut-hunting-and-trapping-guide/hunting-and-trapping-licenses","2026-08-27",""
"CT","Firearms Hunting and Inland Fishing License","Any","General","Combo Hunt+Fish","Annual","","","False","Combination firearms hunting and inland fishing.","https://portal.ct.gov/deep/hunting/2026-connecticut-hunting-and-trapping-guide/hunting-and-trapping-licenses","2026-08-27",""
"CT","Firearms Hunting and All Waters Fishing License","Any","General","Combo Hunt+Fish","Annual","","","False","Combination firearms hunting and all waters fishing.","https://portal.ct.gov/deep/hunting/2026-connecticut-hunting-and-trapping-guide/hunting-and-trapping-licenses","2026-08-27",""
"CT","Firearms Hunting and Marine Waters Fishing License","Any","General","Combo Hunt+Fish","Annual","","","False","Combination firearms hunting and marine waters fishing.","https://portal.ct.gov/deep/hunting/2026-connecticut-hunting-and-trapping-guide/hunting-and-trapping-licenses","2026-08-27",""
"CT","3-day Non-resident Bird Hunting License","Nonresident","General","General Hunting","3-day","","","False","Three consecutive privilege days for migratory and resident game birds. Requires a CT Migratory Bird or Resident Game Bird stamp.","https://portal.ct.gov/deep/hunting/2026-connecticut-hunting-and-trapping-guide/hunting-and-trapping-licenses","2026-08-27",""
"CT","Junior Firearms Hunting License","Any","Junior","General Hunting","Annual","","","False","Ages 12 to 15. Same fee for residents and nonresidents.","https://portal.ct.gov/deep/hunting/2026-connecticut-hunting-and-trapping-guide/hunting-and-trapping-licenses","2026-08-27",""
"CT","Age 65+ Annual Firearms Hunting License","Resident","Senior","General Hunting","Annual","","","False","Free to residents meeting hunter education requirements; must be renewed annually.","https://portal.ct.gov/deep/hunting/2026-connecticut-hunting-and-trapping-guide/hunting-and-trapping-licenses","2026-08-27",""
"CT","Archery Deer/Small Game License","Any","General","General Hunting","Annual","","","False","Required for all forms of archery hunting; allows bowhunting for deer on state and private land. Requires the CE/FS bowhunting course.","https://portal.ct.gov/deep/hunting/2026-connecticut-hunting-and-trapping-guide/hunting-and-trapping-licenses","2026-08-27",""
"CT","Archery Deer/Small Game and All Waters Fishing License","Resident","General","Combo Hunt+Fish","Annual","","","False","Combination archery hunting and all waters fishing.","https://portal.ct.gov/deep/hunting/2026-connecticut-hunting-and-trapping-guide/hunting-and-trapping-licenses","2026-08-27",""
"CT","Junior Archery Deer/Small Game License","Any","Junior","General Hunting","Annual","","","False","Ages 12 to 15.","https://portal.ct.gov/deep/hunting/2026-connecticut-hunting-and-trapping-guide/hunting-and-trapping-licenses","2026-08-27",""
"CT","Trapping License","Any","General","Trapping/Furbearer","Annual","","","False","Annual trapping license.","https://portal.ct.gov/deep/hunting/2026-connecticut-hunting-and-trapping-guide/hunting-and-trapping-licenses","2026-08-27",""
"CT","Resident 16- and 17-year-old Trapping License","Resident","Youth","Trapping/Furbearer","Annual","","","False","Half the standard resident trapping rate.","https://portal.ct.gov/deep/hunting/2026-connecticut-hunting-and-trapping-guide/hunting-and-trapping-licenses","2026-08-27",""
"CT","Junior Trapping License","Resident","Junior","Trapping/Furbearer","Annual","","","False","Ages 15 and under. No minimum age requirement for trapping.","https://portal.ct.gov/deep/hunting/2026-connecticut-hunting-and-trapping-guide/hunting-and-trapping-licenses","2026-08-27",""
"CT","Age 65+ Annual Trapping License","Resident","Senior","Trapping/Furbearer","Annual","","","False","Free to residents meeting trapper education requirements; must be renewed annually.","https://portal.ct.gov/deep/hunting/2026-connecticut-hunting-and-trapping-guide/hunting-and-trapping-licenses","2026-08-27",""
"CT","Free License for Hunters with Disabilities","Any","Disabled","General Hunting","Annual","","","False","For residents who have lost or permanently lost the use of one or more limbs; permits and stamps not included. Available at select DEEP offices and participating town clerks.","https://portal.ct.gov/deep/hunting/2026-connecticut-hunting-and-trapping-guide/hunting-and-trapping-licenses","2026-08-27",""
"CT","Armed Forces Resident-Rate License","Any","Military","General Hunting","Annual","","","False","Active full-time US armed forces members may purchase at resident rates. Issued only at DEEP or town clerk offices.","https://portal.ct.gov/deep/hunting/2026-connecticut-hunting-and-trapping-guide/hunting-and-trapping-licenses","2026-08-27",""
"RI","Resident Hunting License","Resident","General","General Hunting","Annual","1916","","False","Must be 15 years old. License year runs March 1 - end of February.","https://www.eregulations.com/rhodeisland/hunting/licenses-fees","2026-08-27",""
"RI","Resident Combination License","Resident","General","Combo Hunt+Fish","Annual","","","False","Combination hunting and fishing.","https://www.eregulations.com/rhodeisland/hunting/licenses-fees","2026-08-27",""
"RI","Resident Junior Hunting License","Resident","Junior","General Hunting","Annual","","","False","Ages 12 to 14; must hunt in the immediate company of a licensed adult 21 or older.","https://www.eregulations.com/rhodeisland/hunting/licenses-fees","2026-08-27",""
"RI","Permanent Resident Combination License","Resident","Senior","Combo Hunt+Fish","Lifetime","","","False","No fee. Available to any resident 65 or older or with a permanent disability.","https://www.eregulations.com/rhodeisland/hunting/licenses-fees","2026-08-27",""
"RI","Resident Trapping License","Resident","General","Trapping/Furbearer","Annual","","","False","Annual trapping license for RI residents.","https://www.eregulations.com/rhodeisland/hunting/licenses-fees","2026-08-27",""
"RI","Non-Resident Hunting License","Nonresident","General","General Hunting","Annual","","","False","Must be 15 years old.","https://www.eregulations.com/rhodeisland/hunting/licenses-fees","2026-08-27",""
"RI","Non-Resident Tourist Hunting License","Nonresident","General","General Hunting","3-day","","","False","Three-day nonresident hunting license.","https://www.eregulations.com/rhodeisland/hunting/licenses-fees","2026-08-27",""
"RI","Non-Resident Junior Hunting License","Nonresident","Junior","General Hunting","Annual","","","False","Ages 12 to 14.","https://www.eregulations.com/rhodeisland/hunting/licenses-fees","2026-08-27",""
"RI","Non-Resident Trapping License","Nonresident","General","Trapping/Furbearer","Annual","","","False","Issued only if reciprocal privileges are allowed.","https://www.eregulations.com/rhodeisland/hunting/licenses-fees","2026-08-27",""
"RI","Active Military Personnel Hunting License","Any","Military","General Hunting","Annual","","","False","Issued at the resident hunting license rate.","https://www.eregulations.com/rhodeisland/hunting/licenses-fees","2026-08-27",""
"SC","State Hunting License (Annual)","Resident","General","General Hunting","Annual","1916","","False","Base resident hunting license, valid 1 year from date of purchase. Big Game Permit required separately for bear, deer or turkey.","https://dnr.sc.gov/licenses/pricingresident.html","2026-08-27",""
"SC","State Hunting License (3 Year)","Resident","General","General Hunting","Multi-year","","","False","Valid 3 years from date of purchase.","https://dnr.sc.gov/licenses/pricingresident.html","2026-08-27",""
"SC","Apprentice License (Small Game Only)","Resident","Apprentice","General Hunting","Annual","","","False","One-time exemption from hunter education certification for applicants born after June 30 1979.","https://dnr.sc.gov/licenses/pricingresident.html","2026-08-27",""
"SC","Combination License (Annual)","Resident","General","Combo Hunt+Fish","Annual","","","False","Includes State Hunting, Big Game and Freshwater Fishing.","https://dnr.sc.gov/licenses/pricingresident.html","2026-08-27",""
"SC","Combination License (3 Year)","Resident","General","Combo Hunt+Fish","Multi-year","","","False","Includes State Hunting, Big Game and Freshwater Fishing. Valid 3 years.","https://dnr.sc.gov/licenses/pricingresident.html","2026-08-27",""
"SC","Sportsman License (Annual)","Resident","General","Sportsman","Annual","","","False","Includes State Hunting, Big Game, Wildlife Management Areas and Freshwater Fishing.","https://dnr.sc.gov/licenses/pricingresident.html","2026-08-27",""
"SC","Sportsman License (3 Year)","Resident","General","Sportsman","Multi-year","","","False","Includes State Hunting, Big Game, WMA and Freshwater Fishing. Valid 3 years.","https://dnr.sc.gov/licenses/pricingresident.html","2026-08-27",""
"SC","Junior Sportsman License","Resident","Junior","Sportsman","Annual","","","False","For applicants 16 to 17 years of age; remains valid regardless of age until expiration.","https://dnr.sc.gov/licenses/pricingresident.html","2026-08-27",""
"SC","Lifetime Combination License (Under 2)","Resident","Youth","Combo Hunt+Fish","Lifetime","","","False","Statewide Hunting, Big Game Permit and Freshwater Fishing. Purchased for a resident under age 2.","https://dnr.sc.gov/licenses/pricingresident.html","2026-08-27",""
"SC","Lifetime Combination License (Age 2 to 15)","Resident","Youth","Combo Hunt+Fish","Lifetime","","","False","Statewide Hunting, Big Game Permit and Freshwater Fishing.","https://dnr.sc.gov/licenses/pricingresident.html","2026-08-27",""
"SC","Lifetime State Hunting License (Age 16 to 63)","Resident","General","General Hunting","Lifetime","","","False","Lifetime statewide hunting privilege.","https://dnr.sc.gov/licenses/pricingresident.html","2026-08-27",""
"SC","Lifetime Combination License (Age 16 to 63)","Resident","General","Combo Hunt+Fish","Lifetime","","","False","Statewide Hunting, Big Game Permit and Freshwater Fishing.","https://dnr.sc.gov/licenses/pricingresident.html","2026-08-27",""
"SC","Senior Lifetime Combination License","Resident","Senior","Combo Hunt+Fish","Lifetime","","","False","Residents 64 and older. Covers hunting, Big Game, WMA, State Waterfowl, freshwater and saltwater fishing. No tags included; deer and turkey tags must be requested once then mailed annually.","https://dnr.sc.gov/licenses/pricingresident.html","2026-08-27",""
"SC","Gratis Lifetime License","Resident","Senior","Combo Hunt+Fish","Lifetime","","","False","No cost. Available only to residents born on or before July 1 1940.","https://dnr.sc.gov/licenses/pricingresident.html","2026-08-27",""
"SC","Disability Combination License (3 Year)","Resident","Disabled","Combo Hunt+Fish","Multi-year","","","False","No cost; expires on the third anniversary of issue. Requires disability certification from a qualifying federal or state program.","https://dnr.sc.gov/licenses/pricingresident.html","2026-08-27",""
"SC","Hunting Add-on for an Existing Fishing License (Disability)","Resident","Disabled","General Hunting","Multi-year","","","False","No cost. Adds Statewide Hunting, Big Game Permit, WMA Permit and Migratory Waterfowl to an existing disability fishing license.","https://dnr.sc.gov/licenses/pricingresident.html","2026-08-27",""
"AL","All Game Hunting License","Resident","General","General Hunting","Annual","1917","","False","Covers all species including deer and turkey. License year ends August 31.","https://www.outdooralabama.com/hunting-licenses/hunt-rec-res","2026-08-27",""
"AL","Small Game Hunting License","Resident","General","General Hunting","Annual","","","False","Covers all species excluding deer and turkey.","https://www.outdooralabama.com/hunting-licenses/hunt-rec-res","2026-08-27",""
"AL","Resident 64 Lifetime License","Resident","Senior","General Hunting","Lifetime","","","False","Issued to residents at age 64 for the cost of an annual recreational hunting, freshwater fishing, saltwater fishing or WMA license.","https://www.outdooralabama.com/hunting-licenses/hunt-rec-res","2026-08-27",""
"AL","Optional 65+ License","Resident","Senior","General Hunting","Annual","","","False","Voluntary purchase for residents 65 and older, who are otherwise exempt, to continue supporting wildlife and fisheries programs.","https://www.outdooralabama.com/hunting-licenses/hunt-rec-res","2026-08-27",""
"AL","Wildlife Heritage License","Resident","General","Other","Annual","","","False","Bank fishing statewide, WFF public fishing lakes, small game except waterfowl on WFF WMAs, and WFF shooting ranges. Included at no charge with resident hunting and freshwater fishing licenses.","https://www.outdooralabama.com/hunting-licenses/hunt-rec-res","2026-08-27",""
"AL","Wildlife Management Area License","Resident","General","Other","Annual","","","False","Required to hunt WFF wildlife management areas.","https://www.outdooralabama.com/hunting-licenses/hunt-rec-res","2026-08-27",""
"AL","Lifetime Hunting License","Resident","General","General Hunting","Lifetime","","","False","Prices vary and increase each September 1. Youth licenses under 16 available at probate offices and district offices.","https://www.outdooralabama.com/hunting-licenses/hunt-rec-res","2026-08-27",""
"AL","Optional Senior Lifetime Hunting, Freshwater and Saltwater Fishing License","Resident","Senior","Combo Hunt+Fish","Lifetime","","","False","Voluntary lifetime license for exempt seniors.","https://www.outdooralabama.com/hunting-licenses/hunt-rec-res","2026-08-27",""
"AL","100% Physically Disabled Resident Hunting License","Resident","Disabled","General Hunting","Annual","","","False","Available at probate offices, Montgomery or district offices.","https://www.outdooralabama.com/hunting-licenses/hunt-rec-res","2026-08-27",""
"AL","50% Disabled Military Veterans Appreciation Hunting License","Resident","Veteran","General Hunting","Annual","","","False","Reduced-fee license for qualifying disabled veterans.","https://www.outdooralabama.com/hunting-licenses/hunt-rec-res","2026-08-27",""
"AL","100% Disabled Military Veterans Appreciation Hunting License","Resident","Veteran","General Hunting","Annual","","","False","Reduced-fee license for qualifying 100% disabled veterans.","https://www.outdooralabama.com/hunting-licenses/hunt-rec-res","2026-08-27",""
"AL","Disabled Military Veterans Appreciation 3-Day Event Hunting License","Any","Veteran","General Hunting","3-day","","","False","Event license covering up to 10 disabled military veterans at a sanctioned 3-day event.","https://www.outdooralabama.com/hunting-licenses/hunt-rec-res","2026-08-27",""
"AL","Hunter's Exempt License Privilege (H.E.L.P.)","Resident","General","General Hunting","Annual","","","False","No charge. Number issued to license-exempt hunters.","https://www.outdooralabama.com/hunting-licenses/hunt-rec-res","2026-08-27",""
"AL","Commercial Fowl Hunting 7-Day Trip License","Any","General","General Hunting","7-day","","","False","Seven-day trip license for commercial fowl hunting.","https://www.outdooralabama.com/hunting-licenses/hunt-rec-res","2026-08-27",""
"AL","Nighttime Feral Swine and Coyote Hunting License","Any","General","General Hunting","Annual","","","False","Required to hunt feral swine or coyote at night. Required of all ages with no exemption, including for residents 65 and over.","https://www.outdooralabama.com/hunting-licenses/hunt-rec-res","2026-08-27",""
"MS","Sportsman's License","Resident","General","Sportsman","Annual","1926","","False","Includes Archery/Primitive Weapon/Crossbow. Does not include WMA User Permit or saltwater fishing.","https://www.mdwfp.com/licenses-permits/hunting-and-fishing-license-prices","2026-08-27",""
"MS","All Game Hunting/Freshwater Fishing License","Resident","General","Combo Hunt+Fish","Annual","","","False","Does not include Archery/Primitive/Crossbow or WMA User Permit. Required (or Sportsman's) for all deer, turkey and hog hunters.","https://www.mdwfp.com/licenses-permits/hunting-and-fishing-license-prices","2026-08-27",""
"MS","Small Game Hunting/Freshwater Fishing License","Resident","General","Combo Hunt+Fish","Annual","","","False","Small game and freshwater fishing.","https://www.mdwfp.com/licenses-permits/hunting-and-fishing-license-prices","2026-08-27",""
"MS","Apprentice Sportsman License","Resident","Apprentice","Sportsman","Annual","","","False","Issued only once to a resident; must be accompanied by a licensed or exempt resident hunter 21 or older.","https://www.mdwfp.com/licenses-permits/hunting-and-fishing-license-prices","2026-08-27",""
"MS","Apprentice All Game Hunt and Fish License","Resident","Apprentice","Combo Hunt+Fish","Annual","","","False","Issued only once to a resident; mentor required.","https://www.mdwfp.com/licenses-permits/hunting-and-fishing-license-prices","2026-08-27",""
"MS","Apprentice Small Game Hunt and Fish License","Resident","Apprentice","Combo Hunt+Fish","Annual","","","False","Issued only once to a resident; mentor required.","https://www.mdwfp.com/licenses-permits/hunting-and-fishing-license-prices","2026-08-27",""
"MS","3-Day Sportsman Apprentice License","Resident","Apprentice","Sportsman","3-day","","","False","Valid 3 consecutive days; issued only once to a resident; mentor required.","https://www.mdwfp.com/licenses-permits/hunting-and-fishing-license-prices","2026-08-27",""
"MS","Resident Senior Exempt License","Resident","Senior","Combo Hunt+Fish","Annual","","","False","Age 65 and over. Includes All Game Hunting, freshwater fishing, Archery/Primitive Weapon/Crossbow and WMA.","https://www.mdwfp.com/licenses-permits/hunting-and-fishing-license-prices","2026-08-27",""
"MS","Exempt Under 16 - Voluntary","Resident","Youth","Combo Hunt+Fish","Annual","","","False","Voluntary purchase for residents under 16, who are otherwise exempt.","https://www.mdwfp.com/licenses-permits/hunting-and-fishing-license-prices","2026-08-27",""
"MS","Resident Trapping License","Resident","General","Trapping/Furbearer","Annual","","","False","Required of anyone 16 or older who traps or assists with trapping furbearers, except on their own land.","https://www.mdwfp.com/licenses-permits/hunting-and-fishing-license-prices","2026-08-27",""
"MS","Lifetime Sportsman's License (Birth through Age 12)","Resident","Youth","Sportsman","Lifetime","","","False","Includes Sportsman, Wild Turkey Stamp, WMA User Permit and saltwater privileges. Processed only at the Jackson office.","https://www.mdwfp.com/licenses-permits/hunting-and-fishing-license-prices","2026-08-27",""
"MS","Lifetime Sportsman's License (Age 13 and Over)","Resident","General","Sportsman","Lifetime","","","False","Includes Sportsman, Wild Turkey Stamp, WMA User Permit and saltwater privileges.","https://www.mdwfp.com/licenses-permits/hunting-and-fishing-license-prices","2026-08-27",""
"MS","Non-Resident Mississippi Native Lifetime License","Nonresident","General","Sportsman","Lifetime","","","False","Includes All Game, Archery/Primitive Weapon/Crossbow, Deer Permit, Wild Turkey Stamp, WMA User Permit and saltwater privileges.","https://www.mdwfp.com/licenses-permits/hunting-and-fishing-license-prices","2026-08-27",""
"MS","Non-Resident All Game Hunting License","Nonresident","General","General Hunting","Annual","","","False","Ages 16 and over. Does not include Archery/Primitive Weapon/Crossbow, turkey permit, deer permit or WMA User Permit.","https://www.mdwfp.com/licenses-permits/hunting-and-fishing-license-prices","2026-08-27",""
"MS","Non-Resident 7-Day All Game Hunting License","Nonresident","General","General Hunting","7-day","","","False","Ages 16 and over. Species permits and WMA permit purchased separately.","https://www.mdwfp.com/licenses-permits/hunting-and-fishing-license-prices","2026-08-27",""
"MS","Non-Resident 3-Day All Game Archery/Primitive Weapon License","Nonresident","General","General Hunting","3-day","","","False","Includes Archery/Primitive Weapon/Crossbow.","https://www.mdwfp.com/licenses-permits/hunting-and-fishing-license-prices","2026-08-27",""
"MS","Non-Resident Small Game Hunting License","Nonresident","General","General Hunting","Annual","","","False","Covers waterfowl.","https://www.mdwfp.com/licenses-permits/hunting-and-fishing-license-prices","2026-08-27",""
"MS","Non-Resident 7-Day Small Game Hunting License","Nonresident","General","General Hunting","7-day","","","False","Covers waterfowl.","https://www.mdwfp.com/licenses-permits/hunting-and-fishing-license-prices","2026-08-27",""
"MS","Non-Resident Trapping License","Nonresident","General","Trapping/Furbearer","Annual","","","False","Required of anyone 16 or older who traps or assists with trapping furbearers.","https://www.mdwfp.com/licenses-permits/hunting-and-fishing-license-prices","2026-08-27",""
"MS","Armed Forces 14-Day Hunting/Fishing License","Nonresident","Military","Combo Hunt+Fish","14-day","","","False","Includes fall turkey and Archery/Primitive Weapon/Crossbow. Does not include saltwater fishing. Must apply through MDWFP.","https://www.mdwfp.com/licenses-permits/hunting-and-fishing-license-prices","2026-08-27",""
"FL","Annual Resident Hunting License","Resident","General","General Hunting","Annual","1917","","False","Required when taking or attempting to take game or furbearing animals by methods other than trapping.","https://myfwc.com/license/recreational/hunting/","2026-08-27",""
"FL","Five-Year Resident Hunting License","Resident","General","General Hunting","Multi-year","","","False","Five-year term, residents only.","https://myfwc.com/license/recreational/hunting/","2026-08-27",""
"FL","Annual Non-Resident Hunting License","Nonresident","General","General Hunting","Annual","","","False","Annual hunting license for nonresidents.","https://myfwc.com/license/recreational/hunting/","2026-08-27",""
"FL","Annual Resident Hunting/Freshwater Fishing Combination License","Resident","General","Combo Hunt+Fish","Annual","","","False","Hunting license combined with freshwater fishing at a reduced cost to residents.","https://myfwc.com/license/recreational/hunting/","2026-08-27",""
"FL","Annual Resident Hunting/Freshwater/Saltwater Fishing Combination License","Resident","General","Combo Hunt+Fish","Annual","","","False","Hunting combined with both freshwater and saltwater fishing.","https://myfwc.com/license/recreational/hunting/","2026-08-27",""
"FL","Annual Resident Sportsman's License","Resident","General","Sportsman","Annual","","","False","Includes hunting and freshwater fishing licenses plus WMA, Archery, Muzzleloading Gun, Crossbow, Deer, Turkey and Florida Waterfowl permits.","https://myfwc.com/license/recreational/hunting/","2026-08-27",""
"FL","Annual Resident Silver Sportsman's 64+ License","Resident","Senior","Sportsman","Annual","","","False","Florida residents 64 and older. Same coverage as the Sportsman's License.","https://myfwc.com/license/recreational/hunting/","2026-08-27",""
"FL","Five-Year Resident Silver Sportsman's 64+ License","Resident","Senior","Sportsman","Multi-year","","","False","Five-year term for residents 64 and older.","https://myfwc.com/license/recreational/hunting/","2026-08-27",""
"FL","Annual Resident Gold Sportsman's License","Resident","General","Sportsman","Annual","","","False","Adds saltwater fishing, snook and lobster permits to the Sportsman's package.","https://myfwc.com/license/recreational/hunting/","2026-08-27",""
"FL","Five-Year Resident Gold Sportsman's License","Resident","General","Sportsman","Multi-year","","","False","Five-year Gold Sportsman's term.","https://myfwc.com/license/recreational/hunting/","2026-08-27",""
"FL","Annual Resident Military Gold Sportsman's License","Resident","Military","Sportsman","Annual","","","False","Available to Florida resident active duty or retired military through online verification or a tax collector's office.","https://myfwc.com/license/recreational/hunting/","2026-08-27",""
"FL","Resident Youth Hunting License","Resident","Youth","General Hunting","Annual","","","False","Optional for youth ages 8 to 15 who have completed hunter safety education. Valid until the recipient's 17th birthday.","https://myfwc.com/license/recreational/hunting/","2026-08-27",""
"FL","Resident Youth Gold Sportsman's License","Resident","Youth","Sportsman","Annual","","","False","Youth version of the Gold Sportsman's package. Valid until the recipient's 17th birthday.","https://myfwc.com/license/recreational/hunting/","2026-08-27",""
"FL","Annual Resident Furbearer License","Resident","General","Trapping/Furbearer","Annual","","","False","Authorizes taking furbearers with traps or snares and selling hides, pelts and meat.","https://myfwc.com/license/recreational/hunting/","2026-08-27",""
"FL","Annual Non-Resident Furbearer License","Nonresident","General","Trapping/Furbearer","Annual","","","False","Authorizes taking furbearers with traps or snares.","https://myfwc.com/license/recreational/hunting/","2026-08-27",""
"AR","Resident Sportsman's License (RS)","Resident","General","General Hunting","Annual","1913","","False","All game species; includes six deer tags, two turkey tags and one bear tag. Expires June 30. AGFC code RS.","https://www.agfc.com/resources/licensing/hunting-license-descriptions-and-fees/","2026-08-27",""
"AR","Combination Sportsman's License (CS)","Resident","General","Combo Hunt+Fish","Annual","","","False","Adds sport fishing to the Sportsman's License. Includes six deer tags, two turkey tags and one bear tag. AGFC code CS.","https://www.agfc.com/resources/licensing/hunting-license-descriptions-and-fees/","2026-08-27",""
"AR","Resident Wildlife Conservation License (HNT)","Resident","General","General Hunting","Annual","","","False","All small game species and furbearers, plus one deer. One deer tag included. AGFC code HNT.","https://www.agfc.com/resources/licensing/hunting-license-descriptions-and-fees/","2026-08-27",""
"AR","65-Plus Lifetime Hunting License","Resident","Senior","General Hunting","Lifetime","","","False","Residents 65 or older; carries the privileges of the Resident Sportsman's License. Requires one year of Arkansas residency.","https://www.agfc.com/resources/licensing/hunting-license-descriptions-and-fees/","2026-08-27",""
"AR","65-Plus Lifetime Combination License","Resident","Senior","Combo Hunt+Fish","Lifetime","","","False","Residents 65 or older; Sportsman's hunting privileges plus the Resident Fisheries Conservation License.","https://www.agfc.com/resources/licensing/hunting-license-descriptions-and-fees/","2026-08-27",""
"AR","Nonexpiring Lifetime Resident Hunting and Fishing Sportsman's Permit","Resident","General","Combo Hunt+Fish","Lifetime","","","False","Any age. Waives fees for trout, leased lands, alligator, elk, state waterfowl stamp and WMA permit hunts. Issued at AGFC headquarters.","https://www.agfc.com/resources/licensing/hunting-license-descriptions-and-fees/","2026-08-27",""
"AR","Resident Natural State Lifetime Combination License and Permit","Resident","Youth","Combo Hunt+Fish","Lifetime","","","False","Purchased for a resident aged 10 or younger. Only 500 issued per fiscal year, first-come first-served.","https://www.agfc.com/resources/licensing/hunting-license-descriptions-and-fees/","2026-08-27",""
"AR","Resident 3-Year Disability Hunting License (RDH)","Resident","Disabled","General Hunting","Multi-year","","","False","Totally and permanently disabled residents. Valid three years; recertification required. AGFC code RDH.","https://www.agfc.com/resources/licensing/hunting-license-descriptions-and-fees/","2026-08-27",""
"AR","Resident 3-Year Disability Combination License (RDC)","Resident","Disabled","Combo Hunt+Fish","Multi-year","","","False","Totally and permanently disabled residents. Valid three years. AGFC code RDC.","https://www.agfc.com/resources/licensing/hunting-license-descriptions-and-fees/","2026-08-27",""
"AR","Nonresident Annual All Game Hunting License (NBG)","Nonresident","General","General Hunting","Annual","","","False","Deer and small game by modern gun, muzzleloader or archery; six deer tags included. Bear, turkey, alligator and elk require additional permits. AGFC code NBG.","https://www.agfc.com/resources/licensing/hunting-license-descriptions-and-fees/","2026-08-27",""
"AR","Nonresident Annual Turkey Hunting License (NRTL)","Nonresident","General","Big Game","Annual","","","False","Turkey only; a single turkey may be taken without the separate Nonresident Turkey Hunting Permit. AGFC code NRTL.","https://www.agfc.com/resources/licensing/hunting-license-descriptions-and-fees/","2026-08-27",""
"AR","Nonresident 3-Day Hunting License (AG3)","Nonresident","General","General Hunting","3-day","","","False","Deer hunting for the specified three-day period; six deer tags included. AGFC code AG3.","https://www.agfc.com/resources/licensing/hunting-license-descriptions-and-fees/","2026-08-27",""
"AR","Nonresident 1-Day Hunting License (AG1)","Nonresident","General","General Hunting","1-day","","","False","Deer hunting for the specified one-day period; six deer tags included. AGFC code AG1.","https://www.agfc.com/resources/licensing/hunting-license-descriptions-and-fees/","2026-08-27",""
"AR","Nonresident Annual Small Game Hunting License (NRH)","Nonresident","General","General Hunting","Annual","","","False","All species of small game and furbearers. AGFC code NRH.","https://www.agfc.com/resources/licensing/hunting-license-descriptions-and-fees/","2026-08-27",""
"AR","Nonresident 5-Day Small Game Hunting License (SG3)","Nonresident","General","General Hunting","5-day","","","False","All small game and furbearers for the specified five-day period. AGFC code SG3.","https://www.agfc.com/resources/licensing/hunting-license-descriptions-and-fees/","2026-08-27",""
"AR","Resident Combination Guide License (GLC)","Resident","General","Other","Annual","","","False","Guide privileges on land not commission-owned or controlled. Does not include hunting privileges. AGFC code GLC.","https://www.agfc.com/resources/licensing/hunting-license-descriptions-and-fees/","2026-08-27",""
"AR","Resident Hunting Guide License (GLH)","Resident","General","Other","Annual","","","False","Guide privileges on land not commission-owned or controlled. Does not include hunting privileges. AGFC code GLH.","https://www.agfc.com/resources/licensing/hunting-license-descriptions-and-fees/","2026-08-27",""
"AR","Nonresident Hunting Guide License (GNH)","Nonresident","General","Other","Annual","","","False","Guide privileges for nonresidents on land not commission-owned or controlled. AGFC code GNH.","https://www.agfc.com/resources/licensing/hunting-license-descriptions-and-fees/","2026-08-27",""
"AK","Resident Hunting License","Resident","General","General Hunting","Annual","","","False","Base Alaska hunting licence. Required before harvest tickets, tags or permits.","https://www.adfg.alaska.gov/index.cfm?adfg=huntlicense.main","2026-08-28",""
"AK","Nonresident Hunting License","Nonresident","General","General Hunting","Annual","","","False","Nonresidents must additionally buy species locking-tags for big game.","https://www.adfg.alaska.gov/index.cfm?adfg=huntlicense.main","2026-08-28",""
"AK","Nonresident 14-Day Hunting License","Nonresident","General","General Hunting","14-day","","","False","Short-term nonresident option.","https://www.adfg.alaska.gov/index.cfm?adfg=huntlicense.main","2026-08-28",""
"AK","Nonresident Military Hunting License","Nonresident","Military","General Hunting","Annual","","","False","Active-duty personnel stationed in Alaska under 12 months qualify for military nonresident rates.","https://www.adfg.alaska.gov/index.cfm?adfg=huntlicense.main","2026-08-28",""
"AK","Youth Hunting License","Any","Youth","General Hunting","Annual","","","False","Hunters under 18 hunt at no fee but still require a licence.","https://www.adfg.alaska.gov/index.cfm?adfg=huntlicense.main","2026-08-28",""
"AK","Resident Trapping License","Resident","General","Trapping/Furbearer","Annual","1927","","False","Earliest known Alaska trapping specimen is a 1927-28 Alaska Resident Trapping License.","https://www.adfg.alaska.gov/index.cfm?adfg=huntlicense.main","2026-08-28",""
"AZ","Resident Hunting License","Resident","General","General Hunting","Annual","1913","","False","Valid 365 days from purchase. Required for residents 10 and older.","https://www.azgfd.com/hunting/hunt-draw-and-licenses/","2026-08-28",""
"AZ","Resident Combination Hunt and Fish License","Resident","General","Combo Hunt+Fish","Annual","","","False","Hunting plus statewide fishing.","https://www.azgfd.com/hunting/hunt-draw-and-licenses/","2026-08-28",""
"AZ","Nonresident Combination Hunt and Fish License","Nonresident","General","Combo Hunt+Fish","Annual","","","False","There is no standalone nonresident hunting-only licence in Arizona.","https://www.azgfd.com/hunting/hunt-draw-and-licenses/","2026-08-28",""
"AZ","Youth Combination Hunt and Fish License","Any","Youth","Combo Hunt+Fish","Annual","","","False","Ages 10-17, same fee for residents and nonresidents.","https://www.azgfd.com/hunting/hunt-draw-and-licenses/","2026-08-28",""
"AZ","Short-term Combo License","Any","General","Combo Hunt+Fish","1-day","","","False","Purchaser selects the dates of validity; if bought for multiple days they need not be consecutive.","https://www.azgfd.com/hunting/hunt-draw-and-licenses/","2026-08-28",""
"CA","Resident Hunting License","Resident","General","General Hunting","Annual","1907","","False","Licence year July 1 - June 30. Earliest CA licences (1907-08) were issued as metal badges.","https://nrm.dfg.ca.gov/FileHandler.ashx?DocumentID=46104","2026-08-28",""
"CA","Nonresident Hunting License","Nonresident","General","General Hunting","Annual","","","False","Annual nonresident hunting licence.","https://nrm.dfg.ca.gov/FileHandler.ashx?DocumentID=46104","2026-08-28",""
"CA","Junior Hunting License","Any","Junior","General Hunting","Annual","","","False","Reduced fee; junior licence holders are exempt from several validations.","https://nrm.dfg.ca.gov/FileHandler.ashx?DocumentID=46104","2026-08-28",""
"CA","Two-Day Nonresident Hunting License","Nonresident","General","General Hunting","2-day","","","False","Valid for wild pig, non-game, small game and game birds only.","https://nrm.dfg.ca.gov/FileHandler.ashx?DocumentID=46104","2026-08-28",""
"CA","Reduced Fee Disabled Veteran Hunting License","Any","Veteran","General Hunting","Annual","","","False","For disabled veterans and recovering service members, if prequalified by CDFW.","https://nrm.dfg.ca.gov/FileHandler.ashx?DocumentID=46104","2026-08-28",""
"CA","Lifetime Hunting License","Resident","General","General Hunting","Lifetime","","","False","Lifetime holders may add the Lifetime Bird Hunting Privilege Package, which is exempt from the AB 614 validation surcharge.","https://nrm.dfg.ca.gov/FileHandler.ashx?DocumentID=46104","2026-08-28",""
"ID","Resident Hunting License","Resident","General","General Hunting","Annual","1906","","False","Calendar-year licence. A Depredation Management/Access fee applies to all annual licences.","https://idfg.idaho.gov/licenses/fees-resident","2026-08-28",""
"ID","Nonresident Hunting License","Nonresident","General","General Hunting","Annual","","","False","Calendar-year licence plus a mandatory access and depredation fee.","https://idfg.idaho.gov/licenses/fees-resident","2026-08-28",""
"ID","Resident Adult Combination License","Resident","General","Combo Hunt+Fish","Annual","","","False","Hunting plus fishing.","https://idfg.idaho.gov/licenses/fees-resident","2026-08-28",""
"ID","Resident Sportsman's Package","Resident","General","Sportsman","Annual","","","False","RESIDENTS ONLY. Combination licence plus tags for deer, elk, bear, mountain lion, wolf, turkey, salmon and steelhead; archery and muzzleloader are validated on the licence itself.","https://idfg.idaho.gov/licenses/fees-resident","2026-08-28",""
"ID","Junior Mentored Hunting License","Any","Junior","General Hunting","Annual","","","False","Junior mentored holders must be accompanied by an adult holding tags for the same species.","https://idfg.idaho.gov/licenses/fees-resident","2026-08-28",""
"ID","Junior Hunting Passport","Any","Junior","General Hunting","Annual","","","False","Entry-level junior credential; qualifies the holder for Mentored Extra tags.","https://idfg.idaho.gov/licenses/fees-resident","2026-08-28",""
"ID","Resident Disabled American Veteran (DAV) License","Resident","Veteran","General Hunting","Annual","","","False","Unlocks reduced-fee resident DAV tags for deer, elk, bear and turkey.","https://idfg.idaho.gov/licenses/fees-resident","2026-08-28",""
"ID","Nonresident DAV Hunting with 3-Day Fishing License","Nonresident","Veteran","Combo Hunt+Fish","Annual","","","False","Unlocks reduced-fee nonresident DAV tags.","https://idfg.idaho.gov/licenses/fees-resident","2026-08-28",""
"ID","Resident Trapping License","Resident","General","Trapping/Furbearer","Annual","","","False","Subject to the Depredation Management/Access fee.","https://idfg.idaho.gov/licenses/fees-resident","2026-08-28",""
"LA","Basic Hunting License (Resident)","Resident","General","General Hunting","Annual","1908","","False","Authorises taking any wild birds or quadrupeds. Valid 365 days. Separate Deer, Turkey and Waterfowl licences are required for those species.","https://www.wlf.louisiana.gov/page/hunting-licenses-permits-tags","2026-08-28",""
"LA","Basic Hunting License (Nonresident)","Nonresident","General","General Hunting","Annual","","","False","Nonresident version of the Basic Hunting Licence.","https://www.wlf.louisiana.gov/page/hunting-licenses-permits-tags","2026-08-28",""
"LA","Nonresident Basic Hunting 5-Day License","Nonresident","General","General Hunting","5-day","","","False","Valid five consecutive days; available for age 18 and older.","https://www.wlf.louisiana.gov/page/hunting-licenses-permits-tags","2026-08-28",""
"LA","Louisiana Sportsman's Paradise License (Resident)","Resident","General","Sportsman","Annual","","","False","Bundles Basic, Deer, Waterfowl and Turkey Hunting Licences, Basic and Saltwater Fishing Licences, and the WMA Access Permit.","https://www.wlf.louisiana.gov/page/hunting-licenses-permits-tags","2026-08-28",""
"LA","Nonresident Louisiana Sportsman's Paradise 5-Day (Blast & Cast) License","Nonresident","General","Sportsman","5-day","","","False","Nonresident five-day version of the Sportsman's Paradise bundle.","https://www.wlf.louisiana.gov/page/hunting-licenses-permits-tags","2026-08-28",""
"LA","Senior Hunting/Fishing License","Resident","Senior","Combo Hunt+Fish","Annual","","","False","Required instead of the standard licences for residents 60 and over. Covers Basic, Deer, Waterfowl and Turkey hunting, Basic and Saltwater fishing, and the WMA Access Permit. Free for residents born before June 1 1940.","https://www.wlf.louisiana.gov/page/hunting-licenses-permits-tags","2026-08-28",""
"LA","Youth Hunting License","Any","Youth","General Hunting","Annual","","","False","Required of all youth 17 and under actively harvesting deer or turkey, in a lottery hunt, or trapping. Spectating youth are exempt.","https://www.wlf.louisiana.gov/page/hunting-licenses-permits-tags","2026-08-28",""
"LA","Nonresident Native Hunting License","Nonresident","General","General Hunting","10-day","","","False","For people born in Louisiana who are no longer residents; valid ten consecutive days.","https://www.wlf.louisiana.gov/page/hunting-licenses-permits-tags","2026-08-28",""
"LA","Disabled Veterans Hunting and Fishing License","Resident","Veteran","Combo Hunt+Fish","Annual","","","False","No cost for veterans with a permanent service-connected disability rating of 50 percent or more. Includes basic and saltwater fishing, basic, deer, waterfowl and turkey hunting, and the WMA Access Permit.","https://www.wlf.louisiana.gov/page/hunting-licenses-permits-tags","2026-08-28",""
"LA","Lifetime Hunting License","Resident","General","Sportsman","Lifetime","","","False","Includes basic, deer, waterfowl and turkey hunting plus the WMA Access Permit. Available from the Baton Rouge office only.","https://www.wlf.louisiana.gov/page/hunting-licenses-permits-tags","2026-08-28",""
"OK","Resident Annual Hunting License","Resident","General","General Hunting","Annual","1909","","False","Base licence; separate species licences are required for deer, elk, antelope, bear and turkey.","https://www.wildlifedepartment.com/licensing/regs/license-fees","2026-08-28",""
"OK","Nonresident Annual Hunting License","Nonresident","General","General Hunting","Annual","","","False","Base nonresident hunting licence.","https://www.wildlifedepartment.com/licensing/regs/license-fees","2026-08-28",""
"OK","Youth Super Hunting License","Any","Youth","Sportsman","Annual","","","False","For hunters under 18; valid 365 days and covers any open season in that window. Required, with HIP, for youth waterfowl hunting.","https://www.wildlifedepartment.com/licensing/regs/license-fees","2026-08-28",""
"OK","Lifetime Hunting License","Resident","General","General Hunting","Lifetime","","2024","False","DISCONTINUED as of July 1 2024. Exempted holders from the annual hunting licence, Oklahoma waterfowl stamp, Wildlife Conservation Passport, fur licence, annual trapping licence, deer/elk/antelope/bear/turkey licences and controlled hunt permits.","https://www.wildlifedepartment.com/licensing/regs/license-fees","2026-08-28",""
"OK","Resident Lifetime Combination License","Resident","General","Combo Hunt+Fish","Lifetime","","","False","Covers basic hunting and fishing for life; species licences are still purchased annually where required.","https://www.wildlifedepartment.com/licensing/regs/license-fees","2026-08-28",""
"OK","Senior Citizen Lifetime Hunting License","Resident","Senior","General Hunting","Lifetime","","","False","Available to residents 65 or older, or those turning 65 during the calendar year; valid for life.","https://www.wildlifedepartment.com/licensing/regs/license-fees","2026-08-28",""
"OK","Disabled Veteran Lifetime License","Resident","Veteran","Combo Hunt+Fish","Lifetime","","","False","For resident disabled veterans certified by the Veterans Affairs Department; provides the same benefits as a resident lifetime combination licence.","https://www.wildlifedepartment.com/licensing/regs/license-fees","2026-08-28",""
"OR","Resident Annual Hunting License","Resident","General","General Hunting","Annual","1905","","False","Base Oregon hunting licence.","https://www.eregulations.com/oregon/hunting/license-tag-permit-fees","2026-08-28",""
"OR","Nonresident Annual Hunting License","Nonresident","General","General Hunting","Annual","","","False","Base nonresident hunting licence.","https://www.eregulations.com/oregon/hunting/license-tag-permit-fees","2026-08-28",""
"OR","Resident Combination Hunting and Angling License","Resident","General","Combo Hunt+Fish","Annual","","","False","Residents only; requires six months' proof of Oregon residency.","https://www.eregulations.com/oregon/hunting/license-tag-permit-fees","2026-08-28",""
"OR","Resident Sports Pac License","Resident","General","Sportsman","Annual","","","False","Bundles hunting, angling and shellfish licences with deer, elk, bear and cougar tags and the upland bird validation.","https://www.eregulations.com/oregon/hunting/license-tag-permit-fees","2026-08-28",""
"OR","Senior Hunting License","Resident","Senior","General Hunting","Annual","","","False","Age 70 and an Oregon resident for at least 5 years.","https://www.eregulations.com/oregon/hunting/license-tag-permit-fees","2026-08-28",""
"OR","Senior Combination License","Resident","Senior","Combo Hunt+Fish","Annual","","","False","Age 70 and an Oregon resident for at least 5 years.","https://www.eregulations.com/oregon/hunting/license-tag-permit-fees","2026-08-28",""
"OR","Pioneer Combination License","Resident","Senior","Combo Hunt+Fish","Annual","","","False","Age 65 and an Oregon resident for at least 50 years; includes hunting, fishing and the Columbia River Basin Endorsement. Available only at ODFW offices.","https://www.eregulations.com/oregon/hunting/license-tag-permit-fees","2026-08-28",""
"OR","Youth License (Ages 12-17)","Any","Youth","Combo Hunt+Fish","Annual","","","False","Includes angling, hunting, shellfish and the Columbia River Basin Endorsement.","https://www.eregulations.com/oregon/hunting/license-tag-permit-fees","2026-08-28",""
"OR","Youth Sports Pac","Resident","Youth","Sportsman","Annual","","","False","Youth version of the Sports Pac bundle.","https://www.eregulations.com/oregon/hunting/license-tag-permit-fees","2026-08-28",""
"OR","Youth Game Bird Hunting License (Ages 11 and Under)","Any","Youth","General Hunting","Annual","","","False","No fee.","https://www.eregulations.com/oregon/hunting/license-tag-permit-fees","2026-08-28",""
"OR","Uniformed Services Hunting License","Any","Military","General Hunting","Annual","","","False","Reduced-fee licence for uniformed service members.","https://www.eregulations.com/oregon/hunting/license-tag-permit-fees","2026-08-28",""
"OR","Disabled Veteran Combination Hunting and Fishing License","Resident","Veteran","Combo Hunt+Fish","Annual","","","False","Free to resident disabled veterans; includes the Columbia River Basin Endorsement.","https://www.eregulations.com/oregon/hunting/license-tag-permit-fees","2026-08-28",""
"OR","Resident Hunt Fur-Bearers License","Resident","General","Trapping/Furbearer","Annual","","","False","Fur-bearer hunting and trapping licence.","https://www.eregulations.com/oregon/hunting/license-tag-permit-fees","2026-08-28",""
"OR","Nonresident Fur-Takers Hunt/Trap License","Nonresident","General","Trapping/Furbearer","Annual","","","False","Nonresident fur-taker licence.","https://www.eregulations.com/oregon/hunting/license-tag-permit-fees","2026-08-28",""
"UT","Resident Hunting License","Resident","General","General Hunting","Annual","1908","","False","Required to hunt game animals in Utah. Valid 365 days from purchase. Permits are separate documents from licences.","https://wildlife.utah.gov/fees","2026-08-28",""
"UT","Nonresident Hunting License","Nonresident","General","General Hunting","Annual","","","False","Nonresident licence fees increased July 1 2025 under legislation funding winter-range land purchases.","https://wildlife.utah.gov/fees","2026-08-28",""
"UT","Resident Combination License","Resident","General","Combo Hunt+Fish","Annual","","","False","Serves as both a hunting licence and a fishing licence.","https://wildlife.utah.gov/fees","2026-08-28",""
"UT","Nonresident Combination License","Nonresident","General","Combo Hunt+Fish","Annual","","","False","Serves as both a hunting licence and a fishing licence.","https://wildlife.utah.gov/fees","2026-08-28",""
"UT","Multiyear Hunting License","Any","General","General Hunting","Multi-year","","","False","Multiyear option valid longer than the standard 365 days.","https://wildlife.utah.gov/fees","2026-08-28",""
"WA","Resident Small Game Hunting License","Resident","General","General Hunting","Annual","1901","","False","Licence year April 1 - March 31. Covers upland birds and small mammals; turkey requires a transport tag.","https://wdfw.wa.gov/licenses/hunting","2026-08-28",""
"WA","Nonresident Small Game Hunting License","Nonresident","General","General Hunting","Annual","","","False","Flat rate regardless of species hunted.","https://wdfw.wa.gov/licenses/hunting","2026-08-28",""
"WA","Small Game 3-Day License","Any","General","General Hunting","3-day","","","False","Short-term small game option, often the practical choice for a short visit.","https://wdfw.wa.gov/licenses/hunting","2026-08-28",""
"WA","Resident Big Game License - Deer","Resident","General","Big Game","Annual","","","False","Washington sells big game as bundled species packages rather than standalone tags.","https://wdfw.wa.gov/licenses/hunting","2026-08-28",""
"WA","Resident Big Game License - Elk","Resident","General","Big Game","Annual","","","False","Elk-only big game package.","https://wdfw.wa.gov/licenses/hunting","2026-08-28",""
"WA","Resident Big Game License - Deer and Elk","Resident","General","Big Game","Annual","","","False","Combined deer and elk package.","https://wdfw.wa.gov/licenses/hunting","2026-08-28",""
"WA","Resident Big Game License - Deer, Elk, Bear and Cougar","Resident","General","Big Game","Annual","","","False","Full big game combination; bear and cougar are included at no additional charge.","https://wdfw.wa.gov/licenses/hunting","2026-08-28",""
"WA","Nonresident Big Game License - Deer, Elk, Bear and Cougar","Nonresident","General","Big Game","Annual","","","False","Nonresident full big game combination.","https://wdfw.wa.gov/licenses/hunting","2026-08-28",""
"WA","National or State Guard Free Licensing Package","Resident","Military","Sportsman","Annual","","","False","Free annual package for eligible Washington National or State Guard members; includes a big game licence and a small game licence with migratory bird permit.","https://wdfw.wa.gov/licenses/hunting","2026-08-28",""
"HI","Resident Hunting License","Resident","General","General Hunting","Annual","","","False","Required of anyone 15 or older to hunt any game bird or mammal on public or private land. Valid from purchase through 30 June. Includes the Wildlife Conservation Stamp for game mammal hunting.","https://outdoor.hawaii.gov/hunting/licensing/","2026-08-28",""
"HI","Non-Resident Hunting License","Nonresident","General","General Hunting","Annual","","","False","Also includes the Wildlife Conservation Stamp. First-time nonresidents must first obtain a Letter of Exemption, free with an out-of-state hunter education card or a Hawaii licence issued before 1 July 1990.","https://outdoor.hawaii.gov/hunting/licensing/","2026-08-28",""
"ND","Resident Small Game License","Resident","General","General Hunting","Annual","","","False","Bought on top of the Fishing/Hunting/Furbearer Certificate and the General Game and Habitat License.","https://gf.nd.gov/hunting/licensing","2026-08-28",""
"ND","Nonresident Small Game License","Nonresident","General","General Hunting","Annual","","","False","Nonlottery purchase path. PLOTS and WMA first-week pheasant restrictions apply.","https://gf.nd.gov/hunting/licensing","2026-08-28",""
"ND","Fishing, Hunting and Furbearer Certificate","Any","General","Other","Annual","","","False","PREREQUISITE. Required to hunt or fish in ND except spring light goose and early Canada goose. One per licensee per year.","https://gf.nd.gov/hunting/licensing","2026-08-28",""
"ND","General Game and Habitat License","Any","General","Other","Annual","","","False","PREREQUISITE. Required for all hunting licences except furbearer, nongame, spring light goose and early Canada goose. One per licensee per year.","https://gf.nd.gov/hunting/licensing","2026-08-28",""
"ND","Combination License","Resident","General","Combo Hunt+Fish","Annual","","","False","Bundles the certificate, general game and habitat licence and small game/fishing privileges.","https://gf.nd.gov/hunting/licensing","2026-08-28",""
"ND","Gratis License","Resident","General","General Hunting","Annual","","","False","Landowner gratis licence. Gratis holders need only the gratis licence - no certificate or habitat licence required.","https://gf.nd.gov/hunting/licensing","2026-08-28",""
"ND","Apprentice Hunter Validation","Any","Apprentice","General Hunting","Annual","","","False","For those 12 and older who have not taken hunter education; allows small game (incl. waterfowl) and deer for one licence year, renewable once.","https://gf.nd.gov/hunting/licensing","2026-08-28",""
"ND","Nonresident Waterfowl License","Nonresident","General","Waterfowl/Migratory","Annual","","","False","Zone-restricted, sold as two 7-day periods.","https://gf.nd.gov/hunting/licensing","2026-08-28",""
"ND","Nonresident Nongame License","Nonresident","General","Other","Annual","","","False","Nonresidents hunting only unprotected species need only this licence.","https://gf.nd.gov/hunting/licensing","2026-08-28",""
"ND","Resident Furbearer License","Resident","General","Trapping/Furbearer","Annual","","","False","Exempt from the General Game and Habitat License requirement.","https://gf.nd.gov/hunting/licensing","2026-08-28",""
"NE","Resident Hunt (Small Game) Permit","Resident","General","General Hunting","Annual","","","False","Covers upland game birds, rabbits, squirrels, doves, other webless migratory birds and waterfowl. Requires a Habitat Stamp; waterfowl needs a second stamp. 3-year and 5-year versions sold.","https://outdoornebraska.gov/permits/hunting-permits/","2026-08-28",""
"NE","Nonresident Hunt (Small Game) Permit","Nonresident","General","General Hunting","Annual","","","False","3-year and 5-year versions also sold.","https://outdoornebraska.gov/permits/hunting-permits/","2026-08-28",""
"NE","Nonresident 2-Day Hunt Permit","Nonresident","General","General Hunting","2-day","","","False","Short-term small game option.","https://outdoornebraska.gov/permits/hunting-permits/","2026-08-28",""
"NE","Nonresident Youth Hunt Permit","Nonresident","Youth","General Hunting","Annual","","","False","Priced at the resident annual rate.","https://outdoornebraska.gov/permits/hunting-permits/","2026-08-28",""
"NE","Resident Combination Hunt/Fish Permit","Resident","General","Combo Hunt+Fish","Annual","","","False","Combo hunt permits do NOT include big game or turkey. Habitat stamps are included in certain combo and multi-year small game permits.","https://outdoornebraska.gov/permits/hunting-permits/","2026-08-28",""
"NE","Lifetime Hunt Permit","Resident","General","General Hunting","Lifetime","","","False","A $3 agent issuing fee is included in all permits except the Lifetime Habitat and Migratory Waterfowl Stamps.","https://outdoornebraska.gov/permits/hunting-permits/","2026-08-28",""
"NE","Lifetime Hunt/Fish Permit","Resident","General","Combo Hunt+Fish","Lifetime","","","False","Includes the $300 Lifetime Aquatic Habitat Stamp.","https://outdoornebraska.gov/permits/hunting-permits/","2026-08-28",""
"NE","Resident 69-and-Older Senior Permit","Resident","Senior","Combo Hunt+Fish","Annual","","","False","Holders are exempt from the Habitat Stamp for antelope, deer and turkey; the permit must be carried while hunting.","https://outdoornebraska.gov/permits/hunting-permits/","2026-08-28",""
"NE","Resident 64-and-Older Veteran Permit","Resident","Veteran","Combo Hunt+Fish","Annual","","","False","Exempt from the Habitat Stamp for antelope, deer and turkey.","https://outdoornebraska.gov/permits/hunting-permits/","2026-08-28",""
"NE","Controlled Shooting Area License","Any","General","General Hunting","Annual","","","False","Resident and nonresident versions sold at different rates.","https://outdoornebraska.gov/permits/hunting-permits/","2026-08-28",""
"NM","Resident Game-Hunting License","Resident","General","General Hunting","Annual","","","False","Base licence. Must be paired with the Habitat Management & Access Validation and, for federal public land, the Habitat Stamp. Licence year 1 April - 31 March. Fees rose 1 April 2026 under Senate Bill 5, the first increase in over 20 years.","https://www.eregulations.com/newmexico/hunting/hunting-licenses-and-fees","2026-08-28",""
"NM","Nonresident Game-Hunting License","Nonresident","General","General Hunting","Annual","","","False","Also requires HMAV and Habitat Stamp. Nonresidents may buy over-the-counter licences for bear, cougar, turkey, javelina, Barbary sheep, ibex and private-land deer without entering the draw.","https://www.eregulations.com/newmexico/hunting/hunting-licenses-and-fees","2026-08-28",""
"NM","Resident Game-Hunting and Fishing License","Resident","General","Combo Hunt+Fish","Annual","","","False","Combined hunting and fishing licence.","https://www.eregulations.com/newmexico/hunting/hunting-licenses-and-fees","2026-08-28",""
"NM","Junior Game-Hunting License","Any","Junior","General Hunting","Annual","","","False","Reduced fee, age 17 and younger at time of purchase. Resident and nonresident versions.","https://www.eregulations.com/newmexico/hunting/hunting-licenses-and-fees","2026-08-28",""
"NM","Junior Game-Hunting and Fishing License","Resident","Junior","Combo Hunt+Fish","Annual","","","False","Reduced-fee junior combination.","https://www.eregulations.com/newmexico/hunting/hunting-licenses-and-fees","2026-08-28",""
"NM","Senior Game-Hunting and Fishing License","Resident","Senior","Combo Hunt+Fish","Annual","","","False","Reduced fee for qualifying resident seniors; residents 70 and older receive a free game hunting licence.","https://www.eregulations.com/newmexico/hunting/hunting-licenses-and-fees","2026-08-28",""
"NM","Handicapped Game-Hunting and Fishing License","Resident","Disabled","Combo Hunt+Fish","Annual","","","False","Reduced fee for NM residents with a permanent disability under the ADA. Holders must still buy the Habitat Stamp and HMAV.","https://www.eregulations.com/newmexico/hunting/hunting-licenses-and-fees","2026-08-28",""
"NM","Disabled Veteran Game-Hunting and Fishing License","Resident","Veteran","Combo Hunt+Fish","Annual","","","False","Reduced fee. Resident veterans with 100 percent service-connected disability may qualify for a free lifetime licence.","https://www.eregulations.com/newmexico/hunting/hunting-licenses-and-fees","2026-08-28",""
"NM","4-Day Temporary Game-Hunting License","Nonresident","General","General Hunting","3-day","","","False","Nonresident only, four consecutive days. Duration recorded as the nearest controlled value; the product is a 4-day licence.","https://www.eregulations.com/newmexico/hunting/hunting-licenses-and-fees","2026-08-28",""
"NM","Junior Trapper License","Any","Junior","Trapping/Furbearer","Annual","","","False","Reduced-fee junior trapping licence.","https://www.eregulations.com/newmexico/hunting/hunting-licenses-and-fees","2026-08-28",""
"NV","Resident Adult Hunt/Fish Combination License","Resident","General","Combo Hunt+Fish","Annual","","","False","Age 18 and older. Valid 365 days from purchase rather than by calendar year.","https://www.eregulations.com/nevada/hunting/small-game/licenses-tags-stamp-fees","2026-08-28",""
"NV","Resident Hunting License","Resident","General","General Hunting","Annual","","","False","Hunting-only resident licence. Big game requires a separate draw tag; a licence alone does not confer big game privileges.","https://www.eregulations.com/nevada/hunting/small-game/licenses-tags-stamp-fees","2026-08-28",""
"NV","Youth Hunt/Fish Combination License","Any","Youth","Combo Hunt+Fish","Annual","","","False","Ages 12-17, same fee for residents and nonresidents.","https://www.eregulations.com/nevada/hunting/small-game/licenses-tags-stamp-fees","2026-08-28",""
"NV","Nonresident Hunt/Fish Combination License","Nonresident","General","Combo Hunt+Fish","Annual","","","False","The standard nonresident option; there is no separate nonresident hunting-only licence.","https://www.eregulations.com/nevada/hunting/small-game/licenses-tags-stamp-fees","2026-08-28",""
"NV","Apprentice Hunting License","Any","Apprentice","General Hunting","Annual","","","False","Age 12 and older for those still completing hunter education. Sold only at NDOW offices.","https://www.eregulations.com/nevada/hunting/small-game/licenses-tags-stamp-fees","2026-08-28",""
"NV","Senior Specialty Combination License","Resident","Senior","Combo Hunt+Fish","Annual","","","False","Residents 65 and older with at least six months residency.","https://www.eregulations.com/nevada/hunting/small-game/licenses-tags-stamp-fees","2026-08-28",""
"NV","Resident Native American Specialty Combination License","Resident","General","Combo Hunt+Fish","Annual","","","False","Established under NRS 502.280, which also sets big game tag requirements and tribal consultation provisions.","https://www.leg.state.nv.us/nrs/NRS-502.html","2026-08-28",""
"NV","Armed Forces Specialty Combination License","Resident","Military","Combo Hunt+Fish","Annual","","","False","Under NRS 502.290, for Nevada residents in the armed forces not stationed in Nevada.","https://www.leg.state.nv.us/nrs/NRS-502.html","2026-08-28",""
"NV","Disabled Veteran Combination License","Resident","Veteran","Combo Hunt+Fish","Annual","","","False","Free to residents of six months or more certified by the VA at 50 percent or more service-connected disability.","https://www.eregulations.com/nevada/hunting/small-game/licenses-tags-stamp-fees","2026-08-28",""
"SD","Resident Small Game License","Resident","General","General Hunting","Annual","","","False","Base hunting credential: pheasant, grouse, partridge, quail, cottontail and tree squirrel, plus predator/varmint species. Requires a Habitat Stamp for anyone 18 or older.","https://gfp.sd.gov/license-types/","2026-08-28",""
"SD","Nonresident Small Game License","Nonresident","General","General Hunting","Annual","","","False","Nonresident pheasant licences are not numerically capped but are priced above resident rates.","https://gfp.sd.gov/license-types/","2026-08-28",""
"SD","1-Day Resident Small Game License","Resident","General","General Hunting","1-day","","","False","No Habitat Stamp required, and exempt from the $6 legislative surcharge.","https://gfp.sd.gov/license-types/","2026-08-28",""
"SD","Resident Combination License","Resident","General","Combo Hunt+Fish","Annual","","","False","Age 19 or over. Fishing plus small game. Does NOT include the State Migratory Bird Certificate or furbearer/trapping privileges.","https://gfp.sd.gov/license-types/","2026-08-28",""
"SD","Resident Senior Combination License","Resident","Senior","Combo Hunt+Fish","Annual","","","False","Residents 65 or over must buy this rather than the standard combination.","https://gfp.sd.gov/license-types/","2026-08-28",""
"SD","Resident Junior Combination License","Resident","Junior","Combo Hunt+Fish","Annual","","","False","Residents aged 16 to 18 must buy this rather than the standard combination.","https://gfp.sd.gov/license-types/","2026-08-28",""
"SD","Youth Small Game License","Any","Youth","General Hunting","Annual","","","False","No Habitat Stamp required and exempt from the $6 surcharge.","https://gfp.sd.gov/license-types/","2026-08-28",""
"SD","Landowner Hunting License","Resident","General","General Hunting","Annual","","","False","Landowners are exempt from the Habitat Stamp when hunting their own land.","https://gfp.sd.gov/license-types/","2026-08-28",""
"SD","Reduced Fee Disabled License","Resident","Disabled","General Hunting","Annual","","","False","No Habitat Stamp required. Resident veterans qualify via a 40 percent or greater service-connected disability allotment or a VA 'K' Award.","https://gfp.sd.gov/license-types/","2026-08-28",""
"SD","Predator/Varmint License","Any","General","General Hunting","Annual","","","False","Coyote, fox, skunk, raccoon, badger, prairie dog, ground squirrel, crow, jackrabbit, porcupine and marmot. Exempt from the $6 surcharge.","https://gfp.sd.gov/license-types/","2026-08-28",""
"SD","Furbearer License","Any","General","Trapping/Furbearer","Annual","","","False","Trapping privileges; exempt from the $6 legislative surcharge.","https://gfp.sd.gov/license-types/","2026-08-28",""
"SD","Private Shooting Preserve License","Any","General","General Hunting","Annual","","","False","No Habitat Stamp required.","https://gfp.sd.gov/license-types/","2026-08-28",""
